"分類: NDC","棚番号-段","タイトル","編著者","発行者","発行年","言語","注記：原著名／仮訳、ISBN等","貴重書","タグ"
"","","","","","","","","",""
"175.8","01-1","神宮御杣山の変遷に関する研究","木村 政生 著","国書刊行会","2001.3","","","",""
"462.136","01-1","明治神宮境内総合調査報告書　(別冊 (20枚) : 付表・付図)","明治神宮境内総合調査委員会 編","明治神宮社務所","1980.11","","別冊 (表28・図2枚(明治神宮境内現存植生図・潜在植生図) )","",""
"175.9361","01-1","明治神宮叢書  第13巻(造営編 2) : 明治神宮造営誌 明治神宮御境内林苑計画","明治神宮 編","明治神宮社務所 出版、発行:国書刊行会","2004.7","","折り込11枚","",""
"175.9361","01-1","明治神宮叢書  第14巻(造営編 3) : 明治神宮外苑志 明治神宮外苑造営奉賛佳話　","明治神宮 編","明治神宮社務所 出版、発行:国書刊行会","2003.7","","折り込18枚","",""
"175.962","01-1","石清水八幡宮史料叢書 第1 (男山考古録) ","**","石清水八幡宮社務所(京都)","1960","","","",""
"175.962","01-1"," 石清水八幡宮史料叢書 2 (縁起・託宣・告文) ","**","石清水八幡宮社務所(京都)","1976","","","",""
"175.962","01-1"," 石清水八幡宮史料叢書 3 (臨放記) ","**","石清水八幡宮社務所(京都)","1972","","","",""
"175.962","01-1"," 石清水八幡宮史料叢書 4 (年中神事・服忌・社参) ","**","石清水八幡宮社務所(京都)","1973","","","",""
"175.962","01-1"," 石清水八幡宮史料叢書 5 (造営・遷宮・回禄) ","**","石清水八幡宮社務所(京都)","1975","","","",""
"175.962","01-1","続石清水八幡宮史料叢書 1 (田中家文書目録 1) ","石清水八幡宮 (京都府八幡市)","石清水八幡宮社務所(京都)","1985","","","",""
"175.962","01-1","続石清水八幡宮史料叢書 2 (田中家文書目録 2) ","石清水八幡宮 (京都府八幡市)","石清水八幡宮社務所(京都)","1996","","","",""
"175.962","01-1","続石清水八幡宮史料叢書 3 (菊大路家文書目録) ","石清水八幡宮 (京都府八幡市)","石清水八幡宮社務所(京都)","1988","","","",""
"188.85","01-1","増補 妙心寺史","川上孤山 著、荻須純道 補述","思文閣(京都)","1975","","『妙心寺史』 (768p) は初版 (大正年間) の複製","",""
"188.45","01-1","日光山輪王寺史","日光山史編纂室 編","日光山輪王寺門跡教化部 ","1967.1","","校訂増補再版","",""
"","","","","","","","","",""
"","","","","","","","","",""
"629.21","01-2","中世庭園文化史 : 大乗院庭園の研究　　(奈良国立文化財研究所学報  第6冊)","森 蘊 著","奈良国立文化財研究所","1959.2","","","",""
"629.21","01-2","室町時代庭園史","外山 英策 著","思文閣(京都)","1973","","外山 英策, 1888-1953
岩波書店昭和9年刊の複製 ","",""
"629.21","01-2","日本庭園史圖鑑  ４　室町時代 2","重森 三玲 著","有光社","1938(昭和13.12)","","","",""
"629.21","01-2","日本庭園史圖鑑  ５　桃山時代 1 ","重森 三玲 著","有光社","1938(昭和13.1)","","","",""
"629.21","01-2","日本庭園史 : 昭和初期ころの回想","吉永 義信 著","小学館","1985.7","","吉永 義信, 1895-1985","",""
"629.21","01-2","日本庭園史新論","大山 平四郎 著","平凡社","1987.3","","大山 平四郎, 1917-","",""
"629","01-2","にわ　ー日本庭園史考","江幡 潤 著","祥文社","1976.2","","","",""
"629.21","01-2","日本庭園に於ける流派の研究","重森 完途 著 ; 重森完途遺稿集刊行会 編","龍居庭園研究所","1993.12","","重森完途作品経歴書 : 重森完途庭園関係著作目録","",""
"629.21","01-2","日本庭園要説","長谷川 正海 著","白川書院(京都)","1977.8","","長谷川 正海, 1911-","",""
"629.21","01-2","詳解 日本庭園図説","吉河 功 著","有明書房","1973","","","",""
"629.21","01-2","作庭記","田村 剛 著","相模書房","1964.5","","藤原 良経, 1169-1206
田村 剛, 1890-1979","",""
"629.21","01-2","古庭園のみかた : 美と構成","吉川 需 著","第一法規出版","1968","","吉川 需, 1916-1995","",""
"629.21","01-2","集成・日本の古庭園　上巻","岡崎 文彬 著","同朋舎出版(京都)","1985.9","","","",""
"629.21","01-2","集成・日本の古庭園　下巻","岡崎 文彬 著","同朋舎出版(京都)","1985.9","","","",""
"629.21","01-2","日本の庭園       (日本美図絵 4)","龍居 松之助 編","河出書房 	","1955.3","","","",""
"629.21","01-2","日本の庭園","吉永 義信 著","彰国社","1958","","解説は英文併記 ","",""
"629.21","01-2","日本の庭","伊藤 ていじ,  岩宮 武二,  亀倉 雄策 著","中央公論社","1971","","","",""
"629.21","01-2","日本庭園","吉村 巌 著","朝倉書店","1959","","吉村 巌, 1900-1970","",""
"629.21","01-2","日本の庭園   ","森 蘊 著","吉川弘文館","1964.11
1967.7(３版)","","","",""
"","","","","","","","","",""
"","","","","","","","","",""
"629.033","01-3","造園修景大事典 1-9
   1 あーおしみ, 2 おしめーくる, 3 くれーしかい, 4 しかこーすそ, 5 すたーつ, 6 てーはしも, 7 はしゅーまつし, 8 まったーわ, 9 索引・資料","造園修景大事典編集委員会 編","同朋舎出版（京都）","1980-","","","",""
"629.21","01-3","作庭記秘抄","久恒 秀治 著","誠文堂新光社","1979.9","","","",""
"629.21","01-3","「作庭記」からみた造園　(SD叢書 193)","飛田 範夫 著","鹿島出版会","1985.6","","","",""
"629.21","01-3","「作庭記」の世界 : 平安朝の庭園美　(NHKブックス カラー版 C27)","森 蘊 著,  撮影: 小野成視","日本放送出版協会","1986.3","","森 蘊, 1905-1988
「作庭記」関係年表: p212～217 ","",""
"629.21","01-3","Sakuteiki : the book of garden ","[translator, Shigemaru Shimoyama] (下山 重丸)","Town & City Planners","1976","英語","","",""
"629.22","01-3","園冶","計無否 (計成(明代)) 著, 橋川 時雄 解説","渡辺書店","1970.1","","隆盛堂梓行「木経全書」本の複製,  箱","",""
"629.222","01-3","園冶研究","佐藤 昌 著","日本造園修景協会東洋庭園研究会","1986.9","","佐藤 昌, 1903-2003","",""
"629.22","01-3","解説 園冶    (造園古書叢書 10)","計成 著(明代), 上原 敬二 編","加島書店","1972","","上原 敬二, 1889-1981
ISBN: 9784760012107","",""
"629.21","01-3","図解　庭造法","本多 錦吉郎 著, ジョサイア・コンドル 英文解説","マール社","2007.8","","本多 錦吉郎, 1850-1921
Conder Josiah, 1852-1920","",""
"629.21","01-3","Landscape gardening in Japan : By Josiah Conder F.R.I.B.A., With numerous illustrations","by Josiah Conder ","Kelly & Walsh (Yokohama),  printed by the Hakubunsha (Ginza) ","1893","英語","2v.
Josiah Conder, 1852-1920","",""
"629.21","01-3","Supplement to Landscape gardening in Japan : by Josiah Conder F.R.I.B.A., with collotypes by K. Ogawa","by Josiah Conder ; with collotypes by K. Ogawa","Published and sold by Kelly & Walsh (Yokohama),  printed by the Hakubunsha (Ginza) ","1893","英語","Josiah Conder, 1852-1920
小川 一真, 1860-1929 ","",""
"629.21","01-3","Landscape Gardening in Japan : The 100-Year-Old Classic : with the auther's 1912 supplement to Landscape gardening in Japan
　(別タイトル：日本庭園入門)","by Josiah Conder, foreword by Azby Brown, afterword by Terunobu Fujimori","Kodansya International Ltd.
講談社インターナショナル","2002.4","英語","英文のみ。1893の復刻。藤森照信氏による「ジョサイア･コンドルと日本」も巻末に収録。","",""
"","","","","","","","","",""
"","","","","","","","","",""
"523.35","01-4","ヴェルサイユ宮殿     Chateau de Versailles ","Sanjiro Minamikawa (南川 三治郎) 著, 監修: ベアトリックス・ソウル, 清水 敏男","黙出版（株）","2001.1","日本語, 英文併記","写真集(付:ﾘｽﾄ)+解説の2分冊, 外箱入
ISBN: 4-900682-54-3","",""
"629.234","01-4","Andeutungen über Landschaftsgärtnerei : verbunden mit der Beschreibung ihrer praktischen Anwendung in Muskau","Hermann von Pückler Muskau ; mit Kimmentaren von Anne Schäfer und Steffi Wendel","Deutsche Verlags-Anstalt","1996(1987)","ドイツ語","ISBN:3421028729
Plates, Text, Kommentare and maps in box
「ヘルマン・フォン・ピュックラー＝ムスカウの庭園手彩色の地図帳","貴重書",""
"291.62","01-4","京郊名勝　　(和装本, 布帙)","京都府","京都府","1928.11","","高御座/ 第一, 京都皇宮建礼門/ 第二, 京都皇宮紫宸殿/ 第三, 京都皇宮清涼殿/ 第四, 京都皇宮御池庭/ 第五, 仙洞御所御庭其一/ 第六, ・・・・・



","",""
"629.21","01-4","日本の名園","重森 三玲 著,  大橋 治三 撮影","誠文堂新光社","1969","","限定版 ","",""
"","","","","","","","","",""
"","","","","","","","","",""
"121.9","01-5","風土 : 人間学的考察","和辻 哲郎 (1889-1960) 著","岩波書店","1963","","改版","",""
"219.9","01-5","〈流求国〉と〈南島〉 : 古代の日本史と沖縄史　　(シリーズ沖縄史を読み解く 2)","来間 泰男 著","日本経済評論社","2012.10","","","",""
"291.99","01-5","大琉球島航海記     (増補改訂版)","バズィル・ホール著(Hall, Basil),  須藤 利一 訳","琉球新報社","1955.10","","","",""
"291.99","01-5","ペルリ提督 琉球訪問記","神田 精輝 訳,  Perry, Matthew Calbraith (1794-1858)","神田精輝 (大分県杵築町),  国書刊行会","1926(大正15)","","","",""
"726.501","01-5","おかしなジパング図版帖 = Jipangu Unseen, yet Curiously Portrayed by Arnoldus Montanus ：オンタヌスが描いた驚異の王国　","宮田 珠巳 著","PIE : パイインターナショナル","2013.4","","","",""
"291.09","01-5","イザベラ･バード『日本奥地紀行』を歩く　(楽学ブックス  文学歴史 11)","金沢 正脩 著","JTBパブリッシング","2010.1","","","",""
"291.099","01-5","日本奥地紀行　(東洋文庫 240)","イザベラ･バード著 (Bird, Isabella Lucy, 1831-1904)、高梁 健吉 訳","平凡社","1973　","","","",""
"291.099","01-5","江戸参府旅行日記　(東洋文庫 303)","ケンペル著 (Kaempfer, Engelbert, 1651-1716)、斎藤 信 訳","平凡社","1977.2","","","",""
"291.09","01-5","フェノロサ夫人の日本日記 ー世界一周･京都へのハネムーン、1896年　(シリーズ  人と文化の探求 4)","フェノロサ夫人 著 (Fenollosa, Mary McNeil),  村形 明子 編訳","ミネルヴァ書房","2008.12","","Fenollosa, Mary McNeil, 1865-1954","",""
"210.48","01-5","完訳フロイス日本史  1～3  (織田信長篇 1-3)　　　(中公文庫)","ルイス・フロイス (Fróis, Luís) [著],  松田 毅一, 川崎 桃太 訳","中央公論新社","2000.1","","Fróis, Luís,  -1597","",""
"210.48","01-5","完訳フロイス日本史   4～5  (豊臣秀吉篇 1-2)　　　(中公文庫)","ルイス・フロイス (Fróis, Luís) [著],  松田 毅一, 川崎 桃太 訳","中央公論新社","2000.4","","","",""
"210.48","01-5","完訳フロイス日本史   6～8  (大友宗麟篇 1-3)　　　(中公文庫)","ルイス・フロイス (Fróis, Luís) [著],  松田 毅一, 川崎 桃太 訳","中央公論新社","2000.6","","","",""
"210.48","01-5","完訳フロイス日本史   9～12  (大村純忠・有馬晴信篇 1-4)　　　(中公文庫)","ルイス・フロイス (Fróis, Luís) [著],  松田 毅一, 川崎 桃太 訳","中央公論新社","2000.9","","","",""
"291.09","01-5","イザベラ・バードの日本紀行  上・下　　(講談社学術文庫)","イザベラ・バード 著, 時岡 敬子 訳","講談社","2008.4","","Bird, Isabella Lucy, 1831-1904","",""
"291.09","01-5","幕末日本探訪記 : 江戸と北京        (講談社学術文庫)","ロバート・フォーチュン 著, 三宅 馨 訳","講談社","1997.12","","Fortune, Robert, 1813-1880 ( 00439885 )","",""
"210.67","01-5","英国貴族の見た明治日本　(原タイトル: The Garter mission to Japan )","A.B.ミットフォード著、長岡 祥三 訳","新人物往来社","1986.7","","","",""
"210.52","01-5","ケンペルのみた日本　(NHKブックス 762)","ヨーゼフ･クライナー著 ( Kreiner, Josef)","日本放送出版協会","1996.3","","Kreiner, Josef, 1940-　","",""
"291.09","01-5","ゴードン･スミスの見た明治の日本  : 日露戦争と大和魂 　(角川選書　411)","伊井 春樹 著","角川学芸出版、角川グループパブリッシング","2007.7","","","",""
"361.5","01-5","風土の日本 : 自然と文化の通態　(原タイトル: Le sauvage et l'artifice )","オギュスタン･ベルク著、篠田 勝英 訳","筑摩書房","1988.9","","Berque, Augustin, 1942- ","",""
"290.1 ","01-5","風土学序説 : 文化をふたたび自然に、自然をふたたび文化に　　( 原タイトル: Écoumène ） ","オギュスタン･ベルク著 (Berque, Augustin, 1942-)、中山 元 訳","筑摩書房","2002.1","","","",""
"290.13","01-5","日本の風景・西欧の景観 : そして造景の時代 　(講談社現代新書)","オギュスタン･ベルク著 (Berque, Augustin, 1942-)","講談社","1990.6","","","",""
"361.5","01-5","空間の日本文化","オギュスタン･ベルク (Berque, Augustin) 著, 宮原 信 訳","筑摩書房","1985.6",""," (Berque, Augustin, 1942-)","",""
"361.78","01-5","都市のコスモロジー : 日・米・欧都市比較      (講談社現代新書)","オギュスタン・ベルク(Berque, Augustin) 著,  篠田 勝英 訳","講談社","1993.11","","Berque, Augustin, 1942-","",""
"302.1","01-5","犬と鬼 : 知られざる日本の肖像","アレックス・(Kerr, Alex) 著","講談社","2002.4","","","",""
"629.4132","01-5","日光観光物語 : 自然風景地の美と用を求めて ","永嶋 正信 著","東京農業大学出版会","1992.12","","","",""
"210.37","01-5","藤原道長「御堂関白記」を読む       (講談社学術文庫  2790)","倉本 一宏 著","講談社","2023.11","","","",""
"210.37","01-5","紫式部と藤原道長       (講談社現代新書)","倉本 一宏 著","講談社","2023.9","","","",""
"322.14","01-5","御成敗式目 : 鎌倉武士の法と生活       (中公新書  2761)","佐藤 雄基 著","中央公論新社","2023.7","","","",""
"289.1","01-5","信長公記 : 戦国覇者の一級史料　　(中公新書  2503)","和田 裕弘 著","中央公論新社","2018.8","","","",""
"289.1","01-5","信長公記 : 現代語訳       (新人物文庫  お-11-1)","太田 牛一 著, 中川 太古 訳","KADOKAWA","2013.10","","","",""
"629.4 ","01-5","アメリカ国立公園考","東 良三 著","淡路書房","1948","","","",""
"","","","","","","","","",""
"","","","","","","","","",""
"291.33","01-6","カラー　尾瀬　(山渓カラーガイド 6)","山と渓谷社","山と渓谷社","1967","","","",""
"519.81","01-6","尾瀬までの道 : 緑と軍縮を求めて","大石 武一 著","サンケイ出版","1982.3","","","",""
"291.33 ","01-6","尾瀬　ひびきあう生命","百武 充 著","立風書房","1996.9","","","",""
"289.1","01-6","尾瀬に死す","平野 長靖 著","新潮社","1972","","","",""
"519.8126","01-6","尾瀬：自然保護運動の原点　ー福島県自然保護協会の歩みー","福島県自然保護協会 編","東京新聞出版局","1993.8","","","",""
"","","","","","","","","",""
"457.8","01-6","象のきた道　(中公新書)","亀井 節夫 著","中央公論社","1978.8","","","",""
"779.4","01-6","江戸の見世物　(岩波新書)","川添 裕 著","岩波書店","2000.7","","","","#江戸べらぼう"
"210.55","01-6","享保十四年、象、江戸へゆく","和田 実 著","岩田書院","2015.2","","","","#江戸べらぼう"
"210.55","01-6","象の旅　ー長崎から江戸へ","石坂 昌三 著","新潮社","1992.5","","","","#江戸べらぼう"
"180.4","01-6","白象の普賢","玉城  康四郎 著","春秋社","1979.4","","","",""
"702.1","01-6","日本の図像：神獣霊獣","狩野 博幸, 湯本 豪一 執筆, 解説: 向笠 修司, 香川 享、訳: パメラ三木 ","ピエ・ブックス","2009.7","","","",""
"913.6","01-6","吼えよ江戸象","熊谷 敬太郎 著","NHK出版","2016.2","","","","#江戸べらぼう"
"","","","","","","","","",""
"646.1","01-6","日本鶏 外国鶏 : カラー版","全国日本鶏保存会 監修、立松光好 写真","家の光協会","2004.12","","","",""
"480.49","01-6","動物園物語","福田 三郎 著","駿河台書房","1953","","","",""
"480.76 ","01-6","世界の動物園めぐり　(日本児童文庫 52)","古賀 忠道 著","ARS：	日本児童文庫刊行会","1957(昭和32)　","","","",""
"779.5","01-6","日本のサーカス","尾崎  宏次 著","三芽書房","1958","","","",""
"480.76","01-6","思い出の鴨池動物園","黙遥社 編","黙遥社(鹿児島)","1986.12","","","",""
"724.1","01-6","鶏の描法　改訂新版　(玉雲水墨画 第18巻  (鶏の基礎描法))","山田 玉雲 著","秀作社出版","1992.9","","","",""
"210.5","01-6","動物の旅　～ゾウとラクダ～","豊橋市二川宿本陣資料館 編","豊橋市二川宿本陣資料館","1999.10","","会期: 1999年10月9日-11月21日 ","","#江戸べらぼう"
"721.4","01-6","若冲百図　生誕三百年記念　     (別冊太陽 日本のこころ 227 )","伊藤 若冲 画 ( 1716-1800)、狩野博幸 著 (1947- )","平凡社","2015.3","","蒹葭堂日記 (木村 巽斎(1736-1802)の記事あり","","#江戸べらぼう"
"721.4","01-6","目をみはる伊藤若冲の『動植綵絵』   (アートセレクション)","伊藤 若冲 画 ( 1716-1800)、狩野博幸 著 (1947- )","小学館","2000.8","","","","#江戸べらぼう"
"721.4","01-6","若冲の描いた生き物たち","伊藤 若冲 画 ( 1716-1800)","学研プラス","2016.2","","","","#江戸べらぼう"
"721.4","01-6","若冲展 : 生誕300年記念","若冲 [画], 小林忠, 太田彩 カタログ監修, 東京都美術館, 日本経済新聞社, NHK, NHKプロモーション 編","日本経済新聞社 (共同刊行: NHKほか)","2016.4","","会期・会場: 2016年4月22日-5月24日 東京都美術館 ","","#江戸べらぼう"
"702.1","01-6","不滅のシンボル 鳳凰と獅子      (開館50周年記念「美を結ぶ。美をひらく。」  2)","サントリー美術館,  編集: 石田佳也ほか ","サントリー美術館","2011.6","","会期: 2011年6月8日-7月24日 サントリー美術館 ","",""
"210.1","01-6","ひとと動物の近世 : つきあいと観察　   (朝日百科・日本の歴史  別冊  歴史を読みなおす 18)","朝日新聞社 編 ","朝日新聞社","1995.5","","","",""
"223","01-6","Chickens and Humans in Thailand: Their multiple relationships and domestication ","Honorary Editors: H.R.H. Princess Maha Chakri Sirindhorn,  H.I.H. Prince Akishinonomiya Humihito (秋篠宮, 文仁 )","The Siam Society under Royal Partonage","2009","英語","ISBN: 9789748298573
タイのニワトリと人間：その多様な関係と家畜化","",""
"929.13 ","01-6","庭を出ためんどり","ファン・ソンミ 文, 絵：キム・ファンヨン, 訳：ピョン・キジャ","平凡社","2003.2","","","",""
"913.6 ","01-6","ニワトリを殺すな　　Don’t Kill a Cock","ケビン・D.ワン著, 高橋 裕二 監修","幻冬舎","2003.3","","","",""
"481.78","01-6","ソロモンの指環 : 動物行動学入門      (ハヤカワ文庫  NF)","コンラート・ローレンツ(Lorenz, Konrad) [著],  日高敏隆 訳","早川書房","1998.3","","Lorenz, Konrad, 1903-1989,  原タイトル: Er redete mit dem Vieh,den Vögeln und den Fischen","",""
"","","","","","","","","",""
"","","","","","","","","",""
"629","01-7","臺灣国立公園寫眞集
台湾国立公園写真集
","岡田 紅陽 撮影, 台湾国立公園協会 編","臺灣国立公園協会(台北)","1939(昭和14)","","","",""
"219.9","01-7","八重山諸島を中心とした古文書(等)調査報告書　昭和55年度   (沖縄県文化財調査報告書 第35集)??","沖縄県教育庁文化課 編","沖縄県教育委員会[那覇]","1981.3","","","",""
"472.1","01-7","日本植生誌　屋久島","宮脇 昭 編著","至文堂","1980.2","",", 付表 付 (地図4枚 袋入) : 植生図 ","",""
"472.199","01-7","琉球植物誌 (追加･訂正版)","初島 住彦 著","沖縄生物教育研究会(那覇)","1975.11","","","",""
"472.136","01-7","小笠原の固有植物と植生","小野 幹雄、奥富 清 編著","アボック社出版局","1985.11","","付図(1枚):小笠原諸島現存植生図,  別冊 (10枚 ホルダー入) : 付表小笠原の植生","","#小笠原"
"472.1369","01-7","小笠原島の植物　(東京緑地計画調査彙報 第8號)","東京府 編","東京府","1936","","","","#小笠原"
"291.099","01-7","オイレンブルク日本遠征記　上　(新異国叢書 12)","中井 晶夫 訳","雄松堂","1969","","Eulenburg, Franz, 1867-1943, 『公式資料によるプロイセンの東アジア遠征』 (Die preussische Expedition nach Ostasien, nach amtlichen Quellen, 4 Bde, Berlin 1864) のうち、日本に関する部分を訳出したもの ","",""
"291.099","01-7","オイレンブルク日本遠征記　上　(新異国叢書 12)","中井 晶夫 訳","雄松堂","1969","","『公式資料によるプロイセンの東アジア遠征』 (Die preussische Expedition nach Ostasien, nach amtlichen Quellen, 4 Bde, Berlin 1864) のうち、日本に関する部分を訳出したもの ","",""
"469","01-7","日本人種論変遷史","清野 謙次 著(1885-1955), 太平洋協会 編","小山書店","1944","","","",""
"213.69","01-7","近代日本と小笠原諸島 : 移動民の島々と帝国","石原 俊 著","平凡社","2007.9","","","","#小笠原"
"213.69","01-7","小笠原諸島をめぐる世界史","松尾 龍之介 著","弦書房(福岡)","2014.5","","","","#小笠原"
"452","01-7","海の文化史","寺田 一彦 著","文一総合出版","1979.3","","","",""
"388.1","01-7","琉球人名考　附位階制度　(爐邊叢書) 	
(炉辺叢書 / 柳田国男編???）","東恩納 寛惇 著","郷土研究社 (東京)","1925(大正14.4)","","","",""
"210.3","01-7","西海と南島の生活・文化","新川 登亀男　編, 監修: 水野 祐","名著出版","1995.10","","","",""
"629.21","01-7","琉球の庭園と文化　  (庭園学講座 11)","京都造形芸術大学日本庭園歴史遺産研究センター","京都造形芸術大学日本庭園研究センター","2004.11","","","",""
"219.9","01-7","琉球王代記・氏姓集・年代記・系図手本","琉球史料研究会 [編]","琉球史料研究会","1970","","","",""
"293.038","01-7","ブラウンとホーヘンベルフのヨーロッパ都市地図 : 16世紀の世界 ","ジョン・ゴス 著(Goss, John (1947- )), 小林 章夫 監訳","同朋舎出版 (京都)","1992.5",""," (Braun, Georg (1540?-1622), Hogenberg, Franz (1539?-1590))","",""
"289.3","01-7","コロンブスの図書館","エドワード・ウィルソン=リー(Wilson-Lee, Edward) [著], 五十嵐 加奈子 訳","柏書房","2020.5","","原タイトル:  The catalogue of shipwrecked books","",""
"402.9","01-7","尾瀬ケ原 : 尾瀬ケ原総合学術調査団研究報告 　　(文部省総合研究報告No.15)","尾瀬ケ原総合学術調査団","日本学術振興会
","1954","","箱入, 附図 (1枚) : 尾瀬ケ原及び近隣地域地質図, 尾瀬ケ原植物景観図, 尾瀬ケ原周辺森林植生図, 尾瀬ケ原湿原植生図 ","",""
"472.133","01-7","尾瀬ヶ原の植生 : 尾瀬ヶ原湿原植生の生態学的研究","宮脇 昭, 藤原 一絵 著","財団法人国立公園協会","1970.3","","付表: 63枚 (別綴), 付表･付図とも箱入
付図 (3枚) : 尾瀬ケ原湿原中田代十字路付近現存植生図, 尾瀬ケ原湿原植生図, 尾瀬ケ原湿原の代償植生図 (調査者: 宮脇昭, 藤原一絵, 品田穣)
","",""
"471.74","01-7","日光戦場ケ原湿原の植物","久保田 秀夫, 松田 行雄, 波田 善夫 著, 栃木県林務観光部環境観光課 編","栃木県林務観光部環境観光課","1978.3","","附図: 戦場ケ原現存植生図,  付表: 日光戦場ケ原湿原の植物","",""
"","","","","","","","","",""
"188.65","02-1","瑞泉寺縁起史","瑞泉寺","瑞泉寺(島根県邇摩郡温泉津町)","1996.11","","","",""
"210.46","02-1","蔭涼軒日録　索引","蔭木 英雄 編","臨川書店(京都)","1989.6","","史籍刊行会 1954年刊の復刻, 室町禅林とその周辺 (日記・記録による日本の歴史)
","",""
"210.46","02-1","蔭涼軒日録  1  自 永享7年6月 ～至 寛正5年12月  　(増補 続史料大成 21 )","竹内 理三 編, 季瓊真蕊 著","臨川書店(京都)","1991.2","","史籍刊行会 1954年刊の復刻, 室町禅林とその周辺 (日記・記録による日本の歴史)
","",""
"210.46","02-1","蔭涼軒日録  2  自  永享7年6月 ～至 文明19年9月 　(増補 続史料大成 22 )","竹内 理三 編, 季瓊真蕊 著","臨川書店(京都)","1991.2","","史籍刊行会 1954年刊の復刻, 室町禅林とその周辺 (日記・記録による日本の歴史)
","",""
"210.46","02-1","蔭涼軒日録  3  自 長享元年10月 ～至 延徳元年12月 　(増補 続史料大成 23 )","竹内 理三 編, 季瓊真蕊 著","臨川書店(京都)","1991.2","","史籍刊行会 1954年刊の復刻, 室町禅林とその周辺 (日記・記録による日本の歴史)
","",""
"210.46","02-1","蔭涼軒日録  4  自 延徳2年四季 ～至 延徳3年12月 　(増補 続史料大成 24 )","竹内 理三 編, 季瓊真蕊 著","臨川書店(京都)","1991.2","","史籍刊行会 1954年刊の復刻, 室町禅林とその周辺 (日記・記録による日本の歴史)
","",""
"210.46","02-1","蔭涼軒日録  5  自 延徳4年四季 ～至 明應2年9月 　(増補 続史料大成 25 )","竹内 理三 編, 季瓊真蕊 著","臨川書店(京都)","1991.2","","史籍刊行会 1954年刊の復刻, 室町禅林とその周辺 (日記・記録による日本の歴史), 解題 研究史の概略 玉村竹二著","",""
"210.2","02-1","吉胡貝塚  (埋蔵文化財発掘調査報告 1)","文化庁 著","吉川弘文館","1976","","愛知県渥美郡田原町所在","",""
"210.2","02-1","大湯町環状列石  (埋蔵文化財発掘調査報告 2)","文化財保護委員会 編","吉川弘文館","1976","","秋田県鹿角郡大湯町所在","",""
"210.2","02-1","無量光院跡  (埋蔵文化財発掘調査報告 3)","文化庁 著","吉川弘文館","1976","","岩手県西磐井郡平泉町
初版: 昭和29年刊 ","",""
"210.2","02-1","志登支石墓群  (埋蔵文化財発掘調査報告 4)","文化財保護委員会 編","吉川弘文館","1976","","福岡県糸島郡前原町所在","",""
"210.2","02-1","平城宮跡  (埋蔵文化財発掘調査報告 5)","文化財保護委員会 編","吉川弘文館","1957","","奈良市佐紀町所在-朝堂院跡北方地域の調査","",""
"210.2","02-1","日光男体山: 山頂遺跡発掘調査報告書","日光二荒山神社 編 ","名著出版","1991.5","","角川書店昭和38年刊の複製 、神道考古学","",""
"210.38","02-1","平泉: 毛越寺と観自在王院の研究","藤島 亥治郎 編","東京大学出版会","1961","","日本--歴史--平安時代,
藤島 亥治郎 (1899-2002)","",""
"521.818","02-1","芝増上寺境内地の歴史的景観 : その建築と都市的空間　　(近世史研究叢書 36)","伊坂道子 著","岩田書院","2013.10","","","",""
"210.46","02-1
　～
03-1","大乗院寺社雑事記　1-12　部分ﾀｲﾄﾙ:尋尊大僧正記　(増補  続史料大成 普及版  26-37)  　　","尋尊 著、増補続史料大成刊行会 編","臨川書店(京都) 　複製","2001.7","","室町時代史料, 尋尊大僧正記 1-9 / 尋尊 著 (自宝徳2年正月至長禄2年11月)","",""
"","","","","","","","","",""
"","","","","","","","","",""
"629.21","02-2","新装版  日本の庭園   第1巻  神と仏の庭","伊藤ていじ（著）,  入江 泰吉（写真）","講談社","1996.5","","伊藤ていじ, 1922-2010, 入江泰吉, 1905-1992","",""
"629.21","02-2","新装版  日本の庭園   第2巻  池泉の庭","牛川 喜幸（著）, 井上 博道（写真）","講談社","1996.9","","牛川 喜幸, 1935-2009,  井上 博道, 1931-2012","",""
"629.21","02-2","新装版  日本の庭園   第3巻  枯山水の庭","重森 完途（著）,   石元 泰博（写真）","講談社","1996.1","","重森 完途, 1923-1992,  石元 泰博, 1921-2012","",""
"629.21","02-2","新装版  日本の庭園   第4巻  茶の庭 ","中村 昌生（著）,  恒成 一訓（写真）","講談社","1995.11","","中村 昌生, 1927-2018,  恒成 一訓, 1920-","",""
"629.21","02-2","新装版  日本の庭園   第5巻  宮廷の庭・大名の庭","中根 金作（著）, 岡本 茂男（写真）","講談社","1996.7","","中根 金作, 1917-1995,  岡本 茂男, 1929-2011","",""
"629.21","02-2","新装版  日本の庭園   第6巻  民家の庭・坪庭","伊藤ていじ（著）,  牧 直視（写真）","講談社","1996.3","","牧 直視, 1926-","",""
"629.21","02-2","日本庭園の思惟 : 生成と観賞の美学","重森 完途 著","日貿出版社","1970","","","",""
"629.21","02-2","日本庭園の秘法 : <渋さ>の解明","斎藤勝雄, 和田貞次 著","日貿出版社","1970","","","",""
"629.21","02-2","庭と茶室","西村 貞 著, 高橋 良雄 写真","大日本雄弁会講談社","1957","","原色図版 (はり込) 39枚 ","",""
"629.21","02-2","夢窓国師 禅と庭園 ","川瀬 一馬 著、名鏡 勝朗 撮影","講談社","1968","","川瀬 一馬, 1906-1999","",""
"521.5","02-2","小堀遠州の作事　(奈良国立文化財研究所学報  第18冊)","森 蘊 著","奈良国立文化財研究所","1966","","森 蘊, 1905-1988","","#江戸べらぼう"
"629.21","02-2","数寄の庭：川崎幸次郎作庭集","川崎 幸次郎 著","淡交社(京都)","1994.11","","","",""
"629.21","02-2","植治の庭 : 小川治兵衛の世界","尼崎 博正 編, 田畑 みなお 撮影","淡交社(京都)","1990.10","","","",""
"629.21","02-2","京の意匠　庭園","伊藤 ていじ 著, 山本 建三 写真","光村推古書院(京都)","1982.7","","","",""
"629.21","02-2","京都秘蔵の庭","水野克比古 写真
小埜雅章 文","光村推古書院(京都)","2004.6","","","",""
"629.21","02-2","京都坪庭","水野 克比古 著・写真","光村推古書院(京都)","2001.12","","","",""
"629.61","02-2","飛石の美","岡崎 文彬 著","養賢堂","1996.3","","","",""
"629.61","02-2","庭石と水の由来 : 日本庭園の石質と水系","尼崎 博正 著","昭和堂(京都)","2002.2","","","",""
"521.825 ","02-2","桂離宮","石元 泰博 著","六曜社","2014.6",""," 英語併記 ","",""
"702.15","02-2","桂離宮","本文：梅棹 忠夫、川添 登、写真：佐藤 辰三","淡交新社(京都)","1962.2 (再版)","","","",""
"629.21","02-2","龍安寺 : 枯山水の海     (日本の庭園美 4)","井上 靖, 千 宗室 監修,  西川孟 撮影","集英社","1989.5","","","",""
"629.21","02-2","名勝観音院庭園保存修理","名勝観音院庭園保存修理事業報告書編纂委員会 編","宗教法人 観音院 (鳥取市) ","1988.3","","箱あり","",""
"629.21","02-2","東日本の庭園","吉河 功 著","有明書房","1971.9","","","",""
"629.21","02-2","東京の庭","西田 富三郎 著","紀伊国屋書店","1959","","","",""
"","","","","","","","","",""
"","","","","","","","","",""
"210.02","02-3","坪井清足先生卒寿記念論文集 : 埋文行政と研究のはざまで","坪井清足先生の卒寿をお祝いする会 編","坪井清足先生の卒寿をお祝いする会","2010.11","","上巻568p
下巻p569-1312
杉尾伸太郎執筆:p60-64","",""
"210.025","02-3","空から見た古代遺跡と条里","条里制研究会 編","大明堂","1997.5","","","",""
"629.21","02-3","京都の庭園 : 遺跡にみる平安時代の庭園　　 (京都市文化財ブックス  第5集)","京都市文化観光局文化部文化財保護課 編","京都市","1990.3","","","",""
"216.5","02-3","飛鳥誌","佐藤 小吉 編","天理時報社 (丹波市町 (奈良県) )","1944　(昭和19)","","","",""
"210.02","02-3","長岡京跡発掘調査報告　（京都市埋蔵文化財研究所調査報告　第２冊）","京都市埋蔵文化財研究所 編","（㈶）京都市埋蔵文化財研究所","1978.2","","","",""
"210.36","02-3","長岡京研究序説","山中 章 著","塙書房","2001.4","","","",""
"910.23","02-3","王朝文学と建築・庭園      (平安文学と隣接諸学  1)","倉田 実 編","竹林舎","2007.5","","","",""
"521.37","02-3","平安京の邸第　　(望稜叢書 3)","朧谷 寿, 加納 重文, 高橋 康夫 編","望稜舎(京都)","1987.5","","","",""
"521.825","02-3","京都御所　［新訂］","藤岡 通夫 著","中央公論美術出版","1987.10","","内裏・内裏各殿舎の変遷、遺構","",""
"521.825","02-3","京都御所　大宮・仙洞御所　　（京都新聞創刊125年記念出版）","京都新聞出版センター 編, 京都新聞企画事業株式会社","京都新聞出版センター(京都)","2004.10","","","",""
"521.5","02-3","修学院離宮","谷口 吉郎 著, 佐藤 辰三 撮影","淡交新社","1962","","","",""
"291.62","02-3","平安京：京都　都市図と都市構造","金田 章裕 編","京都大学学術出版会","2007.2","","","",""
"523.1","02-3","国宝迎賓館赤坂離宮","制作協力: 小玉 正任 文学博士, 迎賓館, 内閣広報室","茜出版","2010.7","","","",""
"523.1","02-3","State Guest House Akasaka Palace : 国宝迎賓館赤坂離宮","制作協力: 小玉 正任 文学博士, 迎賓館","茜出版","2010.7","英語併記 ","","",""
"521.825","02-3","皇室建築 : 内匠寮の人と作品","鈴木 博之 監修, 内匠寮の人と作品刊行委員会 編,  執筆: 浅羽 英男ほか ","建築画報社","2005.12","","","",""
"210.4","02-3","全国城郭縄張図集成　ー阿波を中心とした中世城郭研究論集","本田 昇 著, 八巻 孝夫 編","岩田書院","2015.7","","","",""
"629.21","02-3","大名たちの庭園：江戸藩邸と諸藩城下の庭園風景ー　(平成16年度秋季特別展覧会)","鳥取市歴史博物館","鳥取市歴史博物館　やまびこ館","2004.10","","会期: 平成16年10月9日-11月14日 ","","#江戸べらぼう"
"210.2","02-3","長岡京　木簡二　(向日市埋蔵文化財報告書 35)","山中 章,  清水 みき 著","財団法人　向日市埋蔵文化財センター、向日市教育委員会","1993.3","","付 (172, 24p 21cm) : 解説
帙入","",""
"629.25","02-3","京都の造園　全2巻　(作庭集、細部手法集)　","京都府造園協同組合 編","誠文堂新光社","1974.10","","秩入 (秩の大きさ45cm) ","",""
"","","","","","","","","",""
"","","","","","","","","",""
"629.21","02-4","日本庭園集成　第１巻　数寄の庭","中村 昌生, 西澤 文隆 監修","小学館","1983","","","",""
"629.21","02-4","日本庭園集成　第２巻　玄関の庭","中村 昌生, 西澤 文隆 監修","小学館","1984","","","",""
"629.21","02-4","日本庭園集成　第３巻　坪庭","中村 昌生, 西澤 文隆 監修","小学館","1984","","","",""
"629.21","02-4","日本庭園集成　第４巻　茶庭","中村 昌生, 西澤 文隆 監修","小学館","1984","","","",""
"791.6","02-4","茶苑の意匠 : 中村昌生数寄屋20集","中村 昌生 著,  撮影: 本木 誠一 ","毎日新聞社","1983.7","","","",""
"","","","","","","","","",""
"629.21","02-4","日本庭園の手法　第1巻　地割と意匠","重森 完途 責任編著, 大橋 治三 写真, 編集: 日本アート・センター ","毎日新聞社","1977.5","","","",""
"629.21","02-4","日本庭園の手法　第2巻　石組 (1)","重森 完途 責任編著, 大橋 治三 写真, 編集: 日本アート・センター ","毎日新聞社","1977.3","","","",""
"629.21","02-4","日本庭園の手法　第3巻　石組 (2)","重森 完途 責任編著, 大橋 治三 写真, 編集: 日本アート・センター ","毎日新聞社","1976","","","",""
"629.21","02-4","日本名園図譜","本多 錦吉郎 著","平凡社","1964","","本多 錦吉郎 (1850-1921)","",""
"","","","","","","","","",""
"","","","","","","","","",""
"629.21","02-5","日本名園図譜","本多 錦吉郎 著","平凡社","1964","","本多 錦吉郎 (1850-1921)","",""
"620","02-5","庭園圖説","近藤 正一 著","博文館","1911(明治44.12)","","和装, 再版","",""
"629","02-5","現代庭園圖説","椎原 兵市 著","現代庭園図説刊行会(大阪)","1924(大正13)","","椎原 兵市, 1884-1966
和装","",""
"521.86","02-5","京町家の環境技術と生活態度そして文化の形成","岡﨑 甚幸, 大谷 孝彦, 鈴木 利友, 天畠 秀秋 編著","武庫川女子大学出版部(西宮)","2012.1","","","",""
"683.21","02-5","中世に於ける水運の発達　","徳田 劔一 著（東京帝国大学資料編纂所嘱託)","章華社","1936(昭和11)","","","",""
"291.018","02-5","方位と風土","山田 安彦 編著","古今書院","1994.11","","","",""
"629.25","02-5","京都の造園　全2巻　(作庭集、細部手法集)　","京都府造園協同組合 編","誠文堂新光社","1974.10","","秩入り(秩の大きさ45cm) ,","",""
"","","","","","","","","",""
"","","","","","","","","",""
"629.21","02-6","作庭記秘抄","久恒 秀治 著","誠文堂新光社","1979.9","","","",""
"629.21","02-6","図解 作庭記","斎藤 勝雄 著　","技法堂出版","1966","","","",""
"629.21","02-6","作庭記","林屋 辰三郎 校注","オンデマンド出版《リキエスタ》の会, トランスアート市谷分室","2001.4","","","",""
"629.21","02-6","図解 庭師が読みとく作庭記","小埜 雅章 著","学芸出版社(京都)","2008.5","","","",""
"629.21","02-6","日本庭園の不易と流行 : 『作庭記』から夢窓疎石, 小堀遠州, そして植治へ　(庭園学講座 19)","京都造形芸術大学日本庭園・歴史遺産研究センター 編","京都造形芸術大学 日本庭園・歴史遺産研究センター","2012.8","","","",""
"629.21","02-6","作庭記　現代語対訳と解説","京都芸術短期大学ランドスケープデザイン研究室","武居　二郎　著","1995.3","","","",""
"629.21","02-6","対訳”作庭記”ー作庭記シンポジューム資料ー","**","日本造園設計事務所連合　開催支部","1977.8","","","",""
"","","","","","","","","",""
"629.21","02-6","築山庭造伝 前編 : 解説   (造園古書叢書 )","上原 敬二 編","加島書店","1965.5","","","",""
"629.21","02-6","築山庭造伝 後編 : 解説   (造園古書叢書 )","上原 敬二 編","加島書店","1965.11","","","",""
"629.21","02-6","石組園生八重垣伝 : 解説   (造園古書叢書 3)","上原 敬二 編","加島書店","1969.9","","","",""
"629.2","02-6","芥子園樹石画譜 : 解説  (造園古書叢書 4)","上原 敬二 編","加島書店","1977.6","","箱あり","",""
"629.2","02-6","芥子園風景画譜 : 解説   (造園古書叢書 5)","上原 敬二 編","加島書店","1977.6","","箱あり","",""
"629.2","02-6","山水並に野形図・作庭記 : 解説   (造園古書叢書 6)","上原 敬二 編","加島書店","1972","","箱あり","",""
"629.2","02-6","南坊録抜萃 ・露地聴書: 解説   (造園古書叢書 7)","上原 敬二 編","加島書店","1983.11","","箱あり","",""
"629.21","02-6","余景作り庭の図・他三古書 : 解説   (造園古書叢書 8)
 	解説 余景作り庭の図(菱川師宣) / 解説 嵯峨流庭古法秘伝の書 / 解説 築山山水伝 / 解説 夢窓流治庭","上原 敬二 編","加島書店","1972","","箱あり","",""
"291.62","02-6","都林泉名勝図絵 : 抄   (造園古書叢書 9)","秋里 籬島 著, 上原 敬二 編","加島書店","1972","","箱あり","",""
"","","","","","","","","",""
"","","","","","","","","",""
"709.1","02-7","文化財保護法五十年史","文化庁、編集協力：文化財保護法50年史顧問会議","ぎょうせい","2001.8","","","",""
"291.02","02-7","史跡名勝天然記念物調査 第1集 ","文化財保護委員会 編","吉川弘文館","1957","","","",""
"521.5","02-7","修学院離宮の復原的研究　(奈良国立文化財研究所学報　第2冊)","森 蘊 著,  奈良国立文化財研究所","養徳社(天理)","1954.8","","付: 英文解説 (抄訳) ","",""
"629.21","02-7","名勝浄瑠璃寺庭園環境整備事業報告書","庭園文化研究所 編","小田原山 浄瑠璃寺(京都府)","1977/3","","パンフレット","",""
"629.21 ","02-7","「日本の美術」　第429号：発掘された庭園","田中 哲雄 執筆･編集, 東京国立博物館 ほか監修","至文堂","2002.2","","","",""
"210.38","02-7","仙洞御移徙部類記  上下    (図書寮叢刊)","宮内庁書陵部 編 ","宮内庁書陵部","1990.3, 1991.3","","伏見宮家旧蔵・鎌倉時代写本の翻刻,  上巻は1〜10巻, 下巻は11〜14巻を収録, 下巻: 付: 「上皇御移徙記」「御移徙雑記」「諸院宮御移徙部類記」 ","",""
"291.62","02-7","京都史蹟の研究","西田 直二郎 著","吉川弘文館","1961","","","",""
"081","02-7","故実叢書  第25　 	鳳闕見聞図説, 安政御造営記, 宮殿并調度沿革, 調度図会, 室町殿屋形私考, 家屋雑考, 服飾管見","故実叢書編集部 編,  執筆: 源 宗隆, 勢多 章甫, 青木 久邦, 伊勢 貞春, 沢田 名垂, 徳川 宗武","明治図書出版","1955.12","","新訂増補
","",""
"313.61","02-7","近代天皇制と伝統文化 : その再構築と創造","高木 博志 著","岩波書店","2024.3","","","",""
"913.2 ","02-7","古事記 : 口語訳 : 完全版","訳・注釈：三浦 佑之","文藝春秋","2002.8","","","",""
"210.3","02-7","古事記     (古代史研究の最前線)","洋泉社編集部 編","洋泉社","2015.5","","","",""
"210.3","02-7","古事記及び日本書紀の研究 : 建国の事情と万世一系の思想　　(毎日ワンズ)","津田 左右吉 著","毎日ワンズ","2012.8","","","",""
"210.3","02-7","私の日本古代史 (下) 『古事記』は偽書かー継体朝から律令国家成立まで　　（新潮選書）","上田 正昭 著","新潮社","2012.12","","","",""
"210.3","02-7","日本の古代史 本当は何がすごいのか","武光 誠 著","育鵬社","2014.5","","","",""
"288.41","02-7","天皇125代 : 神武天皇から今上天皇まで　(T J ムック)","","宝島社","2019.4","","新装改訂版","",""
"216.2","02-7","再現・長岡京 : 幻の都2000年パンフレット","向日市文化財調査事務所, 向日市埋蔵文化財センター","京都府向日市","2001.3","","","",""
"210.36","02-7","長岡京遷都 : 桓武と激動の時代 : 企画展示","人間文化研究機構国立歴史民俗博物館 編","人間文化研究機構 国立歴史民俗博物館(佐倉)","2007.10","","図録,  会期: 2007年10月10日-12月2日","",""
"210.3","02-7","古事記と日本書紀 : 古代天皇のすべて   完全保存版 　[日本書記編纂1300年、最古の歴史書を紐解く]　(EIWA MOOK）","**","英和出版社","2019.2","","別タイトル 	Kojiki and Nihon Shoki","",""
"219.9","02-7","首里城物語 : 首里城が楽しく学べる","国営沖縄記念公園事務所企画・編集","海洋博覧会記念公園管理財団 首里城管理センター(那覇)","2000","","パンフレット","",""
"","","","","","","","","",""
"521.5","02-7","桂離宮 : 様式の背後を探る      (中公文庫)","和辻 哲郎 著","中央公論社","1958.9","","","",""
"521.4　","02-7","桂御山荘    (東亜建築撰書 10)","澤島 英太郎 著","龍吟社","1944","","","",""
"521.825 ","02-7","仙洞御所
Sento-Gosho (Ex-Emperor's Palace)","伝統文化保存協会  編","財団法人 伝統文化保存協会(京都)","2001.9","","パンフレット, 初版, 英文併記","",""
"521.825 ","02-7","京都御所
Kyoto Imperial Palace","伝統文化保存協会  編","財団法人 伝統文化保存協会(京都)","2008.11","","パンフレット, 第9版, 英文概要2p付","",""
"521.825","02-7","仙洞御所 : Sento-Gosho(Ex-emperor's palace)","資料: 森 蘊,   解説: 村岡 正,   英文: 中村 一,   写真編集: 大原 久雄","豊書房	[京都], 発売：(財)有職文化協会","1968.10","","パンフレット","",""
"521.825","02-7","御所・離宮 : 京都御所・仙洞御所・桂離宮・修学院離宮 : Imperial palaces and villas in Kyoto","宮内庁京都事務所","宮内庁京都事務所","2000-","","パンフレット","",""
"521.5","02-7","修学院離宮
Shugakuin Rikyu imperial villa","伝統文化保存協会  編","財団法人 伝統文化保存協会(京都)","2009","","パンフレット, 第4版, 英文併記","",""
"521.5","02-7","桂離宮
Katsura Rikyu Imperial Villa","伝統文化保存協会  編","財団法人 伝統文化保存協会(京都)","2008.9","","パンフレット, 第6版, 英文概要3p付","",""
"","","","","","","","","",""
"386.162","02-7","祇園祭","電通京都支社 編集･製作","公社 京都市観光協会,  公社 祇園祭山鉾連合会","2019","","パンフレット, 英文併記","",""
"702.1","02-7","京都御所と仙洞御所     (日本の美術 No.99)","藤岡 通夫 編, 監修: 文化庁, 東京国立博物館, 京都国立博物館, 奈良国立博物館 ","至文堂","1974.8","","","",""
"","","","","","","","","",""
"210.32","02-7","前方後円墳・墳丘構造の研究","櫃本 誠一 著","学生社","2001.5","","函あり","",""
"521.3","02-7","「木の文明」の成立　（上）　（NHKブックス）","川添 登 著","日本放送出版協会","1990.11","","","",""
"521.3","02-7","「木の文明」の成立　（下）　（NHKブックス）","川添 登 著","日本放送出版協会","1990.12","","","",""
"751.2","02-7","シルクロードの宝物 : 草原の道・海の道","出光美術館 編","出光美術館","2001.9","","","",""
"","","","","","","","","",""
"","","","","","","","","",""
"210.46","03-1","大乗院寺社雑事記　1-12　部分ﾀｲﾄﾙ:尋尊大僧正記　(増補  続史料大成 普及版  26-37)  　　","尋尊 著, 増補続史料大成刊行会 編","臨川書店(京都) 　複製","2001.7","","室町時代 史料","",""
"210.48","03-1","義演准后日記　1　(史料纂集)  文禄5年正月-慶長3年12月","義演(1558-1626) 著, 弥永 貞三, 鈴木 茂男 校訂","続群書類従完成会","1976","","安土桃山時代 史料,
義演(1558-1626) ","",""
"210.48","03-1","義演准后日記　2　(史料纂集)  文禄5年正月-慶長3年12月","校訂者: 酒井信彦","続群書類従完成会","1976","","安土桃山時代 史料,
義演(1558-1626) ","",""
"210.48","03-1","義演准后日記　3　(史料纂集)  慶長7年正月-9年12月","校訂者: 弥永貞三, 副島種経","続群書類従完成会","1976","","安土桃山時代 史料,
義演(1558-1626) ","",""
"210.48","03-1","義演准后日記　4　(史料纂集)   慶長10年正月-12年12月 ","校訂者: 酒井信彦","続群書類従完成会","1976","","安土桃山時代 史料,
義演(1558-1626) ","",""
"","","","","","","","","",""
"210.46","03-1","實隆公記　巻1～巻13　(1-6は上下巻)","[三条西] 実隆 著, 高橋 隆三 編纂ならびに校訂","続群書類従完成会","1962.3 (第3刷:2001.12)"," ","室町時代 史料
三条西 実隆, 1455-1537","",""
"210.46","03-1","實隆公記　書名索引　20","[三条西] 実隆 著, 土井 哲治 編","続群書類従完成会","1962.3 (第3刷:2001.12)"," ","室町時代 史料
三条西 実隆, 1455-1537","",""
"291.62","03-1","訓読雍州府志","立川美彦 編","臨川書店(京都) 　","1997.4"," ","京都ー地誌","",""
"","","","","","","","","",""
"","","","","","","","","",""
"721.4","03-5","若冲","伊藤若冲 画
狩野博幸 監修・執筆","紫紅社","1993.10","","背の書名: 伊藤若冲
略年譜・参考文献: p342～349","",""
"709.199","03-5","沖縄文化の遺宝","鎌倉芳太郎 著","岩波書店","1982.10","","「本文編」「写真編」に分冊刊行
外箱入","",""
"","","","","","","","","",""
"629.21","03-5","庭と空間構成の伝統","堀口 捨己 著","鹿島研究出版会","1965.5","","函入り","",""
"521.087 ","03-5","建築と庭 : 西澤文隆「実測図」集","西澤 文隆 著, 西澤文隆「実測図」集刊行委員会 編","建築資料研究社","1997.6","","","",""
"521","03-5","見立ての手法: 日本的空間の読解","磯崎 新 著","鹿島出版会","1990.8","","","",""
"521.86","03-5","仕組まれた意匠: 京都空間の研究 ","川崎 清 [ほか]著","鹿島出版会","1991.10","","","",""
"","","","","","","","","",""
"","","","","","","","","",""
"527.4","03-6","茶室の展開図","北尾 春道 著","光村推古書院(京都)","1979.8","","改訂版、函入り, 別ﾀｲﾄﾙ: Interior Elevations of Tea Room","",""
"521.8","03-6","綱町三井倶楽部","綱町三井倶楽部記念誌編集委員会 企画・編集","三井不動産","1990.7","","共同刊行: 綱町倶楽部 編集・製作: 新建築社","",""
"523.1","03-6","甲子園会館物語","甲子園会館庶務課","甲子園会館庶務課","2009？","","登録有形文化財(2009), 旧 甲子園ホテル。
白黒コピー版, フラットファイル綴じ。","",""
"629.21","03-6","都ホテル葵殿庭園及び佳水園庭園","尼崎博正 [ほか]編","都ホテル","1994.5","","京都市文化財 (名勝) 登録記念","",""
"629.21","03-6","長岡安平の残した設計図 : わが国ランドスケープの嚆矢     (没後九〇年記念長岡安平史料群図面集)","長岡 安平 [画],  緑と水の市民カレッジ事務局 編","東京都公園協会","2015.2","","","",""
"","","","","","","","","",""
"629","03-6","造園技術　伝統の技 : 具体的手法とその心","吉村 金男 著","(社)日本造園建設業協会","2002.5.20","","社団法事日本造園建設業協会 創立30周年記念","",""
"793","03-6","盆庭と盆石　上・下巻　（布帙, 2冊）","西川 一草亭","創元社","1936(昭和11.1)","","装丁 : 和装","",""
"721.6","03-6","江戸期実景図の研究","鶴岡 明美 著","中央公論美術出版","2012.10","","","",""
"","","","","","","","","",""
"","","","","","","","","",""
"629.21","03-7","京都の庭と風土","中根 金作 著","加島書店","1991.12","","","",""
"629.21","03-7","京都の庭","矢内原 伊作 著, 入江 泰吉 撮影","淡交新社(京都)","1962.12","","再版","",""
"188.65","03-7","永観堂　禅林寺","高橋 良和 著,  浄土宗西山禅林寺派宗務所 編","探求社(京都)","1997.9","","","",""
"289.1 ","03-7","岩崎與八郎伝","末永 勝介　著、編集協力：扶桑社","岩崎グループ(鹿児島)","2005.4","","","",""
"213.61","03-7","内藤新宿と江戸 : 首都江戸と周辺の結節点の視点から    (東京学芸大学近世史研究会調査報告 3)"," 大石 学 監修, 東京学芸大学近世史研究会 編","名著出版","2010.6","","","",""
"919.4","03-7","万里集九著 「梅花無尽蔵」 の世界","市木 武雄, 梅田 薫 著","鵠沼歴史研究会","2005.1","","龍安寺石庭の記述あり。","",""
"215.2","03-7","高遠のあゆみ","「高遠のあゆみ」編集委員会 編集","高遠町, 高遠町教育委員会","1986.9","","","",""
"523.1 ","03-7","浅草十二階 : 塔の眺めと<近代>のまなざし","細馬 宏通 著","青土社","2001.6","","","",""
"689.81 ","03-7","ホテルと日本近代","富田 昭次","青弓社","2003.5","","","",""
"702.1","03-7","日本の美術 No.372  借景","本中 眞著, 至文堂 編","ぎょうせい","1997.5","","日本美術-雑誌","",""
"521","03-7","禅院の建築 : 禅僧のすまいと祭享     (日本の美と教養)","川上 貢 著","河原書店(京都)","1968","","","",""
"369.3","03-7","京都の歴史災害","吉越 昭久, 片平 博文 編","思文閣出版","2012.8","","地理・歴史・工学など多様な分野による成果（提供元: 出版情報登録センター（JPRO））","",""
"216.3","03-7","大阪における都市の発展と構造","塚田 孝 編","山川出版社","2004.3","","","",""
"","","","","","","","","",""
"629.21","03-7","沼津御用邸記念公園計画報告書","委員長 佐藤 昌（日本公園緑地協会副会長)","社団法人 日本公園緑地協会","1970.7","","","",""
"521.818","03-7","名勝光前寺庭園　保存管理計画書","駒ヶ根市教育委員会 編","駒ヶ根市教育委員会 (長野県)","2011.3","","","",""
"629.21","03-7","偕楽園の現況調査報告書: 偕楽園復元保存基本計画策定のための資料","茨城県商工労働部観光課 編","茨城県","1979.12","","付図2枚 (土壌A層分布と植生・地形・樹木活力度との対応図,  騒音・照度の分布と人の動態図 )","",""
"521.817","03-7","明治神宮の建築 : 日本近代を象徴する空間","藤岡 洋保 著","鹿島出版会","2018.8","","","",""
"","","","","","","","","",""
"610.8","03-7","日本農書全集  第55巻  園芸 2  養菊指南車(肥後) / 植木手入秘伝 / 剪花翁伝","佐藤 常雄, 徳永 光俊, 江藤 彰彦 編,  著者: 秀島 英露, 今江 正知, 	秋山 伸一, 中山 雄平, 	君塚 仁彦","農山漁村文化協会","1999.10","","「養菊指南車(肥後)」(秀島 英露 著, 今江 正知 翻刻･現代語訳･注記･解題), 「 植木手入秘伝」(秋山 伸一 翻刻･現代語訳･注記･解題),  「剪花翁伝 」(中山 雄平 著, 君塚 仁彦 翻刻・現代語訳･注記･解題)","",""
"629.21","03-7","斉藤勝雄作庭技法集成　第1巻 (日本庭園伝統の基盤)","斎藤 勝雄 著","河出書房新社","1976","","斎藤 勝雄, 1893-1989","",""
"629.21","03-7","斉藤勝雄作庭技法集成　第2巻 (庭園の設計と製図)","斎藤 勝雄 著","河出書房新社","1976","","斎藤 勝雄, 1893-1989","",""
"629.21","03-7","斉藤勝雄作庭技法集成　第3巻 (日本庭園細部技法)","斎藤 勝雄 著","河出書房新社","1977.3","","斎藤 勝雄, 1893-1989","",""
"629.21","03-7","斉藤勝雄作庭技法集成　第4巻 (庭工事段取と労務)","斎藤 勝雄 著","河出書房新社","1978.2","","斎藤 勝雄, 1893-1989","",""
"629.21","03-7","斉藤勝雄作庭技法集成　第5巻 (日本庭園の手入法)","斎藤 勝雄 著","河出書房新社","1977.7","","斎藤 勝雄, 1893-1989","",""
"627.5","03-7","新宿御苑に於ける和菊の伝統的栽培法写真図説　 大菊・中菊大作り編 ","東京農業大学図書館","東京農業大学図書館","1981.5","","英語書名: The explanatory photographs and diagrams for successional cultivation methods of Japanese chrysanthemum in the Shinjuku Gyoen National Garden 英文併記","",""
"627.5","03-7","新宿御苑に於ける和菊の伝統的栽培法写真図説　  第2集 (中菊篠作り・肥後菊編) ","東京農業大学図書館","東京農業大学図書館","1982.3","","英語書名: The explanatory photographs and diagrams for successional cultivation methods of Japanese chrysanthemum in the Shinjuku Gyoen National Garden 英文併記","",""
"627.5","03-7","新宿御苑に於ける和菊の伝統的栽培法写真図説　 第3集 (小菊懸崖作り・大菊一本作り編) ","東京農業大学図書館","東京農業大学図書館","1983.3","","英語書名: The explanatory photographs and diagrams for successional cultivation methods of Japanese chrysanthemum in the Shinjuku Gyoen National Garden 英文併記","",""
"627.5","03-7","新宿御苑に於ける和菊の伝統的栽培法写真図説　 第4集 (伊勢菊嵯峨菊箒作り・丁子菊一六作り・土作り編) ","東京農業大学図書館","東京農業大学図書館","1984.3","","英語書名: The explanatory photographs and diagrams for successional cultivation methods of Japanese chrysanthemum in the Shinjuku Gyoen National Garden 英文併記","",""
"627.5","03-7","新宿御苑に於ける和菊の伝統的栽培法写真図説　 第5集 (育種・歴史編) ","東京農業大学図書館","東京農業大学図書館","1986.3","","英語書名: The explanatory photographs and diagrams for successional cultivation methods of Japanese chrysanthemum in the Shinjuku Gyoen National Garden 英文併記","",""
""," ","","","","","","","",""
"714","03-7","日本石材工芸史","川勝 政太郎 著","綜芸舎(京都)","1973.11","","","",""
"714","03-7","日本の石燈籠","福地 謙四郎 著,  監修: 近藤豊 ","理工学社","1979.5","","第2版","",""
"513.34","03-7","日本の石垣","田淵 実夫 著, 写真協力: 山下洋詞美 ","朝日テレビニュース社出版部","1967","","","",""
"617.7","03-7","日本薬園史の研究　改訂増補","上田 三平 著, 三浦 三郎 編","渡辺書店","1972","","","",""
"521.817","03-7","靖國の庭と茶室 : 神池と洗心亭・靖泉亭の修復記録","靖國神社 編","靖國神社","2003.3","","付属資料：図2枚","",""
"629","03-7","庭づくりの心と実践　(ランドスケープデザイン Vol.3)","今井 直久 ほか 共著, 京都造形芸術大学 編","角川書店","1999.5","","","",""
"629.21","03-7","日本の庭　形と流れ　上下","大橋 治三 著","クレオ","1998.11","","","",""
"629.21","03-7","『CREA Traveller』：庭園に遊ぶ　　（「クレア・トラベラー」　Vol.15,No.4）","**","文藝春秋","2020.10.1","","","",""
"527","03-7","『チルチンびと』　別冊67：民家の再生と創造 4 ","**","風土社","2023.11.1","","","",""
"","","","","","","","","",""
"629.21","03-7","詳解 日本庭園図説","吉河 功 著","有明書房","1973","","","",""
"629","03-7","にわ　ー日本庭園史考","江幡 潤 著","祥文社","1976.2","","","",""
"629.21","03-7","石庭林泉","北川 桃雄 著","筑摩書房","1952","","","",""
"","","","","","","","","",""
"","","","","","","","","",""
"721","04-4","「歴代御陵巡拝図絵」（完全復刻版, 扁額仕様）
　　付：解説書 「御陵の多島海」吉田初三郎 (小冊子）/「歴代御陵巡拝案内」（リーフレット）","吉田　初三郎　作 ","大阪毎日新聞社","1928 (昭和3)","","吉田初三郎: 1884-1955, 
『サンデー毎日』7(2)として発刊された『毎日年鑑』の付録として描かれた鳥瞰図。","",""
"","","","","","","","","",""
"","","","","","","","","",""
"629.033","04-5","造園修景大事典 10　別冊  : 日本有名庭園実測図集 ","造園修景大事典編集委員会 編","同朋舎出版（京都）","1980","","付 (別冊 図版45枚 箱入 (44cm) )","",""
"629.21","04-5","京都・壷庭","重森完途 著
水野克彦 写真","光村推古書院","1980.12","","","",""
"521.5","04-5","大工頭中井家建築指図集 : 中井家所蔵本","谷 直樹 編","思文閣出版(京都)","2003.2","","","",""
"521.853","04-5","裏松固禅「院宮及私第図」の研究","藤田勝也 編","中央公論美術出版","2007.2","","","",""
"","","","","","","","","",""
"","","","","","","","","",""
"","","","","","","","","",""
"620.21","04-6","図解　庭造法","本多 錦吉郎 著, ジョサイア・コンドル 英文解説","マール社","2007.8","","本多 錦吉郎, 1850-1921
Conder Josiah, 1852-1920","",""
"629.21","04-6","Landscape gardening in Japan : By Josiah Conder F.R.I.B.A., With numerous illustrations","by Josiah Conder ","Kelly & Walsh (Yokohama),  printed by the Hakubunsha (Ginza) ","1893","","2v.
Josiah Conder, 1852-1920","",""
"629.21","04-6","Supplement to Landscape gardening in Japan : by Josiah Conder F.R.I.B.A., with collotypes by K. Ogawa","by Josiah Conder ; with collotypes by K. Ogawa","Published and sold by Kelly & Walsh (Yokohama),  printed by the Hakubunsha (Ginza) ","1893","","Josiah Conder, 1852-1920
小川 一真, 1860-1929 ","",""
"","","","","","","","","",""
"520.2","04-6","Architectural Preservation in Japan","by Knut Einar Larsen","Published by ICOMOS International (Wood) Committee / Tapir Publishers (Trondheim)","1994",""," Trondheim(ノルウェー)
件名: 文化財保護 (地理区分) / 建築∥保存・修復","",""
"629.21","04-6","龍安寺石庭 : 謎深き庭 : 十五の石をめぐる五十五の推理","細野 透 著","淡交社(京都)","2015.1","","","",""
"629.21","04-6","慈照寺庭園の変遷を論ず","吉永 義信 著","吉永義信","1940.11(昭和15.11)","","吉永義信, 1895-1985
 博士論文(授与大学名 	東京帝国大学)","",""
"","","","","","","","","",""
"721.3","04-6","長谷川等伯","長谷川等伯 [画]
土居次義 編","講談社","1977.6","","編集: 第一出版センター
別冊: 長谷川等伯研究 (土居次義)
帙入","",""
"721.8","04-6","Hiroshige : Meisho Edo hyakkei : Ota Memorial Museum of Art, Tokyo＝歌川広重 : 名所江戸百景 : 浮世絵太田記念美術館","歌川広重 [画] 
メラニー・トレーデ(Melanie Trede)、ローレンツ・ビヒラー(Lorenz Bichler) [文]","Taschen","2008","日本語、英語、フランス語併記","和装 帙入
日本語訳: Hideo Togawa, Yoko Suzuki","貴重書","#江戸べらぼう"
"","","","","","","","","",""
"","","","","","","","","",""
"480.76","04-7","上野動物園百年史　（本編）","東京都、恩賜上野動物園　編集","第一法規出版（株）","1982.3","","「本編」「資料編」に分冊刊行","",""
"480.76","04-7","上野動物園百年史　（資料編）","東京都、恩賜上野動物園　編集","第一法規出版（株）","1982.3","","「本編」「資料編」に分冊刊行","",""
"","","","","","","","","",""
"620.21","04-7","明治園藝史","玉利 喜造 ほか合著, 日本園芸研究会 編","日本園芸研究会","1915(大正4.10)","","","",""
"620.21","04-7","日本園藝発達史","日本園芸中央会 編","有明書房","1975.12","","昭和18年朝倉書店刊(日本園芸会50周年記念)の複製 ","",""
"213.6","04-7","東京市史稿　遊園篇　第4","東京市 編","臨川書店 (京都)","1973-1974","","東京市発行, 昭和4-11年刊の複製 ","",""
"213.6","04-7","東京市史稿　遊園篇　第5","東京市 編","臨川書店 (京都)","1973-1974","","東京市発行, 昭和4-11年刊の複製 ","",""
"","","","","","","","","",""
"791.6","04-7","茶室と茶庭圖解 : 全","杉本 文太郎 著","建築書院","1916(大正5.5)","","第4版, 付:八窓庵開席茶会記","",""
"791.6","04-7","露地・茶庭","北尾 春道 著","彰国社","1956","","北尾 春道, 1896-1972","",""
"791.6","04-7","茶室と庭 : 茶の造形入門 　 (現代教養文庫 363)","重森 三玲 著, 大橋 治三 写真","社会思想社　誠文堂新光社？？","1964.7","","重森 三玲, 1896-1975","",""
"791.6","04-7","茶室と茶庭","保岡 勝也 著","鈴木書店","1941(昭和16.6)","","増補第7版","",""
"","","","","","","","","",""
"521.5","04-7","京都御所","岸田 日出刀 著","相模書房","1954.1","","コイル綴 ","",""
"629","04-7","指定庭園調査報告　第1輯　（京都府）","史蹟名勝天然記念物保護協会 編纂","刀江書院","1928.2 (昭和3.2)","","","",""
"291.22","04-7","無量光院跡 : 岩手県西磐井郡平泉町  (埋蔵文化財発掘調査報告  第3)","文化財保護委員会","文化財保護委員会","1954","抄録英語21P","無量光院の歴史的考察(黒板昌夫) 無量光院跡の位置(斎藤忠) 調査の経過(斎藤忠) 四至(福山敏男) 建築跡(福山敏男) 庭園(吉永義信) 遺物(斎藤忠,三宅敏之) 総括(斎藤忠) 英文要旨","",""
"629","04-7","日本名園記","龍居 松之助 著","嵩山房","1924(大正13)","","竜居 松之助, 1884-1961","",""
"629.21","04-7","最新図解 日本造庭法","杉本 文太郎 著","昭文堂","1925(大正14)","","杉本文太郎,   -1929","",""
"","","","","","","","","",""
"","","","","","","","","",""
"210.52","05-1","隔蓂記　第１　自　寛永12年8月　至　正保2年12月","鳳林 承章 著,  赤松 俊秀 校註","思文閣出版(1958年鹿苑寺公刊の復刻）","1997","","鳳林 承章(1592-1668) ","","#江戸べらぼう"
"210.52","05-1","隔蓂記　第２　自　正保3年正月　至　慶安3年12月","鳳林 承章 著,  赤松 俊秀 校註","思文閣出版","1997","","","","#江戸べらぼう"
"210.52","05-1","隔蓂記　第３　自　慶安4年正月　至　明暦元年12月","鳳林 承章 著,  赤松 俊秀 校註","思文閣出版","1997","","","","#江戸べらぼう"
"210.52","05-1","隔蓂記　第４　自　明暦2年正月　至　萬治3年12月","鳳林 承章 著,  赤松 俊秀 校註","思文閣出版","1997","","","","#江戸べらぼう"
"210.52","05-1","隔蓂記　第５　自　萬治4年正月　至　寛文4年12月","鳳林 承章 著,  赤松 俊秀 校註","思文閣出版","1997","","","","#江戸べらぼう"
"210.52","05-1","隔蓂記　第６　自　寛文5年正月　至　寛文8年6月","鳳林 承章 著,  赤松 俊秀 校註","思文閣出版","1997","","","","#江戸べらぼう"
"210.52","05-1","隔蓂記　総索引　人名・事項・社寺名・地名","鳳林 承章 著,  赤松 俊秀 校註","思文閣出版","2006","","","","#江戸べらぼう"
"","","","","","","","","",""
"791","05-1","三徳庵田中仙樵全集  第7巻 (三徳庵随筆)","田中 仙翁 編","茶道之研究社","1978.12","","","",""
"915.5","05-1","蒹葭堂日記 : 完本  (木村蒹葭堂全集  別巻)","蒹葭堂 著 (木村 巽斎(1736-1802)), 水田 紀久, 野口 隆, 有坂 道子 編著
","藝華書院","2009.5","","「知の巨人」と称される近世大坂の町人学者、木村蒹葭堂の日記の翻刻。若冲の記事あり","","#江戸べらぼう"
"","","","","","","","","",""
"","","","","","","","","",""
"915.3","05-2","成尋阿闍梨母集・参天台五臺山記の研究","島津 草子 著","島津草子 発行, 大蔵出版(発売)","1959.12","","500部限定版
","",""
"182.22","05-2","參天台五臺山記の研究　（関西大学東西学術研究所研究叢刊　26）","藤善 眞澄 著","関西大学出版部","2006.3","","岩倉大雲寺主成尋の入宋旅行記に関する論集","",""
"188.42","05-2","參天台五臺山記　校本並に研究　　（参天台五台山記）","平林 文雄 著","風間書房","1978.6","","","",""
"182.22","05-2","五台山　（東洋文庫　593）","日比野 丈夫, 小野 勝年 著","平凡社","1995.9","","","",""
"188.42","05-2","入唐求法行歴の研究　上　智証大師円珍篇","小野 勝年 著","法蔵館","1982.5","","円珍, 814-891,  円仁に遅れること7年。西暦853年に入唐した智證大師円珍の、入唐以前から唐土、さらには叡山帰還後をも含めた足跡をたどる。","",""
"188.42","05-2","入唐求法行歴の研究　下　智証大師円珍篇","小野 勝年 著","法蔵館","1983.4","","円珍, 814-891,  円仁に遅れること7年。西暦853年に入唐した智證大師円珍の、入唐以前から唐土、さらには叡山帰還後をも含めた足跡をたどる。","",""
"180.222","05-2","于闐國佛教史の研究     ( 于闐国史,僧伽婆爾陀那の于闐懸記,于闐国仏教史の研究(第一第二の解説) )","寺本 婉雅 訳著","国書刊行会","1974","","丁字屋書店 (京都) 大正10年刊の複製","",""
"182.22","05-2","中国仏教四大名山図鑑 : 五台山・峨眉山・普陀山・九華山","秦孟瀟 主編
邱茂 訳","柏書房","1991.10","","監訳: 陳立権","",""
"702.22","05-2","中国石窟　安西楡林窟","敦煌研究院 編","平凡社","1990.10","","監修: <中国石窟・安西楡林窟>編集委員会","",""
"702.22","05-2","中国石窟　敦煌莫高窟　１","敦煌文物研究所 編, 監修: 中国石窟・敦煌文物研究所","平凡社","1987","","","",""
"702.22","05-2","中国石窟　敦煌莫高窟　２","敦煌文物研究所 編, 監修: 中国石窟・敦煌文物研究所","平凡社","1987","","","",""
"702.22","05-2","中国石窟　敦煌莫高窟　３","敦煌文物研究所 編, 監修: 中国石窟・敦煌文物研究所","平凡社","1987","","","",""
"702.22","05-2","中国石窟　敦煌莫高窟　４","敦煌文物研究所 編, 監修: 中国石窟・敦煌文物研究所","平凡社","1987","","","",""
"702.22","05-2","中国石窟　敦煌莫高窟　５","敦煌文物研究所 編, 監修: 中国石窟・敦煌文物研究所","平凡社","1987","","","",""
"748","05-2","特別展　京都　ー洛中洛外図と障壁画の美","東京国立博物館, 日本テレビ放送網
著, ダニエル・モラン訳","日本テレビ放送網","2013.10","","会期・会場: 2013年10月8日-12月1日 東京国立博物館平成館","",""
"721.2","05-2","信貴山縁起　（日本絵巻大成 4）","小松 茂美 編集, 佐和 隆研 執筆","中央公論社","1977.4","","","",""
"721.2","05-2","粉河寺縁起　（日本絵巻大成 5）","小松 茂美 編集, 小松 茂美, 河原 由雄, 松原 茂 執筆","中央公論社","1977","","","",""
"721.2","05-2","石山寺縁起　（日本絵巻大成 18）","小松 茂美 編集, 小松 茂美 ほか執筆","中央公論社","1978.7","","","",""
"","","","","","","","","",""
"","","","","","","","","",""
"709.192","05-3","特別史跡　名護屋城跡並びに陣跡３文禄・慶長の役城跡図集  (佐賀県文化財調査報告書. 第81集)","中村 質, 長 正統, 長 節子 編著","佐賀県教育委員会","1985.3","","付 (図20枚 外箱入) : 図録編帙入","貴重書",""
"629.21","05-3","Japanese garden construction / 日本庭園築造法","by Samuel Newsom","Published under the Auspices of Domoto, Kumagawa and Perkins ( (奥付) : 東京 倭文社 1939.11 )","1939","英語","","",""
"793","05-3","花道古書集成　第1期 第2巻","華道沿革研究会 編","大日本華道会","1930","","","",""
"210.1","05-3","鹿苑日録　第１巻　自 長享元年　至 天文７年","辻 善之助 編纂, ほか校訂","続群書類従完成会","1991","","日本--歴史--江戸時代 ","",""
"210.1","05-3","鹿苑日録　第２巻　自 天文８年　至 慶長２年","辻 善之助 編纂, ほか校訂","続群書類従完成会","1991","","日本--歴史--江戸時代 ","",""
"210.1","05-3","鹿苑日録　第３巻　自 天正19年　至 慶長６年","辻 善之助 編纂, ほか校訂","続群書類従完成会","1991","","日本--歴史--江戸時代 ","",""
"210.1","05-3","鹿苑日録　第４巻　自 慶長７年　至 慶長15年","辻 善之助 編纂, ほか校訂","続群書類従完成会","1991","","日本--歴史--江戸時代 ","",""
"210.1","05-3","鹿苑日録　第５巻　自 慶長12年　至 寛永３年","辻 善之助 編纂, ほか校訂","続群書類従完成会","1991","","日本--歴史--江戸時代 ","",""
"210.1","05-3","鹿苑日録　第６巻　自 寛永５年　至 慶安元年","辻 善之助 編纂, ほか校訂","続群書類従完成会","1991","","日本--歴史--江戸時代 ","",""
"","","","","","","","","",""
"914","05-3","槐記　享保9年正月4日－享保20年正月7日　（和装本、８綴）","近衛家熈 口授, 山科道安 筆記,  東坊城徳長 校訂","山田茂助（京都）","1900.12(明治33.12 )","","18世紀初頭の摂関・太政大臣であった近衛家熙の言行を、その侍医 山科道安が記した日記。享保9年（1724年）正月～享保20年（1735年）正月まで。公家の文化や学問に関する記述が多く、特に茶の湯や香道、花道に関する文献として重視されている。","貴重書","#江戸べらぼう"
"914","05-3","槐記注釈　（和装本、上中下）","近衛家熈 口授, 山科道安 筆記,  佐伯大太郎 注釈","立命館出版部","1937 (昭和12)","","18世紀初頭の摂関・太政大臣であった近衛家熙の言行を、その侍医 山科道安が記した日記。享保9年（1724年）正月～享保20年（1735年）正月まで。公家の文化や学問に関する記述が多く、特に茶の湯や香道、花道に関する文献として重視されている。","貴重書","#江戸べらぼう"
"724.2","05-3","芥子園画伝 : 初集　 山水樹石　上冊･下冊（布帙入）","[王概 (清代) 等著], 青木 正児 訳注, 入矢 義高 校訂","筑摩書房","1975.7","","限定200部の内 第150番
芥子園畫傳 初集 : 山水樹石","",""
"724.2","05-3","芥子園画伝 :　全本　( 山水, 蘭竹梅菊, 花卉翎毛, 人物)","王概 等編","浙江古籍出版社(杭州,中国)","1998.4","","ISBN: 978-7805184234","",""
"","","","","","","","","",""
"","","","","","","","","",""
"291.62 ","05-4","都林泉名勝図会（６冊一式, 四ツ目和綴じ, 帙入）","秋里籬島 著述、佐久間草偃,西村中和,奥文鳴 畫","出版地：心齋橋通北久太郎町(大阪)
出版社：河内屋喜兵衛","1799[寛政11]序","","","貴重書","#江戸べらぼう"
"291.62","05-4","都名所図会（６冊一式、四ツ目和綴じ）","秋里 籬島  撰、竹原 信繁（春朝齋） 畫、原田 幹 校訂","出版社：河内屋, 太助","1786(天明6年 )","","","貴重書","#江戸べらぼう"
"291.62","05-4","再撰 花洛名勝図会　東山之部ほか（８冊一式, 帙入）","著者 	木村明啓, 川喜多真彦編 ; 梥川安信 [ほか] 圖畫
著者:暁, 鐘成(1世), 著者:松川, 半山","出版社：須原屋新兵衛 [ほか]、敦賀屋彦七 [ほか]、田中屋専助","1864 [元治1年]
","","","貴重書","#江戸べらぼう"
"","","","","","","","","",""
"721.7","05-4","青山園荘図・戸山山荘図藁 （ 折本, 帙入, 2冊）","谷文晁筆 ","國華社（東京）","","","折本, 2冊","貴重書","#江戸べらぼう"
"721.7","05-4","和漢名畫苑（和漢名画苑）　（５冊一式(６冊中), 帙入）","法眼春卜一翁 纂","京都堀川通佛光寺下町　河南四郎右衛門、
大坂心斎橋安堂寺町、大野木市兵衛
江戸　須原屋伊八","1750(寛延3年刊本の求板)","","内容細目: 狩野派の流れを汲む大岡春卜が模写した古画を集めた絵手本｡ 画人と画題:巻1 漢流之部, 巻2 土佐流之部, 巻3 雪舟家之部, 巻4 古法眼流之部, 巻5 探幽流之部, 巻6 雑諸流之部｡","貴重書","#江戸べらぼう"
"721.7","05-4","京名所二十四景（折本１４枚、蛇腹状）","","","","","蛇腹状（修復の際一枚づつに）","貴重書",""
"","","","","","","","","",""
"","","","","","","","","",""
"702.1","05-5","雪舟とやまと絵屏風 : 南北朝・室町の絵画 2 　(日本美術全集 13)","大河 直躬 [ほか] 編","講談社","1993.10","","","",""
"702.17","05-5","醍醐寺大観. 第2巻　絵画(古代・中世)","西川新次, 山根有三 監修
有賀祥隆 [ほか]編","岩波書店","2002.5","","","",""
"748","05-5","三徳山三佛寺","三朝町教育委員会 編纂","サン文庫","1983.3","","奥付タイトル:三徳山三佛寺 : 写真集
背表紙タイトル:三徳山三仏寺
監修: 米田良中
限定版","",""
"","","","","","","","","",""
"629.2","05-5","相阿弥流 盆景圖　盆山？　２巻","貞信 傳","[製作者不明]","","","巻物","貴重書",""
"629.2","05-5","山水並 (井) 野形図　１巻物と解題　（心蓮院書籍）","信厳、文政元年(1818)に書写","仁和寺心蓮院書籍","1930(昭和5.4)","","巻物, 原本: 山水並に野形図:増円著","貴重書",""
"","","","","","","","","",""
"","","","","","","","","",""
"640","05-6","家禽圖譜","佐藤　信平 編","東京家禽雜誌社","1896.12","","","貴重書",""
"","","","","","","","","",""
"620","05-6","築山庭造法　（上中下３冊、帙）","中島 春郊  (信義）著","青木嵩山堂（東京）、
青木恒三郎（大阪）","1896(明治29.1)","","","貴重書","#江戸べらぼう"
"629.21","05-6","東山殿御流　景盆名勝之図　（２冊、帙）","**","**","","","","貴重書",""
"629.21","05-6","新撰庭作傳 : 築山山水・石垣園生・八重垣 　（４冊一式、各冊タイトル：花鳥風月）","編輯社：松室八千三
原著：籬島軒秋里大人、山田鋤月居士画、仙園松之本三室(松室三室)増補編輯","圭文堂柏原梓（柏原圭文堂、大坂）、柏原政次郎","1894(明治27年7月新版)","","","貴重書","#江戸べらぼう"
"291.31","05-6","常磐公園攬勝図誌（乾坤　２巻）
ときはこうえんらんしゅうずし","松平 俊雄 編述","北沢清三郎 (印刷者、水戸)","1885(明治.18.11)","","","貴重書",""
"","","","","","","","","",""
"629.21","05-6","築庭秘事　 (+別冊 : 庭造古書集録) 　 (2冊、帙)","","庭造古書（東京）","1970.8","","","貴重書",""
"629.21","05-6","築山山水傳　上下　（２冊）","**","浪華書肆、
浪吉文字屋市兵衛版(大阪)","1808(文化5頃)","","","貴重書","#江戸べらぼう"
"629.21","05-6","後楽園誌　上下　（2冊）","木畑 道夫 編","森禎蔵(岡山)","1895(明治28.5)","","","貴重書",""
"","","","","","","","","",""
"629","05-6","菱川余景作り庭の図　（2冊）","菱川 師宣 (1618-1694) 画,
稀書複製会 編
","米山堂(東京)
（原本：柏屋与市[江戸] ）","1919(大正8)
1680（延宝8 ）","","","貴重書","#江戸べらぼう"
"291.6","05-6","京都順覧記（３冊セット）","池田東籬亭 編、中村有楽 図画","出版地：京都
出版社：竹原好兵衛","1831(天保2)","","","貴重書","#江戸べらぼう"
"629.21","05-6","京都めぐり（２冊）","下河邊拾水子　筆者書画
貝原先生編述　梅野本）","九屋善兵衛（京都）
書林　瑞錦堂","1784(天明4)","","","貴重書","#江戸べらぼう"
"291.99","05-6","沖縄志　一名 琉球志 1～5　(和装, 布帙)","伊地知貞馨 著　(1826-1887). 重野安 繹校","石川治兵衛 (東京)
 印記: 亀田蔵書 ","1877(明治10.3)","","5冊","貴重書",""
"","","","","","","","","",""
"","","","","","","","","",""
"721.0248","05-7","秀吉の御所参内・聚楽第御幸図屏風","狩野 博幸 著","青幻舎 (京都)","2010.10","","","",""
"702.17","05-7","国宝醍醐寺展 : 山からおりた本尊 ","東京国立博物館, 総本山醍醐寺, 日本経済新聞社 編","日本経済新聞社","2001.4","","会期: 平成13年4月3日-5月13日 ","",""
"702.17","05-7","京都・醍醐寺 = Daigoji Temple : 真言密教の宇宙","サントリー美術館, 九州国立博物館, 日本経済新聞社 編","日本経済新聞社","2018.9","","会期・会場: 平成30年9月19日-11月11日 サントリー美術館ほか ","",""
"702.17","05-7","国宝醍醐寺のすべて : 密教のほとけと聖教 : 醍醐寺文書聖教7万点国宝指定記念特別展 ","奈良国立博物館 編","奈良国立博物館 [奈良], 共同刊行: 日本経済新聞社 ","2014.7","","会期・会場: 平成26年7月19日-9月15日 奈良国立博物館 ","",""
"185.9162","05-7","平等院鳳翔館","神居文彰 [ほか] 編","平等院","2002.4","","その他の編者: 宮城俊作, 沢野直弥, 植田正則","",""
"188.45","05-7","三井寺 : 不死鳥の寺    (智証大師一千百年御遠忌記念)","編集協力: 新集社 ","総本山園城寺(三井寺, 大津)","1990.6","","","",""
"188.45","05-7","清水寺","**","清水寺","1994.11","","英文概要あり","",""
"702.17","05-7","奈良西大寺展 : 創建1250年記念 : 叡尊と一門の名宝","三井記念美術館, あべのハルカス美術館, 山口県立美術館, 真言律宗, 総本山西大寺, 日本経済新聞社 編","日本経済新聞社","2017.4","","会期・会場: 平成29年4月15日-6月11日 三井記念美術館ほか ","",""
"702.17","05-7","大徳寺の名宝 : 曝涼品図録","大徳寺 (京都市)","大本山大徳寺	[京都]","1997.10","","","",""
"702.17","05-7","智恩寺と天橋立","若杉 準治 監修","天橋山智恩寺	[宮津]","1999.5","","","",""
"629.2","05-7","心に語る　勝尾寺の自然と庭","企画:荒木造園設計 ","応頂山勝尾寺 (箕面)","1993","","","",""
"629.21","05-7","特別展 平林寺　(平林僧堂開単100年野火止用水350年記念)","埼玉県立博物館, 平林寺 編","埼玉県立博物館","2003.10","","展覧会図録,  会期･会場: 2003年10月11日-11月24日, 埼玉県立博物館 ","",""
"210.38","05-7","平泉 : 毛越寺と観自在王院の研究","藤島 亥治郎 編","東京大学出版会","1961","","","",""
"212.203","05-7","平泉の仏教史 : 歴史・仏教・建築　　(平泉の文化史 2)","菅野 成寛 監修","吉川弘文館","2020.7","","","",""
"212.203","05-7","中尊寺の仏教美術 : 彫刻・絵画・工芸　　(平泉の文化史 3)","菅野 成寛 監修,  浅井 和春, 長岡 龍作 編","吉川弘文館","2021.4","","","",""
"702.1922","05-7","平泉 : みちのくの浄土    特別展","NHK仙台放送局, NHKプラネット東北 編","NHK仙台放送局, 共同刊行: NHKプラネット東北 ","2008.11","","会期・会場: 平成20年11月14日-12月21日 仙台市博物館ほか ","",""
"172 ","05-7","聖地への憧れ : 中世東国の熊野信仰 　特別展","神奈川県立歴史博物館 編","神奈川県立歴史博物館","2005.10","","会期・会場: 平成17年10月8日-11月20日 神奈川県立歴史博物館 ","",""
"160.4","05-7","聖地と聖人の東西 : 起源はいかに語られるか","藤巻 和宏 編","勉誠出版","2011.8","","","",""
"","","","","","","","","",""
"292.209","05-7","入唐求法巡礼行記　１　円仁　（東洋文庫　157）","円仁 著, 足立 喜六 訳注, 塩入 良道 補注","平凡社","1970","","","",""
"292.209","05-7","入唐求法巡礼行記　２　円仁　（東洋文庫　442）","円仁 著, 足立 喜六 訳注, 塩入 良道 補注","平凡社","1985.2","","","",""
"292.2","06-7","円仁慈覚大師の足跡を訪ねて : 今よみがえる唐代中国の旅","阿南・ヴァージニア・史代 著, 小池 晴子 訳","ランダムハウス講談社","2007.10","","","",""
"188.42","06-7","円仁唐代中国への旅 : 『入唐求法巡礼行記』の研究　　(講談社学術文庫 1379)
 	原タイトル: Ennin's travels in T'ang China ","E.O.ライシャワー(Reischauer, Edwin Oldfather, 1910-1990) 著,  田村 完誓 訳","講談社","1999.6","","『世界史上の円仁』 (実業之日本社1963年刊) の改題 ","",""
"911.6","06-7","梁塵秘抄　  (新潮日本古典集成  31)","後白河院 撰,  榎 克朗 校注","新潮社","1979.10","","","",""
"186.918","05-7","四国遍路研究","近藤 喜博 著","三弥井書店","1982","","函あり","",""
"791.2","05-7","『茶経』と我が国茶道の歴史的意義","千宗室 著","淡交社(京都)","1983.11","","","",""
"185.9162","05-7","法隆寺","小学館 編","法隆寺","2006.12","","ﾊﾟﾝﾌﾚｯﾄ","",""
"185.9162","05-7","退蔵院","**","退蔵院","**","","ﾊﾟﾝﾌﾚｯﾄ","",""
"185.9162","05-7","大仙院　付：大徳寺山内","**","大仙院","**","","ﾊﾟﾝﾌﾚｯﾄ","",""
"175","05-7","代々木の杜をあるこう　ー明治神宮を知る","**","明治神宮、明治神宮崇敬会","2014.12","","ﾊﾟﾝﾌﾚｯﾄ","",""
"522.2","05-7","中国建築の歴史","中国工程部建築科学研究院建築理論･歴史研究室中国建築史編集委員会 編,  田中淡 訳編","平凡社","1981.10","","","",""
"188.84","05-7","夢窓國師語録","禅文化研究所 編集","大本山天龍寺","1989.1","","天龍寺開創650年記念出版","",""
"385.6","05-7","これだけは見ておきたい　世界のお墓　199選
 	原ﾀｲﾄﾙ: 199 CEMETERIES TO SEE BEFORE YOU DIE ","ローレン・ローズ (Rhoads, Loren) 著,  立石 弘道 監訳,  森田 由香 訳","国書刊行会","2021.7","","","",""
"915.3","05-7","成尋阿闍梨母集・参天台五臺山記の研究","島津 草子 著","島津草子 発行, 大蔵出版(発売)","1959.12","","500部限定版
","",""
"288.2 ","05-7","日本史　諸家系図　人名辞典","監修：小和田 哲男, 編集委員：小和田 哲男, 菅原 正子, 仁藤 敦史","講談社","2003.11","","","",""
"","","","","","","","","",""
"","","","","","","","","",""
"521.853","06-1","寝殿造の研究　新装版","太田  静六 著","吉川弘文館","2010.7","","","",""
"521.825","06-1","京都御所造営録 : 造内裏御指図御用記　1-5","詫間 直樹 編","中央公論美術出版","2010-2015","","","",""
"521.5","06-1","中井家文書の研究　第1-10巻　内匠寮本図面篇 1-10","平井聖 [ほか] 著","中央公論美術出版","1976-1985","","","",""
"","","","","","","","","",""
"","","","","","","","","",""
"629.235","06-2","Jardins de Versailles ","Michel Baridon ; photographies de Jean-Baptiste Leroux","Actes SUD / Motta","2001","フランス語","ISBN: 2742732454,
ベルサイユの庭園","",""
"629.235","06-2","Versailles un jardin à la française","Stephane Pincas,  Maryvonne Gilotte","Editions de la Martinière","1995","フランス語","ISBN: 978-2732-42794-2, 
ヴェルサイユ　フランス式庭園","",""
"629.235","06-2","Versailles Disparu : une Vision Argumentée","Gouaches et dessins de Thierry Bosquet, Texte de Philippe Dasnoy, Preface de Philippe Beaussant","Editions Acatos","2001","フランス語","ISBN: 294-0033-77-3, 
消えたベルサイユ","",""
"629.235","06-2","Les jardins de Versailles","Pierre-André Lablaude","SCALA","2005","フランス語","ISBN: 2-86656-359-X, 
ベルサイユの庭園","",""
"629.235","06-2","The Gardens of Versailles 
　(Translated from the French by Fiona Biddulph and Judith Hayward)
","Pierre-André Lablaude ; photographs by Jacques de Givry","Editons SCALA","2005","英語","ISBN: 2-86656-360-3,
ヴェルサイユの庭園　（フランス語版からの翻訳）","",""
"629.235","06-2","The Gardens of Versailles 
　(Translated from the French by Fiona Biddulph and Judith Hayward)
","Pierre-André Lablaude ; photographs by Arnaudet et Shormans","Editons SCALA","1995 / 1998","英語","ISBN: 978-2866-56174-1, 
ヴェルサイユの庭園　（フランス語版からの翻訳）","",""
"","","","","","","","","",""
"629.235","06-2","Versailles  Le Grand Parc ","Jacques de Givry,  Vincent Maroteaux","JDG: Jaques de Givry Publications","2004","フランス語","ISBN: 2911888081
ヴェルサイユ：大庭園","",""
"629.235","06-2","The Sun King's garden : Louis XIV, André Le Nôtre and the creation of the gardens of Versailles ","Ian Thompson","Bloomsbury","2006","英語","ISBN: 978-1-58234-631-1, 
太陽王の庭園：ルイ14世とルノートル、その他の芸術家による","",""
"629.235","06-2","Jardiner à Paris au Temps des Rois","Muséum national d'histoire naturelle, Parcs et Jardins de la Ville de Paris - Bagatelle ; préfaces, Jean-Pierre Babelon, Bertrand-Pierre Galey ; sous la direction de Martine Constans ; avec la collaboration de Yves-Marie Allain ... [et al.]","Action artistique de la ville de Paris","2003","フランス語","ISBN: 2-913246-48-6, 
パリの造園家：王の世紀における","",""
"629.235","06-2","André le Nostre : 1613-1700 : ""Les Grands Architectes"" ","Ernest de Ganay","Éditions Vincent, Fréal","1962","フランス語","アンドレ・ル・ノートル: 1613-1700: 「偉大な建築家」","",""
"","","","","","","","","",""
"629.235","06-2","Jardins et Jardiniers de Versailles au Grand Siècle ","Dominique Garrigues ; préface de Joël Cornette","Champ Vallon","2001","フランス語","ISBN: 2876733374
ベルサイユ庭園とその庭師：偉大なる世紀における","",""
"629.235","06-2","André Le Nôtre in perspective","edited by Patricia Bouchenot-Déchin and Georges Farhat"," Paris : Hazan ; New Haven : distributed by Yale University Press","2013","フランス語","ISBN: 9780300199390 ","",""
"629.235","06-2","I Giardini di Le Notre","Renata Lodari","Umberto Allemandi ＆C.","2000","イタリア語","ISBN: 8842209635
ル・ノートルの庭園","",""
"629.235","06-2","Le Nôtre's Gardens ","Photographs by Michael Kenna,  Text by Eric T. Haskell","[トレヴィル]東京","1997","フランス語","ルノートルの庭園, 
Exhibition catalogue""Exhibition ... organized by the Huntington Library, Art Collections, and Botanical Gardens, San Marino, California, Virginia Steele Scott Gallery, February 18-April 20, 1997""--T.p. verso邦訳ブックレット付(13p)","",""
"629.235","06-2","The World of André Le Nôtre","Thierry Mariage ; translated by Graham Larkin ; foreword by John Dixon Hunt","University of Pennsylvania Press","1998","英語","アンドレ・ルノートルの世界","",""
"629.235","06-2","Le Nôtre, un inconnu illustre ?       (Idées et débats)","Coordination éditoriale: Caecilia Pieri","MONUM, Éditions du patrimoine","2003","フランス語","ISBN: 2858226539
ルノートル：知られざる偉人","",""
"629.235","06-2","André Le Nôtre :  Gardener to the Sun King","Érik Orsenna ; translated from the French by Moishe Black","George Braziller","2001","英語","ISBN: 9780807614877
アンドレ・ル・ノートル: 王様の庭師","",""
"629.235","06-2","Les jardins de Le Nôtre à Versailles : Plans de Jean Chaufourier","Présentation et commentaires de Pierre Arizzoki-Clénentel","Alain de Gourcuff Editeur","2000","フランス語","ル・ノートルのベルサイユの庭園：ジャン・ショーフーリエの設計図","",""
"629.235","06-2","Andre le Notre (1613-1700) et les Jardins de Chantilly 
André Le Nôtre et les jardins de Chantilly aux XVIIe et XVIIIe siècles ","Nicole Garnier-Pelle ; préfaces de Gabriel de Broglie, et de S.A. l'Aga Khan","Somogy Editon d'Art","2013","フランス語","ISBN: 2850563978
アンドレ ル ノートル (1613-1700) とシャンティーの庭園 ","",""
"","","","","","","","","",""
"","","","","","","","","",""
"","","","","","","","","",""
"291.09","06-3","United States Japan Expedition  Vol.1 :  Narrative of the expedition of an American squadron to the China Seas and Japan, performed in the years 1852, 1853, and 1854, under the command of Commodore M. C. Perry, United States Navy, by order of the Government of the United States.","M.C.Perry, Commodore of Navy department (Perry, Matthew Calbraith, 1794-1858)","published by order of the Congress of the United States, 1856.  ","1856","英語","ペリー提督「日本遠征記」/ アメリカ日本遠征 Vol.1 ｰｰNatural History and Illustrations, with various reports. ;  F・L・ホークス 編纂","貴重書","#小笠原"
"291.09","06-3","United States Japan Expedition  Vol.2 :  Narrative of the expedition of an American squadron to the China Seas and Japan, performed in the years 1852, 1853, and 1854, under the command of Commodore M.C. Perry, United States Navy, by order of the Government of the United States.","M.C.Perry, Commodore of Navy department (Perry, Matthew Calbraith, 1794-1858)","published by order of the Congress of the United States, 1856.  ","1856","英語","ペリー提督「日本遠征記」/ アメリカ日本遠征 Vol.2 ｰｰAstronomical Observations.  ","貴重書","#小笠原"
"291.09","06-3","United States Japan Expedition  Vol.3 :  Observations on the zodiacal light, from April 2, 1853, to April 22, 1855, made chiefly on board the United States steam-frigate Mississippi, during her late cruise in the eastern seas, and her voyage homeward : with conclusions from the data thus obtained ; by Rev. George Jones, A.M., chaplain United States Navy.","M.C.Perry, Commodore of Navy department (Perry, Matthew Calbraith, 1794-1858)","published by order of the Congress of the United States, 1856.  ","1856","英語","ペリー提督「日本遠征記」/ アメリカ日本遠征 Vol.3 ｰｰHydrography of the Expedititon.  内表紙：  v. 3. """"","貴重書","#小笠原"
"910.4","06-3","M.Leod’ｓVoyage of the Alceste to Lewchew / Voyage of his majesty's Ship Alceste, Coast of Corea, to the Island of Lewchew ; with an Account of her Subsequent Shipwreck.","John M'Leod（ 1777?-1820）, Surgeon, of the Alceste","John Murray（London）","1818","英語、古本","M.レオドのアルセステ号、琉球島への航海：朝鮮沿岸から琉球島へ、そして座礁（アルセスト号朝鮮・琉球航海記）ｰｰｰ（皮表紙）","貴重書",""
"","06-3","Dissertations sur l'Arche de Noe, et sur l'Hemine et la Livre de S. Benoist."," Jean Le Pelletier (1633-1711,né a Rouen)","A Rouen Chez Jean B. Besongne (Book seller; Jean-Baptiste Besongne: 1646-1730）","1700","フランス語、古本","ノアの箱舟、アーミンとサン・ブノワの書に関する論文　ｰｰｰ（皮表紙）","貴重書",""
"489.7","06-3","象　上","砂本 悦次郎 著","世尊普賢会出版部 (大阪)","1931","","（皮表紙）","貴重書",""
"489.7","06-3","象　下","砂本 悦次郎 著","世尊普賢会出版部 (大阪)","1931","","（皮表紙）","貴重書",""
"678.21033","06-3","Report  on Japan to the Secret Committee of the Englisha East India Company  (東インド会社への日本報告 (地図及び絵入り　版元ｸﾛｽ装丁 )","by Sir Stamford Raffles(1812-1816), with Preface and Notes by M. Paske-Smith, D. B. E.
 (ラッフルズ著)","J.L. Thompson & Co.(神戸)
崇文荘書店","1929.8","","with preface by Paske-Smith, Montague (1886-1946)","",""
"629.235","06-3","Grammaire des Jardins : Secrets de métier","René Pechère (ルネ・ぺシェール)","Edditions Racine","2011","フランス語","ISBN: 2873862807
庭園文法 秘密の技","貴重書",""
"952","06-3","Cyrano de Bergerac ; Comédie héroïque en cinq actes","Edmond Rostand / Edition illustree de dessins originaux de Joseph Hemard","Le Livre du Bibliophile Georges Briffaut, Editeur","1897","フランス語、古本","「シラノ・ド・ベルジュラック」 ; 5幕による英雄喜劇","貴重書",""
"","","","","","","","","",""
"","","","","","","","","",""
"629.2","06-4","The Century Book of Gardening ; a comprehensive work for every lover of the garden","E. T. Cook ","The Offices of ""Country life","1900?","英語","布表紙、古い","貴重書",""
"629.2","06-4","A History of Garden Art　V.1    [edited by Walter P. Wright ; translated from the German by Mrs. Archer-Hind]","edited by Walter P. Wright ; translated from the German by Mrs. Archer-Hind","Hacker Art Books","1979","英語","庭園芸術の歴史　（ドイツ語版からの翻訳)","貴重書",""
"629.2","06-4","A History of Garden Art　V.2　[edited by Walter P. Wright ; translated from the German by Mrs. Archer-Hind]","edited by Walter P. Wright ; translated from the German by Mrs. Archer-Hind","Hacker Art Books","1979","英語","庭園芸術の歴史　（ドイツ語版からの翻訳）","貴重書",""
"629.2","06-4","Geschichte der Gartenkunst","Marie Luise Gothein","Diederichts","1988/ 1926","ドイツ語","庭園芸術の歴史, first published in 1914 ","貴重書",""
"629.2","06-4","Geschichte der Gartenkunst","Marie Luise Gothein","Diederichts","1988/ 1926","ドイツ語","庭園芸術の歴史","貴重書",""
"","","","","","","","","",""
"629.235","06-4","Views and Plans of the Petit Trianon at Versailles (dans le case)","Introduction and commentaries by Pierre Arizzoki-Clénentel","Alain de Gourcuff Editeur","1998","英語","ISBN: 2909838307
ベルサイユのプチ・トリアノンの眺めと計画","",""
"629.235","06-4","Views of the Gardens at Marly　Lous XIV: royal gardener"," Gerard Mabille","Alain De Gourcuff","1998.1","英語","マルリー宮殿の庭園（フランス）：ルイ14世の作らせた（最後の）庭","",""
"629.235","06-4","Une Promenade à Versailles et aux Trianons : avec 40 Eaux-Fortes par Eugène Sadoux.","par Philippe Gille / L. Bernard and E. Flammarion (Editeur a Versailles)","","1892","","古書, ウジェーヌ・サドゥーのエッチング40枚付き。","貴重書",""
"629.235","06-4","Traité du jardinage selon les raisons de la nature et de l'art     (Réimpression de l'édition originale Paris 1638, presentée par IRIS Lauterbach)","Jacques Boyceau de La Baraudiere","Verlag Dr. Alfons UHL(Nördlingen, DU)","1997","","ISBN: 3921503965","貴重書",""
"","","","","","","","","",""
"","","","","","","","","",""
"629.235","06-5","Le Notre (1613-1700) : Jardinier de Louis XIV et Autres Grands  (Collection ""Les Grands Artistes"")","Librairie de la Nouvelle Faculte","Editions de la Tourelle","1974","フランス語","ル・ノートル (1613-1700): ルイ14世の庭師とその他偉大な芸術家","",""
"629.235","06-5","La théorie et la pratique du jardinage, où l'on traite à fond des beaux jardins appellés communément les jardins de plaisance et de propreté avec les pratiques de géométrie nécessaires pour tracer sur le Terrein toutes sortes de figures et un traité d'hydraulique convenable aux jardins     "," A.J. Dezallier D'Argenville","Actes sud","2003","フランス語","園芸の理論と実践：","",""
"629.235","06-5","L'Art des jardins; traité général de la composition des parcs et jardins
","E. Andre","G. Masson","1879?","フランス語","庭園の芸術：公園と庭園の構成","貴重書",""
"629.235","06-5","Jacques Boyceau and the French Formal Garden ","Franklin Hamilton Hazlehurst","Athens/University of Georgia Press?","1966","英語","ジャック・ボワソー(Boyceau de la Baraudière, Jacques)とフランス式整形庭園","",""
"","","","","","","","","",""
"629.235","06-5","Manière de Montrer les Jardins de Versailles par Louis XIV","Louis XIV, King of France ; [préface par Jean-Pierre Babelon ; introduction et commentaires par Simone Hoog]","Réunion des musées nationaux","1992","フランス語","ISBN: 271182439X
ルイ 14 世によるベルサイユの庭園の見せ方","",""
"629.235","06-5","Map of the Gardens of Versailles and Trianon : Complet list of sculpted works","Simone Hoog Conservateur en Chef au Musee National de Versailles et de Trianon","Musee National de Versailles et de Trianon","","英語","パンフ, ベルサイユ庭園とトリアノン庭園：彫刻作品全リスト・地図","",""
"629.235","06-5","Le Potager du roi / The King's Vegetable Garden","Stephanie de Courtois","Actes SUD / Ecole Nationale Supérieure du Paysage","2003","フランス語/英語","王様の菜園, 英仏語版
ISBN: 274274505X","",""
"629.235","06-5","Le Potager du Roi","Stephanie de Courtois","Actes SUD / Ecole Nationale Supérieure du Paysage","1998","フランス語","王様の菜園","",""
"629.235","06-5","Edouard André (1840-1911)  : Un paysagiste botaniste sur les chemins du monde","Richard Edwards, Neo Typo / Sous la direction de Florence André et Stéphanie de Courtois","Editions de l'Imprimeur (Besançon)","2001","フランス語","ISBN: 2910735354 (pbk.)
エドゥアール・アンドレ (ルノートルの孫, 1840-1911, フランスの造園家): 世界各地を旅した景観・植物学者","",""
"","","","","","","","","",""
"290.13","06-5","風景の経験 : 景観の美について","ジェイ･アプルトン 著(Appleton, Jay),  菅野 弘久 訳","法政大学出版局","2005.12","","原ﾀｲﾄﾙ: The experience of landscape. (Rev.ed.) ","",""
"629","06-5","囲われたエデン","涌井 史郎 著","無鄰菴","","","雑誌「ソトコト」に連載の全12篇(2003.6-2004.5)から抜粋し纏めたもの。","",""
"","","","","","","","","",""
"629.235","06-5","Manière de montrer les jardins de Versailles.  Précédé de Manière de montrer les jardins de Versailles, une invitation à la promenade","Catherine Szànto pour la preséntation","Paris : Éditions B2 ","2013","フランス語","ISBN: 9782365090186
「ルイ 14 世によるベルサイユの庭園の見せ方」の紹介","",""
"702.05","06-5","ヴェルサイユの庭園 のぞきからくり絵本 : 復刻版      ( Telescopic View : The Gardens at Versailles 1830)","制作：プラクティカル　アドバンス・エフ","大日本絵画","2007/ 2005","","蛇腹式, 外箱入 (13×15cm) 。, 静止画資料, 原本発行1830年 。クラシックえほん。","",""
"","","","","","","","","",""
"629.235","06-5","Versailles　3セットの1　Manière de montrer les jardins de Versailles suivi de Charles Perrault Le Labyrinthe de Versailles","Louis XIV, Charles Perrault ","Mercure de France","1999","フランス語","3冊ｾｯﾄ、函入り","",""
"629.235","06-5","Versailles　3セットの2　Relation de la fête de Versailles du dix-huit juillet mille six cent soixante-huit","André Félibien","Mercure de France","1999","フランス語","3冊ｾｯﾄ、函入り","",""
"629.235","06-5","Versailles　3セットの3　La Promenade de Versailles","Madeleine de Scudéry","Mercure de France","1999","フランス語","3冊ｾｯﾄ、函入り","",""
"629.237","06-5","L’immagine delle ville medicee","**","Museo della Villa Medicea della Petraia","","イタリア語","2013 年に世界遺産に登録されたヴィラ メディチ デ ラ ペトライア（メディチ家別荘）のイメージ","",""
"","","","","","","","","",""
"708.7","06-5","ヴェルサイユ訪問　  Versailles : A private visit to the most famous château in the world  （フランス国立美術館連合公認） 	ビデオカセット1巻 (60分)","ヴェルサイユ宮殿, フランス国立美術館連合, モンパルナスプロダクション 共同制作,  ジェラール・コルビオ監督","NHKソフトウェア","2001","","ISBN: 4872440803,
造園ーフランス
並列タイトル: Versailles : a private visit to the most famous château in the world","",""
"708.7","06-5","ルーブル美術館　11　太陽王の世紀　ールイ4世とベルサイユ　（VIDEO　ビデオカセット1巻(50分)）","日仏共同制作,  監修 : 高階秀爾 ","NHKサービスセンター","1980","","造園ーフランス","",""
"","","","","","","","","",""
"","","","","","","","","",""
"182.221","06-6","国立公園 慶州佛國寺観光","**","宇進観光文化社","","ハングル、英語、日本語","写真集","",""
"","","","","","","","","",""
"182.22","06-6","五臺山　Mount Wutai : World nature & culture heritage nomination ground","（前書:中国・山西省副省長 張健氏?)","[出版者不明]","","中国語･英語","別ﾀｲﾄﾙ: 靈峰聖境五臺山
Fairyland of the mountain Wutai","",""
"182.22","06-6","五台山佛教史　（上）","崔 正森 著","山西人民出版社","2000.7","中国語","ISBN: 7203040186","",""
"182.22","06-6","五台山佛教史　（下）","崔 正森 著","山西人民出版社","2000.7","中国語","ISBN: 7203040186","",""
"182.22","06-6","五台山の寺々　ー中国仏教交流の源泉をたずねて","二橋 進 著","中山書房仏書林","1986.8"," ","","",""
"182.22","06-6","山西五輪観光ガイド　ー華夏の文明　山西の風光","総合企画:籍振芳,  翻訳:横山 誠四郎","山西省旅游局","","","","",""
"182.22","06-6","佛光寺","山西省古建築保護研究所　編","三晋出版社（中国）","2008.9","中国語・英語","ISBN:9787805989884
文化遺産「五台山」の一部","",""
"","","","","","","","","",""
"629.22","06-6","説園","陳 從周 著, 佐藤 昌・河原 武敏 訳","日本造園修景協会・東洋造園研究会","1986.9","","陳 従周, 1915-,  中国文併記 ","",""
"222","06-6","アロー戦争と円明園 : 支那外交史とイギリス","矢野 仁一 著","弘文堂書房","1939(昭和14.9 )","","","",""
"629.22","06-6","苏州古典园林　(蘇州古典園林)","刘敦桢 著","中国建筑工业出版社(北京)","1979.1","中国語","蘇州古典庭園","",""
"629.22","06-6","圓明園遺址公園　　Yuanmingyuan Park -An Eternal Monument","上官豊 編","新世界出版社(北京)","2002.2","中国語・英語","ISBN: 7800056511","",""
"629.22","06-6","颐和园建园250周年纪念文集 = Commemorative collected theses on the 250th anniversary of the Summer Palace  (頤和園建園250周年記念文集 1750-2000)","北京市園林局頤和園管理所 編","五洲传播出版社（梧州通信出版社）","2000.7","中国語","ISBN: 7801137337
","",""
"629.22","06-6","圓明園四十景圖咏","沈 源, 唐 岱 等絵 ; 乾 隆吟 詩","圓名园管理外編印","2005.5","中国語","ISBN: 7506274035
中国画/古典詩歌作品集","",""
"629.22","06-6","圓明園四十景圖咏 絵葉書","**","圓名园管理外編印","2002.5","中国語","","",""
"629.222","06-6","西方人眼中的圆明園　　(西方人眼中的圓明園)","张恩荫, 杨来运 編著","対外経済貿易大学出版者","2000.1","中国語","ISBN: 7810780328","",""
"629.22","06-6","圓明園 (DVD)","北京圓明园管理外","中国宏播音像出版社","","","","",""
"629.22","06-6","圓明園 (圓明園　学術論文集)　3-5","中国圓明園学会 主編","中国建築工社出版社(北京)","1984.12/ 1986.10/ 1992.5)","中国語","","",""
"","","","","","","","","",""
"","","","","","","","","",""
"175.9","06-7","神社古圖集","日本電報通信社, 監修: 宮地直一 
　福山 敏男 他編, 監修: 宮地直一 ","日本電報通信社出版部　臨川書店(京都)","1942(昭和17年)
1989.1","","日本電報通信社出版部昭和17年刊の複製 
　　122, 1p 図版132枚 ; 31cm???","",""
"175.965","06-7","石上神宮","石上神宮","石上神宮","2017.6","","第5版","",""
"175.965","06-7","春日大社　　(シリーズ　日本の古社)","三好 和義, 岡野 弘彦 [ほか]著","淡交社(京都)","2003.12","","","",""
"175.965","06-7","大神神社　　　　(シリーズ　日本の古社)","三好 和義, 岡野 弘彦 [ほか]著","淡交社(京都)","2004.2","","","",""
"172","06-7","八幡大神 : 鎮護国家の聖地と守護神の謎　　（イチから知りたい日本の神様 3)","田中 恒清 監修","戎光祥出版","2011.1","","","",""
"172","06-7","八幡さまのお話","口述：平岩 満雄, 記録：早山 彰","山荘 虞人","1979.9","","非売品薄い冊子）","",""
"164.1","06-7","三輪山の大物主神さま","大神神社 (桜井市) 監修, 原作: 寺川 真知夫, 挿絵: 宮成展生 ","東方出版 (大阪)","2010.1","","","",""
"172","06-7","三輪山 : 日本国創成神の原像","前田晴人 著","学生社","2006.12","","","",""
"702.097","06-7","神道曼荼羅の図像学 : 神から人へ","佐々木 剛三 著","ぺりかん社","1999.11","","","",""
"220","06-7","翰苑","[張楚金撰] ; [雍公叡注] ; 竹内 理三  校訂・解説","吉川弘文館","1977.5","","","",""
"164.1","06-7","神話と日本人の心","河合 隼雄 著","岩波書店","2003.7","","","",""
"380.4","06-7","神楽　ー歴史民俗学論集　１","岩田 勝 編","名著出版","1990.9","","箱あり","",""
"175","06-7","神社の見方 : 歴史がわかる、腑に落ちる　　(ポケットサライ)","外山 晴彦 ・『サライ』編集部 編","小学館","2002.8","","","",""
"910.2","06-7","遊ぶ日本：神あそぶゆえ人あそぶ","高橋 睦郎 著","集英社","2008.9","","","",""
"385.1","06-7","南西諸島の神観念","住谷 一彦, クライナー・ヨーゼフ(Kreiner Josef) 著","未来社","1977.12","","","",""
"","","","","","","","","",""
"180.36","06-7","仏教の事典
 ENCYCLOPEDIA OF BUDDHISM","末木 文美士, 下田 正弘, 堀内 伸二 編集","朝倉書店","2014.4","","","",""
"188.5","06-7","密教の風景","真鍋 俊照 著","平河出版社","1980.10","","","",""
"181.1","06-7","原始仏教　ーその思想と生活　（NHKブックス）","中村 元 著","日本放送出版協会","1970","","","",""
"180.4","06-7","仏教とインドの神      (ぼんブックス)","ひろさちや 編著","世界聖典刊行協会","1984.7","","","",""
"180.4","06-7","仏教とっておきの話　366　春の巻","ひろちさや 著","新潮社","1995.3","","","",""
"188.81","06-7","現代語訳　碧巌録　上","[圜悟 克勤 著] ; 末木 文美士 編 ; 『碧巌録』研究会訳","岩波書店","2001.3","","克勤(1063-1135) ","",""
"188.83","06-7","現代語訳　碧巌録　中","[圜悟 克勤 著] ; 末木 文美士 編 ; 『碧巌録』研究会訳","岩波書店","2002.3","","克勤(1063-1135) ","",""
"188.83","06-7","現代語訳　碧巌録　下","[圜悟 克勤 著] ; 末木 文美士 編 ; 『碧巌録』研究会訳","岩波書店","2003.3","","克勤(1063-1135) ","",""
"081","06-7","玲瓏随筆　十八大通  (第2期 第12巻)","日本随筆大成編輯部 編","吉川弘文館","1994.11","","部分ﾀｲﾄﾙ: 笈埃随筆(百井塘雨) 玲瓏随筆(沢庵) 十八大通(三升屋二三治) 本朝世事談綺(菊岡沾凉) 解題 丸山季夫著","",""
"914.5","06-7","筠庭雑考　反古　(「日本随筆大成」第2期第8巻) ","日本随筆大成編輯部 編, 鈴木 忠侯, 喜多村 信節, 釈 立綱, 清中亭 叔親, 森島 中良, 柳原 紀光, 林 自見","吉川弘文館","1994.9","","部分ﾀｲﾄﾙ: 一挙博覧(鈴木忠侯), 萍の跡(釈立綱), 筠庭雑考(喜多村信節),目さまし草(清中亭叔親), 反古籠(森島中良), 閑窓自語(柳原紀光), 雑説嚢話(林自見)","",""
"721.1","06-7","十六羅漢図像学事始め","中村　興二 著","萌書房(奈良)","2011.11","","","",""
"718","06-7","原寸大日本の仏像  京都編   (講談社mook)","講談社『週刊日本の仏像』編集部 編","講談社","2008.9","","","",""
"702.098","06-7","慈覚大師円仁とその名宝","NHKプロモーション 編","NHKプロモーション","2007.4","","図録, 会期: 平成19年4月21日-6月3日 栃木県立博物館ほか ","",""
"185.91","06-7","東寺      (小学館ウイークリーブック「週刊古寺をゆく」 3)","指導：藤井 正雄, 山折 哲雄","小学館","2001.2","","","",""
"185.91","06-7","文殊菩萨图像学研究 = A Bodhisattiva of Wisdom iconography study","孙晓岗 著","八民美術出版社(甘粛)","2007.1","中国語","ISBN: 7805885907","",""
"","","","","","","","","",""
"188.8","06-7","禅語辞典","古賀 英彦 編著, 監修: 入矢 義高","思文閣出版(京都)","1991.7","","","",""
"188.8","06-7","講座　禅　第５巻　禅と文化","西谷 啓治 編,  監修者: 鈴木 大拙 ","筑摩書房","1968","","","",""
"188.8","06-7","禅と日本文化　　(岩波新書 75)","鈴木 大拙 著,  北川 桃雄 訳","岩波書店","1948","","鈴木 大拙, 1870-1966","",""
"188.8","06-7","禅とは何か　　(角川ソフィア文庫)","鈴木 大拙 著","角川学芸出版","2008.12","","","",""
"380.1","06-7","古代から来た未来人 折口信夫      (ちくまプリマー新書  82)","中沢新一 著","筑摩書房","2008.5","","","",""
"","","","","","","","","",""
"185.91","06-7","有難う　ー虎渓山ー","**","虎渓山 永保寺(岐阜県多治見市虎渓山町)","","","パンフレット, 無窓国師の開創,国指定名勝庭園","",""
"185.91","06-7","佛教芸術　310号 : サンフランシスコ・アジア美術館所蔵　文殊菩薩図像について","佛教藝術学会 編　(仏教芸術学会）：内田 啓一 著）","毎日新聞社","2010.5","","","",""
"185.91","06-7","戒律文化　第4号 : 特集 中世の造形と律宗","戒律文化研究会 編","戒律文化研究会(奈良市)","2006.3","","藤澤隆子, 文殊菩薩像と律宗","",""
"","","","","","","","","",""
"081.6","06-7","日本文化論      (近代日本の名著  第13)"," 加藤 秀俊 編,  映画にあらわれた日本精神 / ジョフリー・ゴーラー / B・H・チェインバレン / ルース・ベネディクト/ 高木 正孝 / 三宅 雪嶺 / 内田 銀蔵 / 内藤 湖南  / 竹内 好 / 柳田 国男  / 桑原 武夫 / 伊藤 整 / 和歌 森太郎  / 芳賀 矢一/ 川喜田 二郎 / 白柳 秀湖 / 三枝 博音 / 梅棹 忠夫","徳間書店","1966","","部分タイトル: 日本文化論 / 加藤秀俊 編","",""
"210.1","06-7","日本文化史序説","西田 直二郎 著","改造社","1949","","再版, 	西田 直二郎, 1886-1964","",""
"","","","","","","","","",""
"629.21","07-1","日本庭園史大系　１　上古・日本庭園源流","重森 三玲・重森 完途 著","社会思想社","1973","","重森, 三玲, 1896-1975
重森, 完途, 1923-1992
","",""
"629.21","07-1","日本庭園史大系　２　飛鳥・奈良・平安の庭　","重森 三玲・重森 完途 著","社会思想社","1974","","","",""
"629.21","07-1","日本庭園史大系　３　鎌倉の庭（1）　","重森 三玲・重森 完途 著","社会思想社","1971","","付: 平面図3枚","",""
"629.21","07-1","日本庭園史大系　４　鎌倉の庭（2）　","重森 三玲・重森 完途 著","社会思想社","1974","","付: 実測図集4枚 (袋入)","",""
"629.21","07-1","日本庭園史大系　５　室町の庭（1）　","重森 三玲・重森 完途 著","社会思想社","1973","","","",""
"629.21","07-1","日本庭園史大系　６　室町の庭（2）　","重森 三玲・重森 完途 著","社会思想社","1974","","","",""
"629.21","07-1","日本庭園史大系　７　室町の庭（3）　","重森 三玲・重森 完途 著","社会思想社","1971","","","",""
"629.21","07-1","日本庭園史大系　８　桃山の庭（1）　","重森 三玲・重森 完途 著","社会思想社","1971","","","",""
"629.21","07-1","日本庭園史大系　９　桃山の庭（2）　","重森 三玲・重森 完途 著","社会思想社","1972","","","",""
"629.21","07-1","日本庭園史大系　10　桃山の庭（3）　","重森 三玲・重森 完途 著","社会思想社","1975","","付: 実測図集4枚 (袋入)","",""
"629.21","07-1","日本庭園史大系　11　桃山の庭（4）　","重森 三玲・重森 完途 著","社会思想社","1972","","","",""
"629.21","07-1","日本庭園史大系　12　桃山の庭（5）　","重森 三玲・重森 完途 著","社会思想社","1973","","","",""
"629.21","07-1","日本庭園史大系　13　桃山の庭（6）　","重森 三玲・重森 完途 著","社会思想社","1974","","付: 実測図集3枚 (袋入)","",""
"629.21","07-1","日本庭園史大系　14　江戸初期の庭（1）　","重森 三玲・重森 完途 著","社会思想社","1973","","","",""
"629.21","07-1","日本庭園史大系　15　江戸初期の庭（2）　","重森 三玲・重森 完途 著","社会思想社","1972","","付: 平面図4枚","",""
"629.21","07-1","日本庭園史大系　16　江戸初期の庭（3）　","重森 三玲・重森 完途 著","社会思想社","1974","","付: 実測図集3枚 (袋入)","",""
"","","","","","","","","",""
"","","","","","","","","",""
"629.21","07-2","日本庭園史大系　17　江戸初期の庭（4）　","重森 三玲・重森 完途 著","社会思想社","1971","","","",""
"629.21","07-2","日本庭園史大系　18　江戸初期の庭（5）　","重森 三玲・重森 完途 著","社会思想社","1974","","付: 実測図集5枚 (袋入)","",""
"629.21","07-2","日本庭園史大系　19　江戸初期の庭（6）　","重森 三玲・重森 完途 著","社会思想社","1973","","","",""
"629.21","07-2","日本庭園史大系　20　江戸初期の庭（7）　","重森 三玲・重森 完途 著","社会思想社","1972","","","",""
"629.21","07-2","日本庭園史大系　21　江戸初期の庭（8）　","重森 三玲・重森 完途 著","社会思想社","1973","","","",""
"629.21","07-2","日本庭園史大系　22　江戸初期の庭（9）　","重森 三玲・重森 完途 著","社会思想社","1973","","付: 実測図集3枚 (袋入)","",""
"629.21","07-2","日本庭園史大系　23　江戸初期の庭（10）　","重森 三玲・重森 完途 著","社会思想社","1972","","","",""
"629.21","07-2","日本庭園史大系　24　江戸中末期の庭（1）　","重森 三玲・重森 完途 著","社会思想社","1973","","付: 折込平面図3枚","",""
"629.21","07-2","日本庭園史大系　25　江戸中末期の庭（2）　","重森 三玲・重森 完途 著","社会思想社","1972","","","",""
"629.21","07-2","日本庭園史大系　26　江戸中末期の庭（3）　","重森 三玲・重森 完途 著","社会思想社","1974","","付: 実測図集4枚 (袋入)","",""
"629.21","07-2","日本庭園史大系　27　現代の庭（1）　","重森 三玲・重森 完途 著","社会思想社","1971","","","",""
"629.21","07-2","日本庭園史大系　28　現代の庭（2）　","重森 三玲・重森 完途 著","社会思想社","1972","","付: 折入実測平面図3枚","",""
"629.21","07-2","日本庭園史大系　29　現代の庭（3）　","重森 三玲・重森 完途 著","社会思想社","1972","","","",""
"629.21","07-2","日本庭園史大系　30　現代の庭（4）　","重森 三玲・重森 完途 著","社会思想社","1974","","付: 実測図集3枚 (袋入)","",""
"629.21","07-2","日本庭園史大系　31　現代の庭（5）　","重森 三玲・重森 完途 著","社会思想社","1975","","付: 実測図集2枚 (袋入)","",""
"629.21","07-2","日本庭園史大系　32　補2　江戸中末期の庭（4）　","重森 三玲 著","社会思想社","1975.8","","付: 実測図集3枚 (袋入)","",""
"629.21","07-2","日本庭園史大系　33　補3　現代の庭（5）　","重森 三玲 著","社会思想社","1976.2","","","",""
"","","","","","","","","",""
"","","","","","","","","",""
"141.5","07-3","集団による創造性の開発：テイキング・パート
　A Workshop approach to Collective Creativity","ローレンス・ハルプリン (Halprin, Lawrence, 1916-)＋ジム・バーンズ (Burns, Jim, 1926-)著, 訳：杉尾 伸太郎＋杉尾 邦江","牧野出版","1989.7","","4000007,
ISBN: 4-89500-004-4
原タイトル: Taking part
","","#PREC文庫"
"601.1","07-3","これからの国土・定住地域圏づくり　ー都市と農業の共生空間をめざして","都市・農業共生空間研究会 編著","鹿島出版会","2002.2","","ISBN: 4-306-07232-0,
分担執筆（杉尾 伸太郎）：1.2, 2.2","","#PREC文庫"
"629.23","07-3","フランス式庭園の魅力とル・ノートルの世界
Le charme du jardin à la Française et le monde de Le Nôtre","杉尾 伸太郎 著","(株)プレック研究所","2014","","改訂版, ISBN: 978-4-9907719-0-4, / 978-4-9907719-2-8 (set)","","#PREC文庫"
"629","07-3","プレック研究所創業50周年記念誌 / 
自然と芸術の根拠による　園芸論 /
庭のグラメール  職人技の極意　（３冊セット）
","ジャック・ボワソー著
ルネ・ぺシェール著
杉尾 伸太郎・杉尾 邦江 監訳","(株)プレック研究所","2022.12","","","","#PREC文庫"
"629","07-3","IFLA-JAPANの歩み　－先人達から新時代へのメッセージ　","（杉尾 伸太郎　分担執筆）","JFLA-JAPAN","2016.3","","4000080、杉尾伸太郎、「IFLA-JAPANの将来　その歴史から見た展望」、P.40-41","","#PREC文庫"
"332.8","07-3","プロの決断　ー勝者の方程式","大塚 英樹 著","リベラルタイム出版社","2005.8","","4000035,
杉尾伸太郎記事:p137～139

","","#PREC文庫"
"332.8","07-3","会社を辞めて成功した男たち
(講談社+α文庫)","大塚 英樹 著","講談社α文庫","2000.5","","4000026, 
杉尾伸太郎記事:p180～","","#PREC文庫"
"335.21","07-3","会社の流儀 2017年版 : 未来を見据える確かな戦略がここにある. ","江辺 聡 編著ほか","日本シニアリビング新聞社","2022.8","","杉尾邦江記事
p120～121","","#PREC文庫"
"629.23","07-3","Woman's Garden : New Zealand / Japan
 女性たちの庭 : ニュージーランド/日本","Kunie Sugio
杉尾 邦江責任編集 ; 高田 淳子,藤巻 由美子編","Process Architecture","1990.5","日本語・英語","","","#PREC文庫"
"518.85","07-3","英国植民地時代のオーストラリア、ニュージーランドにおける公園緑地帯の形成に関する研究　（PREC Study Report 特別号)","杉尾 邦江 著","(株)プレック研究所","1997","","","","#PREC文庫"
"290.9","07-3","世界遺産を旅する : 地球の記録. 7 (アメリカ・カナダ・オーストラリア・ニュージーランド)","黒川直樹 監修
杉尾邦江 監修","近畿日本ツーリスト","1998.5","","杉尾邦江監修・執筆
1/3冊","","#PREC文庫"
"519.81","07-3","レンジャーの先駆者たち : わが国の黎明期国立公園レンジャーの軌跡","自然公園財団 編","㈶自然公園財団","2003.3","","国立公園管理員制度発足50周年記念","","#PREC文庫"
"518.85","07-3","景観都市の創出　ー英国植民地オーストラリア、ニュージーランドの公園緑地帯の成立史","杉尾 邦江 著","ビオ・シティ","2007.5","","4000039, 
ISBN: 978-4-903486-48-2","","#PREC文庫"
"629","07-3","時代をつくる造園家のしごと 1924-2024　（東京農業大学造園科学科100周年記念）","企画･編集: 東京の王業大学造園科学科「農大造園の100年と100人のしごと」企画リーム","建築資料研究社","2024.5.25","","","","#PREC文庫"
"629","07-3","女性造園家 杉尾邦江のあゆみ (1936-2023) ―天職は自由に生きること","企画・監修: (株)プレック研究所 杉尾 伸太郎＋花房 啓","（株）プレック研究所","2023.9","","4100026","","#PREC文庫"
"289.1","07-3","ランドスケープ・アーキテクト杉尾伸太郎 = Landscape architect Shintaro Sugio : 語りで紡ぐ私の戦中・戦後・現在","企画・監修: (株)プレック研究所 杉尾 伸太郎＋花房 啓","（株）プレック研究所","2024.10","","","","#PREC文庫"
"","","","","","","","","",""
"050","07-3","”PREC Study Report”　 vol.1","**","(株)プレック研究所","1997","","","","#PREC文庫"
"050","07-3","”PREC Study Report”　 vol.2","**","(株)プレック研究所","1998","","","","#PREC文庫"
"050","07-3","”PREC Study Report”　 vol.3","**","(株)プレック研究所","1998","","","","#PREC文庫"
"050","07-3","”PREC Study Report”　 vol.4","**","(株)プレック研究所","1999","","","","#PREC文庫"
"050","07-3","”PREC Study Report”　 vol.5","**","(株)プレック研究所","1999","","","","#PREC文庫"
"050","07-3","”PREC Study Report”　 vol.6","**","(株)プレック研究所","2000","","","","#PREC文庫"
"050","07-3","”PREC Study Report”　 vol.7","**","(株)プレック研究所","2001","","","","#PREC文庫"
"050","07-3","”PREC Study Report”　 vol.8","**","(株)プレック研究所","2002","","","","#PREC文庫"
"050","07-3","”PREC Study Report”　 vol.9","**","(株)プレック研究所","2003","","","","#PREC文庫"
"050","07-3","”PREC Study Report”　 vol.10","**","(株)プレック研究所","2004","","","","#PREC文庫"
"050","07-3","”PREC Study Report”　 vol.11","**","(株)プレック研究所","2005","","","","#PREC文庫
#小笠原"
"050","07-3","”PREC Study Report”　 vol.12","**","(株)プレック研究所","2006","","","","#PREC文庫"
"050","07-3","”PREC Study Report”　 vol.13","**","(株)プレック研究所","2008","","","","#PREC文庫
#小笠原"
"050","07-3","”PREC Study Report”　 vol.14","**","(株)プレック研究所","2009","","","","#PREC文庫"
"050","07-3","”PREC Study Report”　 vol.15","**","(株)プレック研究所","2011","","","","#PREC文庫
#小笠原"
"050","07-3","”PREC Study Report”　 vol.16","**","(株)プレック研究所","2017","","","","#PREC文庫"
"050","07-3","”PREC Study Report”　 vol.17","**","(株)プレック研究所","2018","","","","#PREC文庫
#小笠原"
"050","07-3","”PREC Study Report”　 vol.18","**","(株)プレック研究所","2019","","","","#PREC文庫
#江戸べらぼう"
"050","07-3","”PREC Study Report”　 vol.19","**","(株)プレック研究所","2020","","","","#PREC文庫
#江戸べらぼう
#小笠原"
"050","07-3","”PREC Study Report”　 vol.20","**","(株)プレック研究所","2021","","","","#PREC文庫
#小笠原"
"050","07-3","”PREC Study Report”　 vol.21","**","(株)プレック研究所","2022","","","","#PREC文庫"
"050","07-3","”PREC Study Report”　 vol.22","**","(株)プレック研究所","2023","","","","#PREC文庫"
"050","07-3","”PREC Study Report”　 vol.23","**","(株)プレック研究所","2024","","","","#PREC文庫"
"050","07-3","PREC INSTITUTE STUDY REPORT  1-4","**","(株)プレック研究所","1974-1977","","","","#PREC文庫"
"","","","","","","","","",""
"","","","","","","","","",""
"","","","","","","","","",""
"","","","","","","","","",""
"","","","","","","","","",""
"","07-5","京都御所古今図","宮内省御許可","京都府教育会","1915(大正4.11)","","","",""
"","07-5","浜離宮之図　（文化年中）","","","","","ｶﾗｰコピー１枚","",""
"","07-5","Veduta Dell'Isola Bella Sul Lago Maggiore.（マッジョーレ湖のイゾラベッラの眺め）　(銅版画)","","G.Carocci, e T. Buonajuti inc.","","","","",""
"","07-5","Das Fürstl. Lusthaus und Garten Hellenbrunn 1/2 Stund von Saltzburg.  Kupferstich aus M. Merian ""Topographia Bavariae"" （ﾌﾟﾚｼﾞｬｰﾊｳｽ、ﾍﾙﾌﾞﾙﾝ宮殿の庭園･･･）　(銅版画)","M. Merian","Schloss Helbrunn,　ｻﾞﾙﾂﾌﾞﾙｸﾞ","1644","","","",""
"","07-5","Schloss Hellbrunn mit Sternweiher　(ｶﾗｰ、銅版画)","Schloss Hellbrunn","","","","","",""
"","07-5","Wasserspiele Hellbrunn, Furstentisch　（Schloss Hellbrunn Wasserspiele・Salzburg）　(銅版画)","Schloss Hellbrunn","","","","","",""
"","07-5","ロシアクレムリン？","","","1904(明治37)","","","",""
"","07-5","Plan Général du Château de Fontainebleau et les Environs.","**","**","1682 fait en ","","132/300-,  Echelle de 200 Toises, フォンテーヌブロー城・庭園 平面図","",""
"","07-5","ベルゲン城館図","","","","","ベルゲン城館図(ノールウェイ)","",""
"","","","","","","","","",""
"","07-5","洛中洛外図屏風（６曲２双　縮小版、印刷）","","","","","","",""
"","07-5","圓明，長春，綺春三園總平面圖","何重義、曾昭奮","圓明園管理處","1979.2","","円明、長春、綺春の 3 つの庭園の全体図","",""
"","07-5","天保12年　喜多院境内圖　","（複製）","星野山喜多院蔵","1841(天保12)","","","","#江戸べらぼう"
"","07-5","古地図　江戸図","","佐藤四郎右衛","1695(元禄8)","","","","#江戸べらぼう"
"","07-5","古地図　東京市全図","","便覧社","1920(大正9)","","","",""
"","07-5","古地図　模範新大東京全図","","九段書房","1933(昭和8)訂正12版","","","",""
"","07-5","実測　東京全図","","","1879(明治12.10)","","","",""
"291.3","07-5","明治前期測量　2万分の1　フランス式彩色地図　東京都新宿区・渋谷区・文京区・港区・台東区・中央区周辺
（第一軍管地方2万分の1迅速測圖原圖覆刻版）","陸軍省参謀本部陸地測量部 測量","日本地図センター","1996.10","","明治前期","",""
"291.3","07-5","明治前期測量　2万分の1　フランス式彩色地図　東京都大田区・品川区周辺
（第一軍管地方2万分の1迅速測圖原圖覆刻版）","陸軍省参謀本部陸地測量部 測量","日本地図センター","1996","","明治前期","",""
"","07-5","東肥出水社境内之図","","平野孫一","","","明治頃
熊本県水前寺成趣園の出水神社の境内図","",""
"","07-5","洛北修学院村上下茶屋之図（コピー）","","井上治兵衛","1873(明治6)以降","","","",""
"","07-5","南瞻部洲萬國掌菓之圖（なんせんぶしゅうばんこくしょうかのず）","頭陀浪華子 製圖并撰(鳳潭,ほうたん,Zuda Rokashi Hotan）","文臺軒宇平藏版","1710(宝永7年)","","日本で印刷された最初の仏教世界地図","","#江戸べらぼう"
"","07-5","滿洲支那全土明細地圖 : 最新版　北支那(中華民國臨時政府の部)・蒙彊(蒙古聯盟)","讀賣新聞社編輯局 著
アトラス社 製圖彫刻","讀賣新聞社編輯局","1938.12","","「讀賣新聞」第22229號 (昭和13年12月15日刊) の附録
両面色刷","",""
"","07-5","内裏及び公家図","","","1866(慶応2年)","","","","#江戸べらぼう"
"","07-5","内裏及び公家図","","","1864(文久4年)","","","","#江戸べらぼう"
"","07-5","京都御所沿革圖　（10枚綴り）","**","**","","","","",""
"","07-5","仮皇居御庭拝見之図　３枚続　（錦絵）","周延　画","","","","","",""
"","07-5","尾別外山御庭之圖","","","","","","",""
"","07-5","青蓮院","","","1871(明治4年)","","","",""
"","07-5","歌舞伎役者の絵(象つかい、道化師、一本足ﾄﾑﾊｰﾊﾞｰ)　（３枚、錦絵）","武内栄久","林吉蔵","1886(明治19)","","","",""
"","07-5","世界第一伊太利亞チャリ子大曲馬　（錦絵）","麒島？　画","山口芳、芳寿堂","1886(明治19.9)","","","",""
"","07-5","大象之図　","豊重　画、大夫元　識語","","","","","","#江戸べらぼう"
"","07-5","象之図　（錦絵）","大夫元　識語","鳥屋熊吉（松坂）","","","","","#江戸べらぼう"
"","07-5"," 亜墨利加舶持渡之品（ｱﾒﾘｶｾﾝ ﾓﾁﾜﾀﾘﾉｼﾅ）（含：象）","","杉浦丘園","","","","",""
"","07-5","カナカ村　小笠原　（「ペリー提督日本遠征記」(1856)より、彩色石版）","**","**","1856","","","","#小笠原"
"","07-5","真珠島（父島）　小笠原　（「ペリー提督日本遠征記」(1856)より、木口木版）","**","**","1856","","","","#小笠原"
"","07-5","t Hof van den Dayro te Miako　「都のダイロの宮殿」(京都図)　　（17世紀 銅版画 一枚物）
","モンタヌス「日本誌」図版","","1600年代","","17世紀のオランダ人牧師アルノルドゥス・モンタヌス(1625-1683)の主著「日本誌」収録の図版。自身は日本を訪れることのなかったモンタヌスが、過去に著された日本関連の記述や、実際に日本に足を踏み入れたオランダ商館員・使節らによる報告文書等をもとに書き上げた「日本誌」は、当時鎖国下にあった「日本」を総合的に描き出し、ヨーロッパに広く知らしめた重要な著作です。","",""
"","07-5","絵葉書・パンフレット類（庭園・公園）","","","","","後楽園
栗林公園
兼六園
隅田公園","",""
"","07-5","絵葉書・パンフレット類（神社・仏閣）","","","","","金閣寺
広隆寺","",""
"","07-5","絵葉書・パンフレット類（名所・景勝地）","","","","","天橋立
日本八景","",""
"","07-5","絵葉書・パンフレット類（動物園）","","","","","京都市立紀念動物園
大阪市立動物園","",""
"","07-5","パンフレット類","","","","","拾翠亭
京都御所
六義園
酬恩庵 一休寺
京都市（建物庭園リスト）","",""
"521.5","07-5","桂離宮    (ポケット ガイド 3)","宮内庁京都事務所 監修","財団法人 菊葉文化協会(京都)","","","パンフレット","",""
"521.5","07-5","桂離宮","森 蘊 資料, 大原 久雄 写真編集, 村岡 正 解説, 中村 一 英文","財団法人 有職文化協会(京都)","1984.10","","パンフレット, 英文併記","",""
"291.361","07-5","浜離宮恩賜庭園: 江戸の潮風そよぐ浜御殿","","公益財団法人　東京都公園協会","2012.9","","パンフレット, 第3版","",""
"","","","","","","","","",""
"","","","","","","","","",""
"709","07-6","Large-scale Disasters on World Heritage and Cultural Heritage in Japan: Significant Impacts and Sustainable Management Cases","Kunie Sugio (ICOMOS International Scientific Committee on Cultural Routes, Tokyo, Japan ICOMOS, UK)","Routledge (USA)","2018","","《book》 ""21st Century Challenges Facing Cultural Landscapes"" 
No.4000092","","#PREC文庫"
"709","07-6","The spirit of Place：between Tangible and Intangible Heritage
　","Kunie Sugio","Les Presses de l'Universite Laval (Quebec)","2009","","杉尾　邦江 講演 
No.4000065","","#PREC文庫"
"709","07-6","Intangible Heritage and Cultural Routes in a Universal Context
Topic: Preinventory of Cultural Routes Cultural Routes in Japan
","Kunie Sugio","ICOMOS / Gobierno de Navarra, Departamento de Education y Cultura","2001","","《book》 ""The Intangible Heritage and Other Aspects of Cultural Routes"" (ICOMOS: International Council on Monuments and Sites),Gobierno de Navarra
No.4000091","","#PREC文庫"
"","","","","","","","","",""
"688","07-7","海洋レジャー産業の実態・経営実例と事業計画資料集 : 1970年代の観光開発. 1971年版
(エコセン資料集 ; SL-7101)","日本エコノミストセンター","日本エコノミストセンター","1971","","杉尾伸太郎執筆B200p","","#PREC文庫"
"650","07-7","森林と木材を活かす事典 : 地球環境と経済の両立の為の情報集大成
世界木材図鑑 : 世界中で最もよく使用されている用途の広い木材150種を厳選（原タイトル: The encyclopedia of wood）","**/エイダン・ウォーカー 編
乙須 敏紀 訳","産調出版","2007.1
2006.7","","杉尾伸太郎執筆453p
2冊","","#PREC文庫"
"525.1","07-7","建築設計資料集成. 第5","日本建築学会 編","丸善","1972","","杉尾伸太郎執筆193p
内容細目：都市設計,造園,工場・流通関連施設,放射線施設 巻末:参考文献","","#PREC文庫"
"629.41","07-7","岳人別冊　国立公園","","中日新聞東京本社","1971","","杉尾伸太郎共同執筆
本文 国立公園百科--厚生省国立公園部・編集部 /p157～182","","#PREC文庫"
"688","07-7","観光開発計画の手法  (観光基本資料シリーズ 6)","日本観光協会","日本観光協会","1970","","杉尾伸太郎執筆
展望園地Ⅵ-51～58","","#PREC文庫"
"369","07-7","社会還元構想計画　社会福祉活動計画策定を中心に（21世紀の設計シリーズ Ⅺ)","","立正佼成会企画室","1978","","杉尾伸太郎執筆
第3節p120～160","","#PREC文庫"
"291.99","07-7","日本と世界の旅　第200号　1972年6月号
総特集沖縄","","山と渓谷社","1972.6","","杉尾伸太郎執筆
国立公園に指定される西表島の動物たちp20～24","","#PREC文庫"
"602.1","07-7","わが国沿岸開発の展望 : 海洋開発懇談会沿岸開発部会レポート (経団連パンフレット ; no.111)","経済団体連合会","経済団体連合会","1972","","杉尾伸太郎共同執筆
第3章海洋性レクリエーション基地の開発p38～","","#PREC文庫"
"291.23","07-7","鳴子・栗駒・小安峡","一力 次郎 編著","牧野出版社","1975","","杉尾伸太郎執筆
I 栗駒国定公園の自然―地形・地質―p7～20","","#PREC文庫"
"290","07-7","栗駒国定公園への招待","一力 次郎 編著","牧野出版社","1970.4","","杉尾伸太郎執筆
I 栗駒国定公園の自然―地形・地質―p7～20","","#PREC文庫"
"518.8","07-7","景  (｢山河計画」シリーズ ３号)","木原 啓吉, 進士 五十八 編","思考社","1985.5","","杉尾伸太郎執筆
景観調査の方法p172～181","","#PREC文庫"
"462.136","07-7","小笠原の自然
原色写真編・解説編","津山 尚, 浅海 重夫 編著","広川書店　(廣川書店）","1970","","杉尾伸太郎執筆
11.自然景観の分析と計画
内容細目：[第1] 原色写真編 [第2] 解説編","","#PREC文庫
#小笠原"
"629.036","07-7","造園ハンドブック","日本造園学会 編","技報堂出版","1978.11","","杉尾伸太郎執筆
第2編p162～166","","#PREC文庫"
"629","07-7","造園技術大成 : 設計・施工","新田 伸三 [ほか]著","養賢堂","1978.3","","杉尾伸太郎執筆
12.4自然環境アセスメントp699～705
一般注記：監修: 関口鍈太郎","","#PREC文庫"
"629.036","07-7","造園事典","岡崎 文彬 編著","養賢堂","1974","","杉尾伸太郎執筆
自然保護p323～324","","#PREC文庫"
"629","07-7","造園の歴史と文化","京都大学造園学研究室 編","養賢堂","1987.1","","杉尾伸太郎執筆
風景・景観論の展開p427～441","","#PREC文庫"
"629","07-7","高等学校用造園計画","文部科学省 [著]","海文堂出版","2013.2","","杉尾伸太郎写真提供
ベルサイユ宮苑p44","","#PREC文庫"
"627.7","07-7","木の花・木の実  (カラーブックス)","岡本 省吾 著","保育社","1964","","杉尾伸太郎写真提供","","#PREC文庫"
"629","07-7","ランドスケープの展開
(ランドスケープ大系 ; 第1巻)","日本造園学会 編","技報堂出版","1996.11","","杉尾邦江執筆
2.3.4オーストラリア,ニュージーランドの公園都市p156～163","","#PREC文庫"
"518.85","07-7","ランドスケープデザイン
(ランドスケープ大系 ; 第3巻)","日本造園学会 編","技報堂出版","1998.11","","杉尾伸太郎執筆
4.5道路のランドスケープデザインp216～223","","#PREC文庫"
"780.1","07-7","レクリエーション学の方法","日本レクリエーション学会 編","ぎょうせい","1987.4","","杉尾邦江執筆
第5章第2節レクリエーション資源・空間研究の概要p265～282","","#PREC文庫"
"629.22","07-7","中国の園林 2　−南京・江南園林考察団報告書−","日本造園修景協会 編","日本造園修景協会","1987.7","","杉尾邦江執筆
5.「快楽の庭・人間の庭」p35～38","","#PREC文庫"
"332.8","07-7","会社を辞めて成功した男たち
(講談社+α文庫)","大塚 英樹 著","講談社","2000.5","","杉尾伸太郎記事
p180～191","","#PREC文庫"
"335.21","07-7","会社の流儀 厳選100社 : 未来を見据える確かな戦略がここにある. 2017年版","江辺 聡 編著
エスコミュニケーション 責任編集","日本シニアリビング新聞社","2017.3","","杉尾邦江記事
p120～121","","#PREC文庫"
"332.8","07-7","プロの決断　ー勝者の方程式","大塚 英樹 著","リベラルタイム出版社","2005.8","","4000035
杉尾伸太郎記事
p137～139","","#PREC文庫"
"688.033","07-7","観光事典","日本交通公社","日本交通公社","1973","","杉尾邦江執筆
杉尾伸太郎執筆","","#PREC文庫"
"510","07-7","エッセイ集 忙中時々閑話--建設関連業の周辺
（建設関連業月報別冊）","日本交通公社","建設綜合資料社","2000-03","","杉尾伸太郎執筆: p116～120, ｢建設関連業月報｣: 建設関連業出版物刊行会編, 20 (通号 224) 2000.03
","","#PREC文庫"
"290.9","07-7","世界遺産を旅する : 地球の記録. 7 (アメリカ・カナダ・オーストラリア・ニュージーランド)","黒川 直樹 監修
杉尾 邦江 監修","近畿日本ツーリスト","1998.5","","杉尾邦江監修・執筆
3冊","","#PREC文庫"
"369.4","07-7","「こどもの国」のデザイン : 自然・未来・メタボリズム建築 : 「併設」新規収蔵資料紹介 : 令和4年度収蔵品展
Kodomonokuni Children's Land-Nature, Future and Metabolism Architecture","文化庁 監修
文化庁国立近現代建築資料館 編集","文化庁","2022.6","日本語
英語","杉尾邦江写真提供
p12
3冊","","#PREC文庫"
"723.5","07-7","""Art in America"" Vol.55, No.6, 1967","*****","Art in America Co., Inc.","1967.11/12","英語","杉尾邦江関連：こどもの国（イサム･ノグチ設計）の記載あり, P.45","","#PREC文庫"
"709","07-7","世界遺産の普遍的価値    (庭園学講座 16)","京都造形芸術大学日本庭園歴史遺産研究センター","京都造形芸術大学日本庭園・歴史遺産研究センター","2009.8","","","","#PREC文庫"
"611.77","07-7","都市と農業の共生空間の形成に関する計画論的研究","冨田 正彦, 宇都宮大学","","1998","","文部省科学研究費補助金研究成果報告書
杉尾伸太郎執筆
都市の生活環境の変質とゆくえ
p7～21","","#PREC文庫"
"629.21","07-7","追悼　岡崎文彬先生","「岡崎文彬先生追悼集」編集幹事会","「岡崎文彬先生追悼集」編集幹事会","1996.9","","杉尾伸太郎執筆
岡崎先生をしのぶ
p71～74","","#PREC文庫"
"289.1","07-7","佐藤昌 ","一部執筆 : 杉尾伸太郎","佐藤昌先生追想録刊行委員会","2005.7","","杉尾伸太郎の追想記事あり  P.105-106","","#PREC文庫"
"","","","","","","","","",""
"","","","","","","","","",""
"","","","","","","","","",""
"629.21","08-1","日本庭園史大系　34　別1　全国庭園史年表　他 ","重森 三玲 著","社会思想社","1976.8","","日本庭園史年表他","",""
"629.21","08-1","日本庭園史大系　35　別2　全国庭園所在一覧　他 ","重森 三玲 著","社会思想社","1976.8","","全国庭園所在一覧他","",""
"","","","","","","","","",""
"291.62","08-1","新修 京都叢書  第1巻  京童･京童跡追・洛陽名所集・京雀","中川 喜雲 編 / 山本泰順 編 / 浅井了意 編","光彩社(京都)、発行者: 新修京都叢書刊行会 ","1968.8","","限定出版300部,　覆刻","",""
"291.62","08-1","新修 京都叢書  第2巻  扶桑京華志・日次紀事・山城名所寺社物語,都花月名所","松野 元敬 編 / 黒川 道祐 編 / 秋里 離島 編","光彩社(京都)、発行者: 新修京都叢書刊行会 ","1968.8","","","",""
"291.62","08-1","新修 京都叢書  第3巻  近畿歴覧記・雍州府志","黒川 道祐 著　","光彩社(京都)、発行者: 新修京都叢書刊行会 ","1967","","","",""
"291.62","08-1","新修 京都叢書  第4巻  出来斉京土産・京師巡覧集","出来斉 編 / (僧)丈愚 編","光彩社(京都)、発行者: 新修京都叢書刊行会 ","1968.8","","","",""
"291.62","08-1","新修 京都叢書  第5巻  菟芸泥赴・京城勝覧・洛陽十二社霊験記","北村 季吟 編 / 貝原 篤信 編 / 松浦 星洲 編","光彩社(京都)、発行者: 新修京都叢書刊行会 ","1968.8","","","",""
"291.62","08-1","新修 京都叢書  第6巻  京羽二重・京羽二重織留大全","孤松子 編 / 孤松子 編","光彩社(京都)、発行者: 新修京都叢書刊行会 ","1968.8","","","",""
"291.62","08-1","新修 京都叢書  第7巻  山城名勝志  乾","大島 武好 編","光彩社(京都)、発行者: 新修京都叢書刊行会 ","1968.8","","","",""
"291.62","08-1","新修 京都叢書  第8巻  山城名勝志  坤","大島 武好 編","光彩社(京都)、発行者: 新修京都叢書刊行会 ","1968.8","","","",""
"291.62","08-1","新修 京都叢書  第9巻  名所都鳥・堀川の水・都名所車・京内まいり","著者不詳 / 富尾 似船 編 / 著者不詳 / 守拙斎 編","光彩社(京都)、発行者: 新修京都叢書刊行会 ","1968.8","","「名所都鳥」, 「都名所車」は著者不詳 ","",""
"291.62","08-1","新修 京都叢書  第10巻  山城名跡巡行志・京町鑑","(僧)浄慧 編 / 白露 編","光彩社(京都)、発行者: 新修京都叢書刊行会 ","1968.8","","","",""
"291.62","08-1","新修 京都叢書  第11巻  都名所図会","秋里 籬島 編","光彩社(京都)、発行者: 新修京都叢書刊行会 ","1968.8","","","",""
"291.62","08-1","新修 京都叢書  第12巻  都名所図会拾遺","秋里 籬島 編","光彩社(京都)、発行者: 新修京都叢書刊行会 ","1968.8","","付: 平安京之図(1枚","",""
"291.62","08-1","新修 京都叢書  第13巻  京都坊目誌  首巻","碓井 小三郎 編","光彩社(京都)、発行者: 新修京都叢書刊行会 ","1968.8","","","",""
"291.62","08-1","新修 京都叢書  第14巻  京都坊目誌  上京  乾","碓井 小三郎 編","光彩社(京都)、発行者: 新修京都叢書刊行会 ","1968.8","","","",""
"291.62","08-1","新修 京都叢書  第15巻  京都坊目誌  上京  坤","碓井 小三郎 編","光彩社(京都)、発行者: 新修京都叢書刊行会 ","1968.8","","","",""
"291.62","08-1","新修 京都叢書  第16巻  京都坊目誌  下京  乾","碓井 小三郎 編","光彩社(京都)、発行者: 新修京都叢書刊行会 ","1968.8","","","",""
"291.62","08-1","新修 京都叢書  第17巻  京都坊目誌  下京  坤","碓井 小三郎 編","光彩社(京都)、発行者: 新修京都叢書刊行会 ","1968.8","","","",""
"291.62","08-1","新修 京都叢書  第18巻  山州名跡志  乾","釈 白慧 編","光彩社(京都)、発行者: 新修京都叢書刊行会 ","1968.8","","","",""
"291.62","08-1","新修 京都叢書  第19巻  山州名跡志  坤","釈 白慧 編","光彩社(京都)、発行者: 新修京都叢書刊行会 ","1968.8","","","",""
"291.62","08-1","新修 京都叢書  第20巻  総索引","新修京都叢書刊行会 編 ","光彩社(京都)、発行者: 新修京都叢書刊行会 ","1968.8","","","",""
"","","","","","","","","",""
"","","","","","","","","",""
"291.62","08-2","新撰京都名所図会  巻1   東山の部","竹村 俊則 著","白川書院 (京都)","1958 ","","","",""
"291.62","08-2","新撰京都名所図会  巻2   北山・西山の部","竹村 俊則 著","白川書院 (京都)","1959 ","","","",""
"291.62","08-2","新撰京都名所図会  巻3   洛中の部 第1","竹村 俊則 著","白川書院 (京都)","1961 ","","","",""
"291.62","08-2","新撰京都名所図会  巻4   洛中の部 第2","竹村 俊則 著","白川書院 (京都)","1962 ","","","",""
"291.62","08-2","新撰京都名所図会  巻5   洛南の部 第1","竹村 俊則 著","白川書院 (京都)","1963 ","","","",""
"291.62","08-2","新撰京都名所図会  巻6   洛南の部 第2","竹村 俊則 著","白川書院 (京都)","1965","","","",""
"291.62","08-2","新撰京都名所図会  巻7   索引","竹村 俊則 著","白川書院 (京都)","1965","","","",""
"","","","","","","","","",""
"291.62","08-2","昭和京都名所図会  巻1   洛東  上
　（昭和京都名所圖會）","竹村 俊則 著","駸々堂出版 (京都)","1980.6","","「新撰京都名所圖會」を書き改め,新しく公刊したもの --序による","",""
"291.62","08-2","昭和京都名所図会  巻2   洛東  下
　（昭和京都名所圖會）","竹村 俊則 著","駸々堂出版 (京都)","1981.10","","「新撰京都名所圖會」を書き改め,新しく公刊したもの --序による","",""
"291.62","08-2","昭和京都名所図会  巻3   洛北
　（昭和京都名所圖會）","竹村 俊則 著","駸々堂出版 (京都)","1989.7","","「新撰京都名所圖會」を書き改め,新しく公刊したもの --序による","",""
"291.62","08-2","昭和京都名所図会  巻4   洛西
　（昭和京都名所圖會）","竹村 俊則 著","駸々堂出版 (京都)","1983.11","","「新撰京都名所圖會」を書き改め,新しく公刊したもの --序による","",""
"291.62","08-2","昭和京都名所図会  巻5   洛中 
　（昭和京都名所圖會）","竹村 俊則 著","駸々堂出版 (京都)","1984.11","","「新撰京都名所圖會」を書き改め,新しく公刊したもの --序による","",""
"291.62","08-2","昭和京都名所図会  巻6   洛南
　（昭和京都名所圖會）","竹村 俊則 著","駸々堂出版 (京都)","1986.1","","「新撰京都名所圖會」を書き改め,新しく公刊したもの --序による","",""
"291.62","08-2","昭和京都名所図会  巻7    南山城
　（昭和京都名所圖會）","竹村 俊則 著","駸々堂出版 (京都)","1989.6","","「新撰京都名所圖會」を書き改め,新しく公刊したもの --序による","",""
"","","","","","","","","",""
"291.08","08-2","日本名所図会全集 1   江戸名所図会  巻1
（日本名所圖會全集）","斎藤 幸成 等編, 長谷川 雪旦, 長谷川 雪提 画","名著普及会","1975","","『日本図会全集』 (日本随筆大成刊行会昭和3年刊) の複製 ","","#江戸べらぼう"
"291.08","08-2","日本名所図会全集 2   江戸名所図会  巻2
（日本名所圖會全集）","斎藤 幸成 等編, 長谷川 雪旦, 長谷川 雪提 画","名著普及会","1975","","『日本図会全集』 (日本随筆大成刊行会昭和3年刊) の複製 ","","#江戸べらぼう"
"291.08","08-2","日本名所図会全集 3   江戸名所図会  巻3
（日本名所圖會全集）","斎藤 幸成 等編, 長谷川 雪旦, 長谷川 雪提 画","名著普及会","1975","","『日本図会全集』 (日本随筆大成刊行会昭和3年刊) の複製 ","","#江戸べらぼう"
"291.08","08-2","日本名所図会全集 4   江戸名所図会  巻4
（日本名所圖會全集）","斎藤 幸成 等編, 長谷川 雪旦, 長谷川 雪提 画","名著普及会","1975","","『日本図会全集』 (日本随筆大成刊行会昭和3年刊) の複製 
現在のところ所蔵なし","","#江戸べらぼう"
"291.08","08-2","日本名所図会全集 5   東海道名所図会  上巻
（日本名所圖會全集）","秋里 舜福 編, 竹原 春朝斎 等画","名著普及会","1975","","『日本図会全集』 (日本随筆大成刊行会昭和3年刊) の複製 ","",""
"291.08","08-2","日本名所図会全集 6   東海道名所図会  下巻
（日本名所圖會全集）","秋里 舜福 編, 竹原 春朝斎 等画","名著普及会","1975","","『日本図会全集』 (日本随筆大成刊行会昭和3年刊) の複製 ","",""
"291.08","08-2","日本名所図会全集 7   都林泉名勝図会
（日本名所圖會全集）","秋里 籠島 撰, 佐久間 草偃 等画","名著普及会","1975","","『日本図会全集』 (日本随筆大成刊行会昭和3年刊) の複製 ","",""
"291.08","08-2","日本名所図会全集 8   日本山海名産図会･日本山海名物図会   （日本名所圖會全集）","蔀 関月画 / 平瀬 徹斎 編, 長谷川 光信 画","名著普及会","1975","","『日本図会全集』 (日本随筆大成刊行会昭和3年刊) の複製 ","",""
"291.08","08-2","日本名所図会全集 9   芸州厳島図会 上巻
（日本名所圖會全集）","岡田 清 等編, 山野 守嗣 画","名著普及会","1975","","『日本図会全集』 (日本随筆大成刊行会昭和3年刊) の複製 ","",""
"291.08","08-2","日本名所図会全集 10  芸州厳島図会 下巻
（日本名所圖會全集）","岡田 清 等編, 山野 守嗣 画","名著普及会","1975","","『日本図会全集』 (日本随筆大成刊行会昭和3年刊) の複製 ","",""
"291.08","08-2","日本名所図会全集 11   伊勢参宮名所図会
（日本名所圖會全集）","蔀 関月 編","名著普及会","1975","","『日本図会全集』 (日本随筆大成刊行会昭和3年刊) の複製 ","",""
"291.08","08-2","日本名所図会全集 12   都名所図会
（日本名所圖會全集）","秋里 舜福 編, 竹原 信繁 画","名著普及会","1975","","『日本図会全集』 (日本随筆大成刊行会昭和3年刊) の複製 ","",""
"291.08","08-2","日本名所図会全集 13   拾遺都名所図会
（日本名所圖會全集）","秋里 舜福 編, 竹原 信繁 画","名著普及会","1975","","『日本図会全集』 (日本随筆大成刊行会昭和3年刊) の複製 ","",""
"291.08","08-2","日本名所図会全集 14   日光山志･日本名山図会
（日本名所圖會全集）","植田 孟縉 編, 谷 文晁 著","名著普及会","1975","","『日本図会全集』 (日本随筆大成刊行会昭和3年刊) の複製 ","",""
"","","","","","","","","",""
"629.21","08-2","京都名園記  上巻 ","久恒 秀治 著","誠文堂新光社","1967","","","",""
"629.21","08-2","京都名園記  中巻 ","久恒 秀治 著","誠文堂新光社","1968","","","",""
"629.21","08-2","京都名園記  下巻 ","久恒 秀治 著","誠文堂新光社","1969","","","",""
"","","","","","","","","",""
"","","","","","","","","",""
"291.361","08-3","切絵図・現代図で歩く江戸東京散歩 : 江戸開府400年記念保存版      (古地図ライブラリー  別冊)","人文社 企画・編集","人文社","2002.10","","","","#江戸べらぼう"
"291.361","08-3","明治の東京 : 江戸から東京へ 古地図で見る黎明期の東京      (古地図ライブラリー  4)","人文社第一編集部 解説・編","人文社","1996.9","","","",""
"721.8","08-3","増補版　 葛飾北斎冨嶽三十六景を読む","有泉 豊明 正真解説","目の眼","2014.11","","","","#江戸べらぼう"
"216.2","08-3","幕末・維新　彩色の京都","白幡 洋三郎 著, 京都新聞出版センター 編","京都新聞出版センター","2004.4","","1995～1996年に京都新聞に連載した明治初期のモノクロ写真を着色した｢彩色写真｣。","",""
"629.21","08-3","名園の見どころ : 日本庭園160を解説","河原 武敏 著","東京農業大学出版会","1996.6","","改訂版","",""
"629.21","08-3","全国庭園ガイドブック","京都林泉協会 編","誠文堂新光社","1966.12","","","",""
"629.21","08-3","日本の庭","福田 和彦 著","河出書房新社","1962","","","",""
"290.13","08-3","失われた景観 : 名所が語る江戸時代","長谷川 成一 著","吉川弘文館","1996.2","","","",""
"291.018","08-3","古地図と風景","矢守 一彦 著","筑摩書房","1984.9","","","",""
"629.21","08-3","近江の名園    (Suiko books  154)","渡部 巌 写真, 光村推古書院編集部 編","光村推古書院(京都)","2009.11","","別ﾀｲﾄﾙ: Gardens of Ohmi","",""
"291.82","08-3","栗林公園　","藤田 勝重 著","学苑社","1974","","","",""
"629.21","08-3","特別名勝　栗林公園","香川県栗林公園観光事務所 編","香川県栗林公園観光事務所(高松)","1996.10","","","",""
"911.123","08-3","万葉集枕詞辞典","朴 炳植 著","小学館","1990.4","","","",""
"911.147","08-3","百人一首万華鏡","白幡洋三郎 編","思文閣出版(京都)","2005.1","","","",""
"911.108","08-3","天橋立百人一首","丹後歌人会 選歌, 栗田美也子 絵, 天橋立百人一首の会 監修","あまのはしだて出版(宮津)","1988.10","","函あり。","",""
"721.025","08-3","都市を描く : 京都と江戸 　(平成23年度人間文化研究機構連携展示)","国立歴史民俗博物館, 国文学研究資料館 編","人間文化研究機構","2012.3","","企画展 図録, 正誤表1枚
会期・会場: 2012年3月27日-5月6日 国立歴史民俗博物館ほか","","#江戸べらぼう"
"721.4","08-3","洛中洛外図屏風に描かれた世界","群馬県立歴史博物館, 米沢市上杉博物館, 林原美術館, 立正大学文学部 編","三館共同企画展『洛中洛外図屏風に描かれた世界』プロジェクトチーム","2011.3","","企画展 図録
会期・会場: 平成23年3月5日-4月10日 群馬県立歴史博物館ほか","",""
"721.4 ","08-3","京の雅び : 洛中洛外の世界","林原美術館 編集","林原美術館(岡山)","2004.9","","会期: 平成16年9月5日(日)-10月3日(日)","",""
"291.361","08-3","江戸百景今昔 : 江戸を楽しみ、大正を知り、現代を歩く","大野光政 著","本の泉社","2009.4","","","","#江戸べらぼう"
"721.8","08-3","江戸切絵図で歩く広重の大江戸名所百景散歩 : 嘉永・安政江戸の風景119      (古地図ライブラリー 3)","堀 晃明 著","人文社","1996.4","","ISBN: 479591902X","","#江戸べらぼう"
"291.36","08-3","嘉永・慶応江戸切絵図 : 江戸・東京今昔切絵図散歩      (古地図ライブラリー 1)","監修・解説: 師橋 辰夫","人文社","1995.8","","尾張屋清七板の複製
ISBN: 4-7959-1350-1","","#江戸べらぼう"
"518.8","08-3","まちの個性を、どう読み解くか : 東海道筋まち並み町づくり","塩見 寛 著","静岡新聞社","2001.8","","","",""
"291.62","08-3","彩色みやこ名勝図会 : 江戸時代の京都遊覧","白幡 洋三郎 著, 京都新聞社 編","京都新聞出版センター","2009.4","","","",""
"721.4","08-3","デジタル洛中洛外図屏風「島根県美本」: パソコンで旅する江戸時代の京都","奥平 俊六, 関口 敦仁 監修","淡交社","2009.11","","","",""
"291.62","08-3","都名所図会を読む","宗政 五十緒 編","東京堂出版","1997.3","","","",""
"216.2","08-3","京都名所図会 : 絵解き案内","宗政 五十緒,  西野 由紀 著","小学館","1997.5","","","",""
"291.62","08-3","京の名所図会を読む","宗政 五十緒 編","東京堂出版","1998.9","","","",""
"721.025","08-3","泥絵で見る大名屋敷      (Gakken graphic books deluxe  37)","平井 聖 監修・執筆,  浅野 伸子 執筆","学習研究社","2004.2","","幕末に西洋画の遠近技法を取り入れ、泥絵の具で描かれたすぐれた大名屋敷の絵がある。埋没していたコレクションを発掘紹介する。（提供元: 出版情報登録センター（JPRO））","",""
"721.025 ","08-3","江戸図屏風の謎を解く　　(角川選書 471)","黒田 日出男 著","角川学芸出版, 	角川グループパブリッシング (発売)","2010.6","","","",""
"629.21","08-3","大名庭園を楽しむ: お江戸歴史探訪
(朝日新書 ; 193)","安藤優一郎 著","朝日新聞出版","2009.8","","","","#江戸べらぼう"
"721.83","08-3","江戸のなかの近代 : 秋田蘭画と『解体新書』","監修: 高階秀爾 ","筑摩書房","1996.12","","","",""
"779.13","08-3","江戸芸能・落語地名辞典  上 (あ～そ) ","北村 一夫 著","六興出版","1985.3","","","",""
"779.13","08-3","江戸芸能・落語地名辞典  下 (た～わ) ","北村 一夫 著","六興出版","1985.3","","","",""
"210.5","08-3","江戸のなりたち 1  江戸城・大名屋敷","追川 吉生 著","新泉社","2007.8","","","","#江戸べらぼう"
"210.5","08-3","江戸のなりたち 2  武家屋敷・町屋","追川 吉生 著","新泉社","2007.11","","","","#江戸べらぼう"
"210.5","08-3","江戸のなりたち 3  江戸のライフライン","追川 吉生 著","新泉社","2008.4","","","","#江戸べらぼう"
"518.8","08-3","江戸東京のみかた調べかた","陣内 秀信 ＋ 法制大学・東京のまち研究会 著","鹿島出版会","1989.2","","","",""
"682.1","08-3","江戸の旅　　　(岩波新書  黄-349)","今野 信雄 著","岩波書店","1986.8","","384.37 : 社会・家庭生活の習俗","",""
"689.21","08-3","観光都市江戸の誕生      (新潮新書)","安藤 優一郎 著","新潮社","2005.6","","","",""
" 213.6","08-3","地名で読む江戸の町       (PHP文庫  お72-1)","大石 学 著","PHP研究所","2013.11","","2001年刊の加筆・修正 ","",""
"291.361","08-3","お江戸の地名の意外な由来      (PHP文庫)","中江 克己 著","PHP研究所","2002.9","","","",""
"629.21","08-3","東京鎌倉横浜名庭を歩く : 江戸の庭園文化を訪ねて      (JTBキャンブックス)","[大和田秀樹写真],  庭園紹介執筆: 高橋 裕一, 桜田 通雄, 野村 勘治 ","日本交通公社出版事業局","1996.3","","","",""
"629.21","08-3","四季東京 : 新宿御苑写真集","楳村 修治 著","ナビ出版","2002.12","","","",""
"291.62","08-3","都林泉名勝図会 : 京都の名所名園案内　上  -巻之一 乾 巻之一 坤 巻之二   (講談社学術文庫)","秋里籬島 著, 白幡 洋三郎 監修","講談社","1999.12","","巻之一 乾巻之一 坤巻之二ｃ","",""
"291.62","08-3","都林泉名勝図会 : 京都の名所名園案内　下  -巻之三 巻之四 巻之五   (講談社学術文庫)","秋里籬島 著, 白幡 洋三郎 監修","講談社","2000.5","","","",""
"","","","","","","","","",""
"291.36","08-3","東京の坂道 : 生きている江戸の歴史","石川 悌二 著","新人物往来社","1971","","","",""
"454.9136","08-3","東京「スリバチ」地形散歩 : 凹凸を楽しむ    多摩武蔵野編 ","皆川 典久 著","洋泉社","2012.2","","","",""
"453.4","08-3","地名に隠された「東京津波」       (講談社+α新書  580-1C)","谷川彰英 著","講談社","2012.1","","約90年前の地図をもとに、明治から大正期までの東京の状態や、人々の生活と土地との深いかかわりを紹介。","",""
"682.1","08-3","道と日本史      (日経プレミアシリーズ  510)","金田 章裕 著","日経BP, 日本経済新聞出版","2024.3","","","",""
"291.62","08-3","京都の散歩みち      (山渓文庫)","上野 瞭 ほか著","山と渓谷社","1968.2","","","",""
"629.21","08-3","「東京人」 17(6), (通号 179) 　 特集・なごめる、憩う 庭とお屋敷見学ブック　　","","都市出版","2002.6","","","",""
"210.5","08-3","「東京人」no.340   特集「あの大名屋敷はいま」 : 150年の変遷を歩く ","竹内 誠  ほか著","都市出版","2014.6","","第29巻7号(通巻340号) 2014年6月号 ","",""
"291.36","08-3","東京を描く","安西 啓明 著","朝日新聞社","1974","","","",""
"291.04","08-3","ノノさんのぶらぶら地図学","野々村 邦夫 著","実業之日本社","2004.12","","","",""
"213.6 ","08-3","アースダイバー","中沢 新一 著","講談社","2005.5","","","",""
"291.013","08-3","地理の風景 : 古代から現代まで : 地理写真集","石井 實 著","大明堂","1999.9","","","",""
"","","","","","","","","",""
"","","","","","","","","",""
"748","08-4","日本の風景　ー自然公園50周年記念・国立公園写真集","環境庁自然保護局 監修,  ㈶国立公園協会 編集","ぎょうせい","1981.10","","","",""
"291.51","08-4","富士山 : 信仰と芸術の源","富士山世界文化遺産登録推進静岡・山梨両県合同会議, 富士山を世界遺産にする国民会議 [編]","小学館","2009.4","","英文併記, 
別タイトル: Mt.Fuji","",""
"629.21","08-4","日本の名勝  第1巻   庭園 1","監修: 井上 靖, 東山 魁夷, 吉川 需 編著","講談社","1983.9","","","",""
"629.21","08-4","日本の名勝  第2巻   庭園 2","監修: 井上 靖, 東山 魁夷, 吉川 需 編著","講談社","1983.12","","","",""
"709","08-4","「ビジュアル・ワイド」世界遺産","青柳 正規 監修","小学館","2003.12","","","",""
"290.9","08-4","世界遺産の旅 : 地球紀行      (小学館green mook)","**","小学館","2000.5","","","",""
"290.9","08-4","世界の景観","田村 剛 著","修道社","1961","","","",""
"721.7","08-4","日本名山図会","谷 文晁 著","国書刊行会	","1970","","文化9年刊の複製 ","",""
"629.21","08-4","『日本工藝』　第9號","日本工藝会","芸艸堂( 京都府)うんそうどう","1956.6","","特集:日本建築の窓
(「日本庭園」巻3に綴じてある)","",""
"629.21","08-4","日本公園百年史　総論・各論","日本公園百年史刊行会 編","日本公園百年史刊行会 ","1978","","","",""
"629.21","08-4","日本公園百年史　附表","日本公園百年史刊行会 編","日本公園百年史刊行会 ","1978","","","",""
"629.21","08-4","『日本庭園』　第1號～第10號","京都林泉協会 監修(3號まで)","林泉刊行会 (京都府)(→6號から庭園刊行会)","1956.9～1958.9(昭和31.9～33.9）","","重森三玲･完途, 田村剛, 中根金作, ほか執筆","",""
"629.21","08-4","『日本庭園』　第11號～第20號","庭園刊行会","庭園刊行会","1958.12～1961.4","","田畑貞寿、森恩","",""
"629.21","08-4","『日本庭園』　第21號～第30號","庭園刊行会","庭園刊行会","1956.9～1964.3","","第23號, P12-15, 1962.3：杉尾伸太郎「造園計画における生態学的な考え方」","",""
"291.08","08-4","都林泉名勝図会","井口 洋 校訂 (秋里 篭島 撰, 佐久間 草偃･西村 中和･奥 文鳴 ほか画, 櫻井 庄吉 編集)","柳原書店","1975.6","","秋里 籬島 (江戸後期),     京都市--史跡名勝 ","",""
"216","08-4","畿内見物　　(京都之巻, 大和之巻, 大阪之巻）","絵: 浅井 忠, 中澤 弘光,  文: 高安 月郊, 与謝野 晶子, 上田 敏 等","金尾文淵堂","1911-1912(明治44-45)","","布帙入(３冊共箱入り）","",""
"222","08-4","いはゆる秋月筆揚子江圖卷について","加藤 繁 著","東京美術研究所","1939(昭和14.11)","","雑誌「画説」第35号p967～987抜刷","",""
"472.9132","08-4","日光並木杉に関する研究       (宇都宮大学農学部学術報告特輯  第8号)","鈴木 丙馬 著","宇都宮大学農学部","1961.03","","","",""
"629.222","08-4","台湾の山林：臺灣國立公園號","台湾国立公園協会","台湾山林会(台北)","1936.7(昭和11.7）","","雑誌, 「台湾山林会報」の改題","",""
"291","08-4","河及湖沢  (山水叢書)","志賀 重昂 著","政教社","1897(明治30.4)","","第４版","",""
"","","","","","","","","",""
"","","","","","","","","",""
"629.21","08-5","日本真景画譜","山田 松溪 画","青木恒三郎、青木嵩山堂出版","1893.5","","著者名は目首による表紙に「青木嵩山堂出版」とあり","",""
"629.21","08-5","山水図式　初心画譜","**","銕崎瑞章堂(大阪市)","1896(明治29.3)","","","",""
"629.21","08-5","名山絵伝？（蛇腹状）","","","","","","",""
"213.6","08-5","新撰東京名所図会　第1,2編　上の公園乃部 上･下","**","東陽堂支店","1896(明治29.9, 29.12)","","51〜53編","",""
"629.21","08-5","小石川後楽園紀  （造兵彙報第15巻第8号別冊附録）","","陸軍造兵廠","1937(昭和2)？","","","",""
"289.1","08-5","詩仙堂記","石川 瑞達 著","詩仙堂 (修学院村京都府)","1923(大正12.4)","","再版","",""
"211","08-5","五稜郭史","片上 楽天 編","懐菖館(函館)","1921(大正10.9)","","","",""
"629.21","08-5","頤和園簡明図説","北平市管理頤和園事務所 編製","","","","","",""
"629.21","08-5","浴恩園之圖ニ就テ　（築地、松平子爵家所蔵園）","**","水路部？","1933(昭和8.9)","","","",""
"620","08-5","園藝考 (園芸考) 　全","横井 時冬 著, 	小杉 榲邨 校閲","大八洲學會(学会)","1889(明治22.12)","","","",""
"629.21","08-5","御浜御庭乃記（甲子夜話巻95､100、甲府日記の写し？）","**","**","1948(昭和23.6)","","","",""
"629.21","08-5","純正日本庭園解説","杉本 文太郎 著","工友社","1913(大正2.4)","","国文館書店（東京市）、井上一書堂（大阪市）","",""
"","","","","","","","","",""
"","08-5","鳳闕見聞図説  1冊(3巻合本)","源宗隆","**","1897(明治30)","","奥書に「明治参拾年十月二十日冩了 納于南葵文庫(原本上下二巻今合為一)重章識」とあり","",""
"","","","","","","","","",""
"","08-5","内裏の図、庭園あり　（折畳式、カラー、表紙あり）","","","","","","",""
"","08-5","内裏の図、庭園あり　（折畳式、カラー、表紙あり）","","","","","","",""
"","08-5","改新　内裏図　（折畳式、カラー、表紙あり）","山岡 恭安  画","野田藤八（京都）","1802(享和2)","","","",""
"288.4","08-5","御所沿革史料図譜","京都史蹟会 編","京都史蹟会 	","1914(大正3)","","","",""
"","08-5","城郭図, タイトル不明（4枚、布帙入り）","**","**","","","","",""
"517","08-5","箱根疏水隧道開鑿の由来","沼田 頼輔 著","箱根振興会内箱根疏水隧道 開鑿者表彰会(塔ノ沢 (神奈川県))","1928(昭和3)","","","",""
"","","","","","","","","",""
"","08-5","〔江戸切絵図〕 外桜田永田町絵図 　（折畳式、カラー、表紙あり）","景山 致恭, 戸松 昌訓, 井山 能知 編","尾張屋清七（麹町）","1849-1862(嘉永2ｰ文久2)刊","","","","#江戸べらぼう"
"","","","","","","","","",""
"","08-5","〔江戸切絵図〕 東都麻布之繪圖　全　(表紙あり、シリーズ名 [江戸切絵図])","戸松昌訓 圖　(江戸時代末期)","出版社：尾張屋清七[江戸]
","1861(文久1)","","","","#江戸べらぼう"
"480.76","08-5","象志　（１冊）","**","梅英軒（京都）
共同刊行:壽陽堂(京都) ","1729[享保14]","","","","#江戸べらぼう"
"480.76","08-5","京都市立記念動物園案内 　ー両陛下銀婚御儀奉祝紀念 ー","京都市岡崎公園　京都市立記念動物園 編纂","京都、近藤準一","1925(大正14.4)","","","",""
"480.76","08-5","動物園　（『少年世界』定期増刊　第8巻第6號）","**","博文館","1895（明治28.10.6)","","象の絵あり","",""
"480.76","08-5","動物二千六百年史","大坂市立動物園","大坂市立動物園","1941(昭和16.5)","","","",""
"","","","","","","","","",""
"291","08-5","名勝調査報告　第3輯","文部省 編","文部省","1937(昭和12)","","","",""
"216.2","08-5","天橋立秘帖　(史実と伝説集 2)"," 丹後伝説研究会 編, 表紙画：曽根 好忠","丹後伝説研究会(京都府宮津市)","1976.5","","","",""
"291.62","08-5","改訂　天橋立","長濱 宇平 著述","六松堂(京都府与謝郡吉津村)","1931.5","","","",""
"629.4193","08-5","西海国立公園候補地基本調書","長崎県商工部観光課編","長崎県","1953(昭和28.8)","","","",""
"652","08-5","小笠原島ノ概況及森林","東京府小笠原島庁 編","東京府小笠原島庁(小笠原村(東京府))","1914(大正3.3)","","","","#小笠原"
"","08-5","無人島之圖　附録　無人嶋大小八十余山之図　（「三國通覽圖説」付５舗の１、帙）","仙臺　林 子平  図","須原屋市兵衛梓（東都）","1785(天明5)","","","","#江戸べらぼう"
"292.24","08-5","台湾中央山脈横断記","賀田 直治 著","拓殖新報社(東京市)","1914(大正3.9)","","","",""
"291.369","08-5","小笠原群嶋之圖 　　銅版　一舗","内務省地理局","内務省地理局測量課","1883.4(明治16)","","","","#小笠原"
"","08-5","京城案内（付：京城府略圖 ）","吉村　傳　著作","朝鮮博覧會京城協賛會","1929.9","","","",""
"629.21","08-5","中世庭園文化史 : 大乗院庭園の研究　　(奈良国立文化財研究所学報  第6冊)","森 蘊 著","奈良国立文化財研究所","1959.2","","","",""
"291.09","08-5","日本名所圖繪：内國旅行　巻之1　五畿内之部","上田 維暁 編輯、上田 文齋 著、青木恒三郎 校閲","青木嵩山堂 (大阪)","1890(明治23.12)増補再販","","","",""
"291.09","08-5","日本名所圖繪：内國旅行　巻之2　東海道之部　","上田 維暁 編輯、上田 文齋 著、青木恒三郎 校閲","青木嵩山堂 (大阪)","1889(明治22.1)","","","",""
"291.09","08-5","日本名所圖繪：内國旅行　巻之3　東海道之續-増補版","上田 維暁 編輯、上田 文齋 著、青木恒三郎 校閲","青木嵩山堂 (大阪)","1889(明治22.4)","","","",""
"291.09","08-5","日本名所圖繪：内國旅行　巻之4　東山道之部","上田 維暁 編輯、上田 文齋 著、青木恒三郎 校閲","青木嵩山堂 (大阪)","1889(明治22.8)","","","",""
"291.09","08-5","日本名所圖繪：内國旅行　巻之5　陸前・陸中・陸奥・北海道・北陸道之部","上田 維暁 編輯、上田 文齋 著、青木恒三郎 校閲","青木嵩山堂 (大阪)","1889(明治22.11)","","","",""
"291.09","08-5","日本名所圖繪：内國旅行　巻之6　山陽道・山陰道之部","上田 維暁 編輯、上田 文齋 著、青木恒三郎 校閲","青木嵩山堂 (大阪)","1890(明治23.4)","","","",""
"291.09","08-5","日本名所圖繪：内國旅行　巻之7　南海道及西海道之部","上田 維暁 編輯、上田 文齋 著、青木恒三郎 校閲","青木嵩山堂 (大阪)","1890(明治23.8)","","","",""
"629.21","08-5","雑誌「庭園」","執筆者：田村剛、岡崎文彬ほか","日本庭園協会","1936.10","","第18巻10号","",""
"629.21","08-5","雑誌「日本庭園」　　（第1号～第8号)","京都林泉協会 監, 執筆者：重森 三玲・重森 完途, 田村 剛, 中根 金作, 平野 侃三","林泉刊行会→庭園刊行会(京都)","1956.9～1958.1","","1号～8号、欠号：７号","",""
"","","","","","","","","",""
"","","","","","","","","",""
"","08-6","佐渡金銀鉱山採鉱図（巻物, 約10m)","**","**","","","巻物１巻, 日本画","貴重書",""
"","08-6","文化十年象の図及び資料（大小巻物１巻づつ）","**","**","1813(文化10年)","","巻物（２巻）","貴重書","#江戸べらぼう"
"","08-6","牛の絵","","","","","丑年生まれの名誉会長に五牛の絵の巻物","",""
"291.99","08-6","沖縄志　一名 琉球志 1～5　(和装, 布帙)","伊地知貞馨 著　(1826-1887). 重野安 繹校","石川治兵衛 (東京)
 印記: 亀田蔵書 ","1877(明治10.3)","","5冊","貴重書",""
"","","","","","","","","",""
"","","","","","","","","",""
"","","","","","","","","",""
"","","","","","","","","",""
"519.85","08-7","図説　生活環境と緑の機能
Plants/People and Environmental Quality","編集: 米国内務省国立公園局, (財)米国造園家協会 / ギャリー・O.ロビネッテイ(Gary O. Robinette)著, 訳者: 三澤 彰, 山本 正之","(株)産業技術センター","1978.7","","","",""
"629","08-7","スケープテクチュア : 明日の造園学","江山 正美 著","鹿島出版会","1977.3","","江山 正美, 1906-1978","",""
"629","08-7","造園の計画と設計","戸野 琢磨 著","鹿島出版会","1970.6","","","",""
"629.1","08-7","景観論","藤沢 和 著","あまのはしだて出版(宮津)","1994.9","","","",""
"290.13","08-7","新訂　景観を考える","浮田 展良 編","大明堂","1988","","","",""
"629","08-7","景観設計への歩み : 久保貞論文集","久保 貞 著,  久保貞教授退官記念事業会 編","久保貞教授退官記念事業会(堺)","1986.3","","非売品","",""
"291.019","08-7","景観の構造 : ランドスケープとしての日本の空間","樋口 忠彦 著","技報堂","1975","","","",""
"629.21","08-7","日本文化としての庭園 : 様式と本質","丹羽 鼎三 著, 編者: 丹羽鼎三記念出版会 ","誠文堂新光社","1968","","","",""
"629","08-7","公園史と風景論 : 小寺駿吉論文集","小寺 駿吉 著, 千葉大学園芸学部造園学科風景計画論研究室 編","千葉大学園芸学部造園学科風景計画論研究室","1976.2","","","",""
"629","08-7","この目で見た造園発達史","上原 敬二 著","「この目で見た造園発達史」刊行会","1983.12","","","",""
"629","08-7","日本のランドスケープアーキテクト　原熈の足跡","佐藤  昌 著","長谷木","2001.4","","非売品","",""
"629","08-7","緑地","岡崎 文彬 著","日本林業技術協会","1979","","","",""
"629.25","08-7","庭石と石組      (ガーデン・シリーズ  第2)","上原 敬二 著","加島書店","1958","","","",""
"629.7","08-7","図解 生垣・垣根のすべて      (ガーデンライフ 庭と樹木選書)","岡崎 文彬 編","誠文堂新光社","1975","","岡崎 文彬, 1908-1995","",""
"629.7","08-7","図解花壇の設計","近藤竜雄 著","加島書店","1959","","","",""
"783.8","08-7","佐藤昌が見た世界のゴルフコース発達史　ー日本ゴルフ伝来100年記念出版","佐藤  昌 著, 監修:三品 智加良","インタラクション/環境緑化新聞社","2001.12","","","",""
"","","","","","","","","",""
"629.4","08-7","大井道夫著作集","大野道夫著作集刊行会","大野道夫著作集刊行会","2007.12","","","",""
"629.3","08-7","公園文化の歴史：公園文化を築いた人々","佐藤 昌 著（日本造園修景協会会長）","日本造園修景協会　","1985?","","","",""
"518.85","08-7","日本の公園緑地120年の歩み　","佐藤 昌 著","日本公園緑地協会公園緑地協会名誉会長","1993.10","","","",""
"518.85","08-7","第2のふるさと 武蔵野のエコランドスケープ70年 : 美しい緑と美味しい水の保全","田畑 貞寿 著","ぶんしん出版","2023.8","","ISBN:9784893902054","",""
"","","","","","","","","",""
"289.1","08-7","佐藤昌と近代公園緑地の歩み","佐藤 昌 著, 環境緑化新聞社 編","日本公園緑地協会","1991.6","","","",""
"290.9","08-7","五線紙 : 京大退官記念随筆集","岡崎　文彬 著","岡崎文彬 (京都)","1972"," ","非売品","",""
"629.2","08-7","名園のはなし","岡崎 文彬 著","同朋舎出版 (京都)","1985.12","","","",""
"629","08-7","談話室の造園学","上原 敬二 著 ","技報堂出版","1979.5","","上原 敬二 (1889-1981)","",""
"","","","","","","","","",""
"627.038","08-7","サッペン：「花と庭」随想集   No.2
　(サに゜, ドイツ語Zapfen(松ぼっくり))","上原 敬二 著","東京農業大学社会通信教育部","","","文部省認定通信教育","",""
"629.253","08-7","フレデリック・ロー・オームステッド : その一生と業績","佐藤 昌 著","日本造園修景協会","1980.4","","Olmsted, Frederick Law, 1822-1903 ","",""
"291","08-7","Protected Areas of the World : a review of national systems.   Vol.1　Indomalaya, Oceania, Australia, and Antarctic","    ""Compiled by the World Conservation Monitoring Centre in collaboration with the IUCN Commission on National Parks and Protected Areas for the IVth World Congress on National Parks and Protected Areas, Caracas, Venezuela, 10-21 February 1992.""","IUCN","1991.11","英語","2831700906 (v. 1)
2831700914 (v. 2)
2831700922 (v. 3)
2831700930 (v. 4)","",""
"291","08-7","Protected Areas of the World : a review of national systems.   Vol.2   Palaearctic","    ""Compiled by the World Conservation Monitoring Centre in collaboration with the IUCN Commission on National Parks and Protected Areas for the IVth World Congress on National Parks and Protected Areas, Caracas, Venezuela, 10-21 February 1992.""","IUCN","1991.11","英語","Vol 3: Afrotropicalv. Vol 4: Nearctic and neotropical.（提供元: 国立国会図書館蔵書）","",""
"","","","","","","","","",""
"","","","","","","","","",""
"786.1","09-1","近代日本登山史","安川 茂雄 著","あかね書房","1969","","","",""
"291.5","09-1","日本アルプス　第1巻","小島 烏水 著","前川文栄閣","1910.7 (明治43.7)","","","",""
"291.5","09-1","日本アルプス　第2巻","小島 烏水 著","前川文栄閣","1911.7 (明治44.7)","","","",""
"291.5","09-1","日本アルプス　第3巻","小島 烏水 著","前川文栄閣","1912.7 (明治45.7)","","","",""
"291.5","09-1","日本アルプス　第4巻","小島 烏水 著","前川文栄閣","1915.7 (大正4.7)","","","",""
"290.9","09-1","山の憶ひ出　上巻　(復刻日本の山岳名著 19)"," 木暮理太郎 著、日本山岳会 編","大修館書店","1975.10","","昭和13年刊(竜星閣)の複製新装増補版, 
日本山岳会創立七十周年記念出版","",""
"290.9","09-1","山の憶ひ出　下巻　(復刻日本の山岳名著 20)"," 木暮理太郎 著、日本山岳会 編","大修館書店","1975.10","","昭和13年刊(竜星閣)の複製新装増補版, 
日本山岳会創立七十周年記念出版","",""
"290.9","09-1","氷河と万年雪の山　(復刻日本の山岳名著 )","小島烏水 著 (小島 久太 著), 企画編集:(社)日本山岳会","梓書房","1975.10","","小島烏水 (1873-1948)
昭和7年刊(梓書房)の複製, 日本山岳会創立七十周年記念出版","",""
"","","","","","","","","",""
"292.09","09-1","ヘディン探検紀行全集 1-15, 別巻1-2","山口 四郎 訳, 監修: 深田久弥ほか ","白水社","1978-1980","","Hedin, Sven Anders, 1865-1952","",""
"292.09","09-1","ヘディン探検紀行全集　1　ペルシアから中央アジアへ","Hedin, Sven Anders,  金森誠也 訳","白水社","1978.9","","","",""
"292.09","09-1","ヘディン探検紀行全集   ２　アジアの砂漠を越えて　(上)","ヘディン著、横川　文雄 訳","白水社","1979.2","","","",""
"292.09","09-1","ヘディン探検紀行全集　3　アジアの砂漠を越えて　(下)","ヘディン著、横川　文雄 訳","白水社","1979.4","","","",""
"292.09","09-1","ヘディン探検紀行全集　4　チベットの冒険","ヘディン著、鈴木　武樹 訳","白水社","1979.7","","原タイトル: Abenteuer in Tibet, 
折り込地図1枚","",""
"292.09","09-1","ヘディン探検紀行全集　５　陸路インドへ　(上)","ヘディン著、羽鳥　重雄 訳","白水社","1979.1","","","",""
"292.09","09-1","ヘディン探検紀行全集　６　陸路インドへ　(下)","ヘディン著、羽鳥　重雄 訳","白水社","1979.3","","折り込図1枚","",""
"292.09","09-1","ヘディン探検紀行全集　７　トランスヒマラヤ　(上)","ヘディン著、青木　秀男 訳","白水社","1979.5","","原タイトル: Transhimalaja","",""
"292.09","09-1","ヘディン探検紀行全集　8　トランスヒマラヤ　(下)","ヘディン著、青木　秀男 訳","白水社","1979.6","","原タイトル: Transhimalaja","",""
"292.09","09-1","ヘディン探検紀行全集　9　ゴビ砂漠横断","ヘディン著、羽鳥　重雄 訳","白水社","1979.9","","原タイトル: Auf grosser Fahrt","",""
"292.09","09-1","ヘディン探検紀行全集　10　ゴビ砂漠の謎","ヘディン著、福田　宏年 訳","白水社","1979.10","","原タイトル: Rätzel der Gobi","",""
"292.09","09-1","ヘディン探検紀行全集　11　熱河 ―皇帝の都","ヘディン著、斎藤　明子 訳","白水社","1978.11","","","",""
"292.09","09-1","ヘディン探検紀行全集　12　戦乱の西域を行く","ヘディン著、宮原 朗 訳","白水社","1979.8","","原タイトル: Die Flucht des grossen Pferdes","",""
"292.09","09-1","ヘディン探検紀行全集　13　シルクロード","ヘディン著、西　義之 訳","白水社","1978.12","","","",""
"292.09","09-1","ヘディン探検紀行全集　14　さまよえる湖","ヘディン著、関　楠生 訳","白水社","1978.10","","","",""
"292.09","09-1","ヘディン探検紀行全集　15　探検家としてのわが生涯","ヘディン著、山口　四郎 訳","白水社","1979.11","","原タイトル: Mein Leben als Entdecker","",""
"292.09","09-1","ヘディン探検紀行全集　別巻１　カラコルム探検史　(上)","ヘディン著、雁部　貞夫 訳, 監修: 深田久弥ほか","白水社","1979.12","","原タイトル: History of exploration in the Kara-korum Mountain, 
折り込地図3枚","",""
"292.09","09-1","ヘディン探検紀行全集　別巻２　カラコルム探検史　(下)","ヘディン著、雁部　貞夫 訳, 監修: 深田久弥ほか","白水社","1980.1","","原タイトル: History of exploration in the Kara-korum Mountain","",""
"220","09-1","新シルクロード. 1  楼蘭,トルファン   (NHKスペシャル)","NHK「新シルクロード」プロジェクト 編著","日本放送出版協会","2005.2","","付属資料: 15p : 月報 1折り込1枚","",""
"751.2","09-1","陶磁の道 : 東西文明の接点をたずねて","三上 次男 著","中央公論美術出版","2000.5","","","",""
"","","","","","","","","",""
"","","","","","","","","",""
"290.9","09-2","日本山岳会会報　會報　１号～１００号　（覆刻日本の山岳名著　特別資料）","日本山岳會","大修館書店","1975.10","","日本山岳会会報第1号 (昭和5年)～第100号(昭和15年) の複製合本, 
日本山岳会創立70周年記念出版　","",""
"290.9","09-2","覆刻　日本の山岳名著　解題","日本山岳会（会長 今西錦司） 企画・編集","大修館書店","1975.10","","","",""
"291.09","09-2","日本百名山","深田 久弥 著","新潮社","1964.7","","深田, 久弥, 1903-1971 ","",""
"786.1","09-2","日本山嶽志    (覆刻日本の山岳名著）
日本山岳志","高頭 式 編纂, 企画・編集：(社)日本山岳会（会長 今西 錦司）","大修館書店","1975.10.14","","博文館明治39年刊の複製, 
付: 別冊 13P,19cm 袋入 : 山岳会主意書・規則書 付 (図1枚 袋入) : 日本群島山岳系統図, 
日本山岳会創立70周年記念出版　","",""
"289.1","09-2","小島烏水 : 山の風流使者伝","近藤 信行","創文社","1978.1","","","",""
"291.09","09-2","山水無盡蔵　（新選 覆刻 日本の山岳名著）
 山水無尽蔵","小島烏水 著,  日本山岳会 企画･編集　","大修館書店","1978.9","","隆文館　明治39年刊の復刻 ","",""
"290","09-2","山岳美観　（新選 覆刻 日本の山岳名著）
 
","吉江 喬松 著, 武井 真澄 画,  日本山岳会 企画･編集, ","大修館書店","1978.9","","協和書院　昭和10年の複製 
","",""
"292.58","09-2","ヒマラヤ・トレッキング  / Trekking in the Himalayas","Tomoya Iozawa, 五百沢 智也, Michiko U. Kornhauser, David H. Kornhauser","山と渓谷社","1976","","","",""
"290.8","09-2","Mountaineering and Exploration in the Japanese Alps By the Rev. Walter Weston（覆刻　日本の山岳名著）","Walter Weston (Weston, Walter, 1861-1940) 著, 企画・編集：(社)日本山岳会","大修館書店","1975.10","英語","背の書名: The Japanese Alps, ジョン・マリ社1896年刊の複製, 折り込地図2枚
日本山岳会創立70周年記念出版　","",""
"291.52","09-2","日本アルプスの登山と探検","ウォルター・ウェストン 著, 黒岩 健 訳 ","大江出版社 (大阪)","1982.6","","原タイトル: Mountaineering and exploration in the Japanese Alps","",""
"290.9","09-2","日本アルプスと秩父巡禮   (覆刻日本の山岳名著)","田部 重治 著","大修館書店","1975.1","","北星堂大正8年刊の複製, 
日本山岳会創立七十周年記念出版","",""
"786","09-2","山 : 研究と随想   (覆刻日本の山岳名著)","大島 亮吉 著","岩波書店","1975.10","","岩波書店昭和5年刊の複製, 
日本山岳会創立七十周年記念出版","",""
"786.1","09-2","東西登山史考　　（同時代ライブラリー 223)","田口 二郎 著","岩波書店","1995/6","","","",""
"291.52","09-2","上高地","矢澤 米三郎 著","岩波書店","1930.6(昭和3.6 )","","古い、燻蒸？","",""
"290.9","09-2","山岳省察　（覆刻 日本の山岳名著,  日本山岳会創立七十周年記念出版)
","今西 錦司 著,  企画･編集: 日本山岳会 (会長 今西錦司)","大修館書店","1975.10","","今西 錦司 (1902-1992)","",""
"","","","","","","","","",""
"454.5","09-2","東京大学公開講座　32　山","向坊 隆 ほか著","東京大学出版会","1981.3","","","",""
"293.45","09-2","山への初恋","プロヴィエ・シャペル(Plovier-Chapelle, Marie Louise) 著,  近藤 等 訳","新潮社","1956","","","",""
"786.1","09-2","山の思想史      (岩波新書)","三田 博雄 著","岩波書店","1973","","","",""
"291.09","09-2","渓      (中公文庫)","冠 松次郎 著","中央公論社","1979.4","","","",""
"291.42","09-2","黒部渓谷と雲ノ平       (山渓文庫  16)","伊藤 正一 著","山と渓谷社","1958.5 (再版)","","","",""
"291.42","09-2","黒部渓谷       (コマクサ叢書  第5巻)","冠 松次郎 著","朋文社","1957.3","","冠, 松次郎, 1883-1970
部分タイトル: 祖母谷を下る 他6篇","",""
"291.42","09-2","黒部渓谷 続       (コマクサ叢書  第8巻)","冠 松次郎 著","朋文社","1958.3","","冠, 松次郎, 1883-1970","",""
"","","","","","","","","",""
"290.9","09-2","山行　（覆刻 日本の山岳名著,  日本山岳会創立七十周年記念出版)","槙 有恒 著, 企画・編集: 日本山岳会","大修館書店","1975.10(原著:大正12.7)","","槙, 有恒, 1894-1989 ","",""
"290.9","09-2","雪・岩・アルプス　　（覆刻 日本の山岳名著,  日本山岳会創立七十周年記念出版)","藤木 九三 著, 企画・編集: 日本山岳会","大修館書店","1975.10(原著:昭和5.5)","","藤木, 九三, 1887-1970 , 梓書房, 昭和5.5刊の複製 ","",""
"290.9","09-2","北の山　（覆刻 日本の山岳名著,  日本山岳会創立七十周年記念出版)","伊藤 秀五郎 著, 企画・編集: 日本山岳会","大修館書店","1975.10(原著:昭和10.5)","","梓書房, 昭和10.5刊の複製 ","",""
"290.9","09-2","山と雪の日記　（覆刻 日本の山岳名著,  日本山岳会創立七十周年記念出版)","板倉 勝宣 著, 企画・編集: 日本山岳会","大修館書店","1975.10(原著:昭和10.5)","","梓書房, 昭和10.5刊の複製 ","",""
"290.9","09-2","ハイランド　　（覆刻 日本の山岳名著,  日本山岳会創立七十周年記念出版)","辻村 伊助 著, 企画・編集: 日本山岳会","大修館書店","1975.10(原著:昭和5.9)","","梓書房, 昭和5.9刊の複製 ","",""
"290.9","09-2","スウィス日記　（覆刻 日本の山岳名著,  日本山岳会創立七十周年記念出版)","辻村 伊助 著, 企画・編集: 日本山岳会","大修館書店","1975.10(原著:昭和5.9)","","スウィス日記.続スウィス日記. 「続スウィス日記」発掘の始末 附「スウィス日記」の由来 小島烏水著","",""
"388.3","09-2","アルプス伝説集","山下 雷鳥 編","黒百合社(大阪)","1932.6 (昭和7)","","目次: 北方の「龍」/1, ヴェニスの奇術師/30, 蟇の怪異/53, 梟の魔法/78,ワッツ山上の鬼/99, ソルシュタインの妖魔/123","",""
"388.345","09-2","チロル伝説集","山下 雷鳥 編","黒百合社(大阪)","1932.10 (昭和7)","","目次: ローゼンガルテン物語/1, クフシュタインの塔/47, 硝子の山/78,ビブルグ湖の異変/113","",""
"298","09-2","冒険","ウィルフリッド・ノイス(Wilfrid Noyce)著, 進藤 純孝訳","荒地出版社","1960.4","","原著: The Springs of Adventure","",""
"","","","","","","","","",""
"292.28","09-2","中央アジア探検史      (西域探検紀行全集. 別巻)","深田 久弥 著","白水社","1971.9","","深田, 久弥, 1903-1971 ","",""
"292.28","09-2","ヒマラヤ一つの峰の物語","宮澤 憲 著","東京新聞出版局","2000.4","","","",""
"","","","","","","","","",""
"","","","","","","","","",""
"290.9","09-3","黒部谿谷　（覆刻 日本の山岳名著,  日本山岳会創立七十周年記念出版)","冠松 次郎 著, 日本山岳会 企画･編集","大修館書店","1975.10","","アルス(ARS)  昭和3年刊の複製 ","",""
"290.9 ","09-3","尾瀬と鬼怒沼　（覆刻 日本の山岳名著,  日本山岳会創立七十周年記念出版)","武田 久吉 著, 企画・編集: 日本山岳会","大修館書店","1975.10","","武田, 久吉, 1883-1972
梓書房, 昭和5年刊の複製
付 (地図1枚) ","",""
"291.33","09-3","尾瀬と桧枝岐　（覆刻 日本の山岳名著,  日本山岳会創立七十周年記念出版)","川崎 隆章 編","木耳社 (那珂書店昭和18年刊の複製 )","1978.11","","昭和18.2, 那珂書店刊の復刊","",""
"472.9132","09-3","日光杉並木300年の記録 	 	","鈴木 丙馬 著","農林出版","1964","","","",""
"702.17","09-3","智恩寺と天橋立","若杉準治 監修","天橋山智恩寺	[宮津]","1999.5","","","",""
"629.1","09-3","暮らしが生んだ絶景 : 琵琶湖水辺の文化的景観 　(開館20周年記念･第45回企画展)","滋賀県立安土城考古博物館 編","滋賀県立安土城考古博物館(近江八幡)","2012.11","","会期: 平成24年11月23日-25年1月27日,  展覧会カタログ","",""
"602.16","09-3","琵琶湖疎水と京都の産業・企業　ー 京都ベンチャーを生んだその流れ ","京都商工会議所観光産業特別委員会 編,  監修: 井上 満郎, 白木 正俊 ","京都商工会議所観光産業特別委員会","2010.9","","","",""
"291.6","09-3","淀川両岸一覧　宇治川両岸一覧","暁  晴翁 著, 松川 半山 画","柳原出版","1978.4","","『淀川両岸一覧』文久元年刊本と『宇治川両岸一覧』文久3年刊本の合本複製および翻刻","",""
"918","09-3","天橋立集","小室 万吉 編","天橋立集刊行後援会(京都府宮津町)","1938(昭和13)","","小室, 万吉, 1877-1970","",""
"614.5","09-3","巨椋池干拓誌","巨椋池土地改良区 編","巨椋池土地改良区(宇治市槇島町)","1962.10","","非売品","",""
"651","09-3","東山国有林風致計画","大阪営林局 編","大阪営林局","1936(昭和11.9)","","B5","",""
"210.02","09-3","池     (古代日本文化の探求)","森 浩一 編, 執筆: 石沢 良昭 ほか ","社会思想社","1978.2","","","",""
"629.3","09-3","東京の池","小沢 信男, 冨田 均 著","作品社","1989.12","","","",""
"081.6","09-3","塔　　(梅原猛著作集9)","梅原 猛 著","集英社","1982.2","","付：月報No.6
梅原 猛, 1925-2019","",""
"291","09-3","日本風景論　　(日本山岳会創立70周年記念出版 復刻 日本の山岳名著)","志賀 重昂 著, 企画･編集：日本山岳会(会長 今西錦司)","政教社","1975.10","","初版：明治27.10, 政教社発行
志賀 重昂 (1863-1927)","",""
"291","09-3","日本風景論      (講談社学術文庫  2222) ","志賀 重昂 著","講談社","2014.2",""," 新装版, 志賀重昂 (1863-1927)。科学的・実証的な論述と日本文学の古典を豊富に引用し、名手樋畑と海老名の挿画とあいまって、日本自然の美しさを紹介する古典的名著（提供元: 出版情報登録センター（JPRO））","",""
"291","09-3","志賀重昂『日本風景論』精読      (岩波現代文庫 : 学術 97)","大室 幹雄 著","岩波書店","2003.1","","","",""
"291","09-3","風景の成立 : 志賀重昂と『日本風景論』","山本 教彦, 上田 誉志美 共著","海風社","1997.6","","","",""
"629.1","09-3","風景学入門      (中公新書)","中村 良夫 著","中央公論社","1982.5","","","",""
"629.1","09-3","風景美の創造と保護 : 風景学序説","高橋 道 著","大明堂","1982.5","","","",""
"382.1","09-3","日本人の原風景 : 風土と信心とたつきの道　   (講談社学術文庫  2644)","神崎 宣武 著","講談社","2021.1","","","",""
"041","09-3","日本の自然と風物       (現代教養文庫  第11)","社会思想研究会 編","社会思想研究会出版部","1951","","日本の自然(坪谷幸六等著), 日本人の観た自然(長与善郎等著), 日本を愛した諸外人(嘉治隆一等著)","",""
"786.1","09-3","登山の黎明　日本風景論の謎を追って　黒岩健　","黒岩 健 著","日本山書の会","1976","","","",""
"291.013","09-3","日本の景観 : ふるさとの原型","樋口 忠彦 著","春秋社","1981.10","","","",""
"291","09-3","日本の景観","辻村 太郎 著","東都書房","1958","","","",""
"290.13","09-3","風景の発見        (朝日選書  675)","内田 芳明 著","朝日新聞社","2001.5","","","",""
"217.4","09-3","瀬戸内海の発見 : 意味の風景から視覚の風景へ      (中公新書)","西田 正憲 著","中央公論新社","1999.3","","","",""
"290.13","09-3","日本の風景・西欧の景観 : そして造景の時代      (講談社現代新書)","オギュスタン・ベルク(Berque, Augustin) 著,  篠田 勝英 訳","講談社","1990.6","","","",""
"629.1","09-3","自然の風景論 : 自然をめぐるまなざしと表象      (Asahi eco books = アサヒ・エコブックス  33)","西田 正憲 著","アサヒビール / 清水弘文堂書房","2011.12",""," = Theory of Natural Scenery","",""
"291.012","09-3","風景への挽歌 : 私の自然保護論","大井 道夫 著","アンヴィエル","1978.12","","","",""
"629.1","09-3","移ろいの風景論 : 五感・ことば・天気","小林 享 著","鹿島出版会","1993.12","","折り込表3枚","",""
"518.8","09-3","都市をつくる風景 : 「場所」と「身体」をつなぐもの","中村 良夫 著","藤原書店","2010.5","","","",""
"290.13","09-3","景観の深層","水津 一朗 著","地人書房","1987.11","","","",""
"915.6","09-3","流域紀行　   (朝日選書  69 )","朝日新聞社 編","朝日新聞社","1976.8","","隅田川(安岡章太郎) 木曽川(杉浦明平) 太田川(近藤芳美) 熊野川(大岡信) 遠賀川(上野英信) 高瀬川(辻邦生) 最上川(真壁仁) 石狩川(吉村昭) 吉野川(瀬戸内晴美) 斐伊川(上田正昭) 信濃川(海音寺潮五郎)","",""
"","","","","","","","","",""
"","","","","","","","","",""
"103.3","09-4","岩波　哲学・思想事典","廣松 渉 [ほか]編","岩波書店","1998.3","","","",""
"288.41","09-4","歴代天皇・年号事典","米田雄介 編","吉川弘文館","2003.12","","","",""
"210.032","09-4","日本史年表　増補版","歴史学研究会 編","岩波書店","1993.11","","","",""
"210.032","09-4","日本史総合年表　第2版","加藤 友康, 瀬野 精一郎, 鳥海 靖, 丸山 雍成 編","吉川弘文館","2005.8","","","",""
"203.2","09-4","世界史大年表","青山 吉信, 石橋 秀雄, 木村 靖二, 武本 竹生, 松浦 高嶺 編集委員","山川出版社","1992.8","","","",""
"210.2","09-4","日本古代史大辞典 : 旧石器時代～鎌倉幕府成立頃","上田 正昭 監修・編集,  井上 満郎, 愛宕 元, 西谷 正, 和田 萃 編","大和書房","2006.1","","","",""
"350.9","09-4","Chronology of Twentieth-Century History: Ecology and the Environment  Volume 1","Frank N. Magil","Fitzroy Dearborn Publishers","1997","","","",""
"350.9","09-4","Chronology of Twentieth-Century History: Ecology and the Environment  Volume 2","Frank N. Magil","Fitzroy Dearborn Publishers","1997","","","",""
"651.2","09-4","日本近代林政年表　1867-1999","香田 徹也 編著","日本林業調査会","2000.10","","明治以降。一般・農業、林政・民有林、国有林および国外林業のほか、時代によっては植民地や沖縄・奄美・小笠原等の各欄を設けている。","","#小笠原"
"518.8","09-4","環境都市計画事典","丸田 頼一 編","朝倉書店","2005.6","","","",""
"629.2","09-4","和英対照　日本庭園用語辞典
Bilingual [Japanese & English] dictionary of Japanese garden terms 2001年版 ","小野 健吉, W・エドワース 編","関西プロセス (印刷)","2001.3","","文部省科学研究費基盤研究C2(課題番号10660040)による研究成果の一部 ","",""
"629.033","09-4","造園大百科事典","亀山 章 総編集ほか","朝倉書店","2022.7","","","",""
"629.033","09-4","造園用語辞典　第3版","東京農業大学造園科学科 編","彰国社","2011.4","","","",""
"813.4","09-4","図説ことわざ事典","時田 昌瑞 著","東京書籍","2009.9","","","",""
"159.89 ","09-4","中国古典名言事典","諸橋 轍次 著","講談社","2001.11","","新装版","",""
"188.8","09-4","禅學大辞典　新版","駒沢大学内禅学大辞典編纂所 編","大修館書店","1985.11","","付: 禅宗史年表 ","",""
"821.2","09-4","字統","白川 静 著","平凡社","1994.3, 2004.12","","普及版, 新訂: 2004年の新訂版を普及化。","",""
"833.4","09-4","ブルーワー英語故事成語大辞典
　BREWER's Dictionary of Phrase and Fable","E.C.ブルーワー 著, 加島 祥造, 鮎沢 乘光 編","大修館書店","1994","","","",""
"833.3","09-4","Kenkyusha's New Dictionary of english Collocations 
研究社新英和活用大辞典 ","勝俣 銓吉郎 編

","研究社","1958（第2版）29刷（1985)","","","",""
"827.8","09-4","250語でできる　やさしい中国語会話","榎本 英雄 著","白水社","1985.10","","","",""
"210.029","09-4","古文書・手紙の読み方","増田 孝 著","東京堂出版","1997.11","","","",""
"","","","","","","","","",""
"291.038","09-4","地図で見る昭和の動き : 帝国書院の復刻版地図帳 : 戦前、占領下、高度経済成長期 : 解説書","**","帝国書院","2004.1",""," セット,解説書 (セット内容: 新選詳圖. 世界之部, 帝國之部, 中学校社会科地図帳 : 中学校1-3年用, 中学校社会科地図)","",""
"291.038","09-4","アメリカにあった伊能大図とフランスの伊能中図","日本国際地図学会, 伊能忠敬研究会 監修, アメリカ伊能大図展実行委員会 編","日本地図センター","2004.4","","会期・会場: 2004年4月17日-5月23日 神戸市立博物館 ほか","",""
"291.36","09-4","参謀本部陸軍部測量局　五千分一東京図測量原図","参謀本部陸軍部測量局 著 (国土交通省国土地理院所蔵)東京実測全図 / 内務省地理局 編","日本地図センター","2011.3","","ISBN: 978-4-88946-273-9","",""
"291.6","09-4","山崎通分間延絵図  (文化4年写の複製, 折本, 帙入)
第1巻 山崎-宝寺・高槻城.芥川.郡山-勝尾寺 武藤直解説","監修: 児玉 幸多","東京美術","1978.12","","五街道分間延絵図全百三巻之内絵図篇, 解説篇に分冊刊行
監修: 児玉幸多, 東京国立博物館蔵, 文化4年写の複製折本 帙入","",""
"291.038","09-4","江戸明治東京重ね地図 安政三年1856度年実測復元地図 : 明治四十年1907前後復元地図","監修 : 吉原 健一郎, 俵 元昭 ; 小島 豊美 企画, 中川 惠司 制作","エーピーピーカンパニー","2004.7","","ISBN: 4901441302
冊子2冊: 江戸東京検索データ・ブック 明治博覧版+増補改訂版","",""
"","","","","","","","","",""
"","","","","","","","","",""
"629.21","10-1","週刊日本庭園をゆく 1-30      (専用バインダー3冊) 
  （小学館ウイークリーブック）","**","小学館","2005.10-2006.4","","","",""
"","","","","","","","","",""
"","","","","","","","","",""
"081","10-2","アダム・スミス      (人類の知的遺産  42 )"," 大河内 一男 著","講談社","1979.3","","280.8
Smith, Adam, 1723-1790","",""
"081","10-2","ルソー      (人類の知的遺産  40 )","福田 歓一 著","講談社","1986.1","","280.8","",""
"404","10-2","自然と象徴 : 自然科学論集      (富山房百科文庫  33)","ゲーテ(Goethe, Johann Wolfgang von) [著],  高橋 義人 編訳,  前田 富士男 訳","富山房","1982.3","","","",""
"104","10-2","自然の哲学 : 自然の中の人間と人間の中の自然","メルロ・ポンティ (Merleau-Ponty, Maurice, 1908-1961)他, 菊川 忠夫 編訳","御茶の水書房","1981.3","","内容細目 : 進化と倫理-自然誌的考察 T.H.ハックスリ著. 自然の哲学序説 R.G.コリングウッド著. 自然の概念 M.メルロ=ポンティ著. 解説","",""
"115","10-2","精神と自然 : 生きた世界の認識論","G.ベイトソン (Bateson, Gregory, 1904-1980) 著, 佐藤 良明 訳","思索社","1982.11","","原タイトル: Mind and nature:a necessary unity","",""
"112.02","10-2","自然の哲学史      (講談社選書メチエ 745)","米虫 正巳 著 ","講談社","2021.3","","","",""
"401","10-2","自然の観念","R.G.コリングウッド(Collingwood, Robin George) [著],  平林 康之, 大沼 忠弘 訳","みすず書房","1974.5","","","",""
"114","10-2","現象としての人間","テイヤール・ド・シャルダン (Teilhard de Chardin, Pierre, 1881-1955), 美田 稔 訳","みすず書房","1985.7","","原タイトル: Le phénomène humain","",""
"361.7","10-2","人間と自然界 : 近代イギリスにおける自然観の変遷       (叢書・ウニベルシタス  272)","キース・トマス(Thomas, Keith) 著,  山内 昶 監訳, 訳: 中島 俊郎, 山内 彰 ","法政大学出版局","1989.8","","原タイトル: Man and the natural world ","",""
"104","10-2","遊びと人間","ロジェ・カイヨワ  (Caillois, Roger, 1913-1978)著, 清水 幾太郎・霧生 和夫 訳","岩波書店","1970","","原タイトル: Les Jeux et les Hommes: Le Masque et le Vertige","",""
"361.7","10-2","自然界と人間の運命　Part 1　進化論と行動学をめぐって","K.ローレンツ (Lorenz, Konrad, 1903-1989) 著, 谷口 茂 訳","思索社","1983.1","","原タイトル: Das Wirkungsgefüge der Natur und das Schicksal des Menschen","",""
"361.7","10-2","自然界と人間の運命　Part 2 生存への諸問題をめぐって","K.ローレンツ (Lorenz, Konrad, 1903-1989) 著, 谷口 茂 訳","思索社","1983.2","","原タイトル: Das Wirkungsgefüge der Natur und das Schicksal des Menschen","",""
"136","10-2","反文明的考察       (東海大学文明研究所シリーズ ７)","ホセ・オルテガ・イ・ガセー(Ortega y Gasset, José) 著,  西沢 龍生 訳
著者標目 	Ortega y Gasset, José, 1883-1955","東海大学出版会","1966","","Ortega y Gasset, José, 1883-1955","",""
"204","10-2","文明の生態史観","梅棹 忠夫 著","中央公論社","1967","","梅棹, 忠夫, 1920-2010","",""
"382.291","10-2","ソウル・ハンターズ : シベリア・ユカギールのアニミズムの人類学","レーン・ウィラースレフ(Willerslev, Rane) [著],  奥野 克巳,  近藤 祉秋,  古川 不可知 訳","亜紀書房","2018.4","","原タイトル: SOUL HUNTERS","",""
"164.036 ","10-2","世界神話事典       (角川選書  375)","大林 太良, 伊藤 清司, 吉田 敦彦, 松村 一男 編","角川書店","2005.3","","","",""
"164.3","10-2","世界の神話百科 : ギリシア・ローマ/ケルト/北欧 : ヴィジュアル版","アーサー・コットレル（Cotterell, Arthur) [著],  松村 一男,  蔵持 不三也, 米原 まり子 訳","原書房","1999.1","","原タイトル: The encyclopedia of mythology ","",""
"929.71 ","10-2","ギルガメシュ叙事詩","月本 昭男 訳","岩波書店","1996.1","","ギルガメシュ叙事詩 : Gilgamesh","",""
"131 ","10-2","ヘルメス文書","荒井 献, 柴田 有 訳, Hermes, Trismegistus 著","朝日出版社","1980.10","","Hermes, Trismegistus","",""
"331.2","10-2","経済学は自然をどうとらえてきたか","ハンス・イムラー (Immler, Hans ) 著, 栗山 純 訳","農山漁村文化協会","1993.12","","原タイトル: Natur in der ökonomischen Theorie","",""
"","","","","","","","","",""
"","","","","","","","","",""
"290.9","10-3","古代の旅の物語 : エジプト、ギリシア、ローマ","ライオネル・カッソン(Casson, Lionel) [著], 小林 雅夫 監訳, 田畑 賀世子, 野中 春菜 訳","原書房","1998.3","","原タイトル: Travel in the ancient world ","",""
"334.2","10-3","文明の人口史 : 人類と環境との衝突、一万年史","湯浅 赳男 著","新評論","1999.4","","","",""
"209","10-3","文明と環境 1  古代文明と環境","安田 喜憲,  川西 宏幸 編,  監修: 梅原 猛, 伊東 俊太郎 ","思文閣出版(京都)","1994.8","","","",""
"230.4 ","10-3","中世都市の形成　ー北西ヨーロッパ","A.フルヒュルスト (Verhulst, Adriaan E, 1929- )著, 森本 芳樹, 藤本 太美子, 森 貴子 訳","岩波書店","2001.4","","原タイトル: The rise of cities in north-west Europe","",""
"209.5","10-3","地中海  １  環境の役割   ","フェルナン・ブローデル (Braudel, Fernand, 1902-1985) 著, 浜名 優美 訳","藤原書店","1991","","折り込図2枚, 
原タイトル: La Méditerranée et le monde méditerranéen à l'époque de Philippe Ⅱ. 2e éd","",""
"299.6","10-3","図説 地中海物語 : 楽園の誕生","デイヴィド・アッテンボロー(Attenborough, David) [著],  橋爪 若子 訳","東洋書林","1998.1","","原タイトル: The first Eden  ","",""
"234","10-3","ドナウ・ヨーロッパ史　　(新版世界各国史  19)","南塚 信吾 編","山川出版社","1999.3","","","",""
"209","10-3","土と文明","V.G.カーター(Carter, Vernon Gill),  T.デール (Dale, Tom, 1899-) 著, 山路 健 訳","家の光協会","1975","","原タイトル: Topsoil and civilization.","",""
"613.5","10-3","土の文明史 : ローマ帝国、マヤ文明を滅ぼし、米国、中国を衰退させる土の話","デイビッド・モントゴメリー (Montgomery, David R., 1961-) 著, 片岡 夏実 訳","築地書館","2010.4","","原タイトル: Dirt","",""
"526.1","10-3","塔の思想：ﾖｰﾛｯﾊﾟ文明の鍵","マグダ・レヴェツ・アレクサンダー(Révész-Alexander, Magda) 著,  池井 望 訳","河出書房新社","1978.9","","原タイトル: Der Turm,als Symbol und Erlebnis
第５版","",""
"384.35","10-3","狩猟の文化 : ドイツ語圏を中心として","野島 利彰 著","春風社(横浜)","2010.3","","","",""
"648.9","10-3","毛皮と人間の歴史","西村三郎 著","紀伊國屋書店","2003.2","","","",""
"290.13","10-3","環境の歴史 : ヨーロッパ、原初から現代まで","ロベール・ドロール(Delort, Robert), フランソワ・ワルテール(Walter, François) [著],  桃木 暁子, 門脇 仁 訳
","みすず書房","2007.1","","原タイトル: Histoire de l'environnement europeen ","",""
"290.1","10-3","環境と人間 : ラッツェルの人類地理学の体系に基づく. 上巻","E・C・センブル (Semple, Ellen Churchill, 1863-1932 ) 著 ","古今書院","1979","","原著：Influences of Geographic Environment","",""
"902","10-3","森の記憶 : ヨーロッパ文明の影"," Robert Pogue Harrison (ロバート・P.ハリスン) 著, 金 利光 訳","工作舎","1993.3","","原著：Forests : the shadow of civilization ","",""
"653.2 ","10-3","樹木の恵みと人間の歴史 : 石器時代の木道からトトロの森まで","ウィリアム・ブライアント・ローガン(Logan, William Bryant) [著],  屋代 通子 訳","築地書館","2022.5","","原タイトル: SPROUT LANDS ","",""
"652.34","10-3","森林と文化 : シュヴァルツヴァルトの四季","北村 昌美 著","東洋経済新報社","1981.4","","","",""
"290.13","10-3","風景の図像学","D.コスグローブ (Cosgrove, Denis E), S.ダニエルス (Daniels, Stephen) 共編, 千田 稔, 内田 忠賢 監訳","地人書房","2001.3","","原タイトル: The iconography of landscape (1988)","",""
"230.038","10-3","ヨーロッパ歴史地図　第２版","樺山 紘一 監訳, M.アーモンド (Almond, Mark) ほか編","原書房","2001.6","","原タイトル: Atlas of European history. (2nd ed.)","",""
"","","","","","","","","",""
"","","","","","","","","",""
"629.2","10-4","人間の庭
","ジャック・ブノワ=メシャン(Benoist-Méchin) 著,  河野 鶴代,  横山正 訳","思索社","1985.12","","Benoist-Méchin, 1901-1983, 原ﾀｲﾄﾙ: L'homme et ses jardins ou métamorphoses paradis terrestre ","",""
"519.85","10-4","人間のための公園","ベン・ホイッタカー(Whitaker, Benjamin Charles George), ケネス・ブラウン(Browne, Kenneth) 著, 都市問題研究会 訳","鹿島出版会","1976","","原タイトル: Parks for Peoples","",""
"629.2","10-4","庭園の詩学","C・W・ムーア(Moore, Charles W., 1925-1993), W・J・ミッチェル, W・ターンブル Jr 共著,  有岡 孝 訳","鹿島出版会","1995.7","","原タイトル: The poetics of gardens","",""
"629.23","10-4","庭園の詩学 : ヨーロッパ、ロシア文化の意味論的分析","ドミトリイ・S.リハチョフ(Likhachev, Dmitriĭ Sergeevich) 著,  坂内 知子 訳","平凡社","1987.7","","Likhachev, Dmitriĭ Sergeevich, 1906-1999
原タイトル: Поэзия садов ","",""
"190.4","10-4","象徴としての庭園 : ユートピアの文化史      (叢書象徴のラビリンス)","ヴォルフガング・タイヒェルト(Teichert, Wolfgang) [著],  岩田 行一 訳","青土社","1996.11","","原タイトル: Gärten ","",""
"702.37","10-4","庭園の牧神 : ミケランジェロとイタリア・ルネサンスの詩的起源      (叢書・ウニベルシタス  717)","ポール・バロルスキー(Barolsky, Paul) [著],  尾崎 彰宏 訳","法政大学出版局","2001.10","","原タイトル: The faun in the garden ","",""
"293.018","10-4","風景と記憶　　","サイモン・シャーマ (Schama, Simon, 1945-) 著, 高山 宏・栂 正行 訳","河出書房新社","2005.2","","原タイトル: Landscape and Memory","",""
"493.72","10-4","庭仕事の真髄 : 老い・病・トラウマ・孤独を癒す庭 ","スー・スチュアート・スミス(Stuart-Smith, Sue) 著,和田佐規子 訳","築地書館","2021.11","","原タイトル: The Well Gardened Mind 
2冊","",""
"629.23","10-4","庭園の歓び : 詞華による西欧庭園文化散策","高木 昌史 編訳","三交社","1998.4","","","",""
"102.8","10-4","環境の思想家たち  上  古代ー近代編　　(ｼﾘｰｽﾞ: エコロジーの思想)","ジョイ・A.パルマー(Palmer, Joy) 編,  須藤 自由児 訳","みすず書房","2004.9","","原タイトル: Fifty key thinkers on the environment ","",""
"102.8","10-4","環境の思想家たち  下  現代編　　(ｼﾘｰｽﾞ: エコロジーの思想)","ジョイ・A.パルマー(Palmer, Joy)[ 編],  須藤 自由児 訳","みすず書房","2004.9","","原タイトル: Fifty key thinkers on the environment ","",""
"934.6","10-4","ウォールデン 森の生活","ヘンリー・D・ソロー(Thoreau, Henry David, 1817-1862) 著,  今泉 吉晴 訳","小学館","2004.5","","原タイトル: Walden, or, Life in the woods","",""
"519","10-4","Silent Spring  (with an introduction by Vice President Al Gore)"," Rachel Carson; introduction by Al Gore","Houghton Mifflin","1962 (intro.:1994)","英語","ISBN: 0-395-68329-7,
「沈黙の春」","",""
"402.9","10-4","センス・オブ・ワンダー","レイチェル・カーソン(Carson, Rachel, 1907-1964) 著,  上遠 恵子 訳","新潮社","1996.7","","ISBN: 4-10-519702-9","",""
"518.85","10-4","都市と緑の人類史","ベン・ウィルソン 著
森夏樹 訳","青土社","2023.11","","原タイトル: Urban Jungle","",""
"468","10-4","Fundamentals of Ecology
生態學の基礎","E.P.オダム (Odum, Eugene Pleasants) 著、京都大学生態学研究グループ 訳","朝倉書店","1956","","Odum, Eugene Pleasants, 1913-2002","",""
"602.9","10-4","人間 自然 エネルギー","H.オダム(Odum, Howard Thomas), E.オダム(Odum, Elisabeth C) [著],  市村 俊英 監訳","共立出版","1978.4","","Odum, Howard Thomas, 1924-2002","",""
"468.04","10-4","生態学をめぐる２８章　","沼田 真 編","共立出版","1983.6","","沼田 真, 1917-2001","",""
"468.04","10-4","現代生態学の断面","現代生態学の断面編集委員会","共立出版","1983.6","","","",""
"468","10-4","景相生態学 : ランドスケープ・エコロジー入門","沼田 眞 編","朝倉書店","1996.10","","","",""
"","","","","","","","","",""
"","","","","","","","","",""
"361.5","10-5","木を見る西洋人・森を見る東洋人 : 思考の違いはいかにして生まれるか","リチャード・E・ニスベット(Nisbett, Richard E.) 著,  村本 由紀子訳","ダイヤモンド社","2004.6","","原タイトル: The geography of thought , c2003","",""
"290.1","10-5","森林の思考・砂漠の思考　（NHKブックス）","鈴木 秀人 著","日本放送出版協会","1978.3","","","",""
"170.4 ","10-5","神々と森と人のいとなみを考える　１　森の巻　","代々木の杜80フォーラム運営委員会 編","代々木の杜80フォーラム運営委員会","2001.11","","一般注記：代々木の杜80フォーラムv.1-8","",""
"519.8","10-5","森と人間の文化史      (NHKブックス 560)","只木 良也 著","日本放送出版協会","1988.10","","","",""
"471.7","10-5","植物と人間 : 生物社会のバランス　（NHKブックス）","宮脇 昭 著","日本放送出版協会","1970","","","",""
"652.1","10-5","ことわざの生態学 : 森・人・環境考. 続","只木良也 著","丸善出版","2024.1","","森林生態学の第一人者が、故事ことわざ等から連想される自然現象をもとに綴った森の雑記帳","",""
"518.85","10-5","東京の緑をつくった偉人たち","小野 良平 監修","東京都公園協会","2014.3","","2冊あり？→２４－２チェック","",""
"652.1361","10-5","人のつくった森 : 明治神宮の森「永遠の杜」造成の記録","上原 敬二 著, 東京農業大学地域環境科学部造園科学科 編","東京農大出版会","2009.5","","改訂新版","",""
"521.049","10-5","法隆寺を支えた木　（NHKブックス）","西岡 常一, 小原 二郎","日本放送出版協会","1978.6","","","",""
"462.136","10-5","江戸の自然誌 : 『武江産物志』を読む","野村 圭佑 著","どうぶつ社","2002.12","","「武江産物志」の複製および翻刻を含む ","","#江戸べらぼう"
"468","10-5","生物社会の論理　　","今西 錦司 著","思索社","1979.9","","1958年刊の複製 ","",""
"627","10-5","花と木の文化史　  (岩波新書  黄版 357)","中尾 佐助 著","岩波書店","1986.11","","中尾 佐助, 1916-1993","",""
"141.2","10-5","生きものの迷路 : 空間-行動のマチエール","アブラアム・A.モール(Moles, Abraham A),  エリザベト・ロメル(Rohmer, Elisabeth) [著],  古田 幸男 訳","法政大学出版局","1992.3","","原タイトル: Labyrinthes du vécu ","",""
"289.1","10-5","今西錦司伝 : 「すみわけ」から自然学へ      (人と文化の探究  10)","斎藤 清明 著","ミネルヴァ書房(京都)","2014.6","","今西, 錦司, 1902-1992","",""
"489.9","10-5","学問の冒険　　(岩波現代文庫. 社会 245)","河合 雅雄 著","岩波書店","2012.7","","","",""
"491.358","10-5","なぜヒトだけが老いるのか       (講談社現代新書  2707)","小林 武彦 著","講談社","2023.6","","","",""
"472.1","10-5"," オリジナル普及版　牧野日本植物圖説集 　","牧野 富太郎 著・文・その他","三四郎書館","2023.7","","牧野富太郎の石版・銅版印刷による植物画「194図版」を収載した『日本植物圖説集』（「牧野植物學全集」収録、1934年刊）のオリジナル普及版。","",""
"470.4","10-5","恋する植物 : 花の進化と愛情生活","ジャン=マリー・ペルト( Pelt, Jean-Marie, 1933- ) 著,  ベカエール 直美 訳,  米沢 敬 編","工作舎","1995.11","","","",""
"470.4","10-5","植物の神秘生活 : 緑の賢者たちの新しい博物誌","ピーター・トムプキンズ(Tompkins, Peter), クリストファー・バード(Bird, Christopher) 著,  新井 昭広 訳
","工作舎","1987.5","","","",""
"910.268","10-5","イーハトーブ温泉学","岡村 民夫","みすず書房","2008.7","","折り込1枚","",""
"910.268","10-5","イーハトーヴの植物学 : 花壇に秘められた宮沢賢治の生涯
","伊藤 光弥","洋々社","2001.3","","宮沢, 賢治, 1896-1933","",""
"492.54","10-5","世界温泉文化史","ウラディミール・クリチェク (Křížek, Vladimír) 著, 種村 季弘, 高木 万里子 訳","国文社","1994.12","","原タイトル: Kurturgeschichte des Heilbades","",""
"383.6","10-5","水と温泉の文化史","アルヴ・リトル・クルーティエ 著, 武者 圭子 訳","三省堂","1996.2","","原タイトル: Taking the waters","",""
"353","10-5","ヨーロッパ歴史統計  1750-1993    (マクミラン 新編 世界歴史統計  1)","ブライアン・R.ミッチェル (Mitchell, Brian R, 1929-) 編著,  中村 宏, 中村 牧子 訳","東洋書林","2001.9","","原タイトル: International historical statistics. (4th ed.)","",""
"","","","","","","","","",""
"","","","","","","","","",""
"","　","","","","","","","",""
"361.48","10-6","都市の文化　上巻","L.マンフォード (Mumford, Lewis, 1895-1990) 著, 生田 勉・森田 茂介 訳","丸善","1955","","原タイトル: The Culture of Cities","",""
"361.4","10-6","都市の文化　下巻","L.マンフォード (Mumford, Lewis, 1895-1990) 著, 生田 勉・森田 茂介 訳","丸善","1955","","原タイトル: The Culture of Cities","",""
"523","10-6","図説都市の世界史. 1 (古代)","レオナルド・ベネーヴォロ(Benevolo, Leonardo)著,  佐野 敬彦, 林 寛治 訳","相模書房","1983.11","","","",""
"523","10-6","図説都市の世界史. 2 (中世)","レオナルド・ベネーヴォロ(Benevolo, Leonardo)著,  佐野 敬彦, 林 寛治 訳","相模書房","1983.5","","","",""
"523","10-6","図説都市の世界史. 3 (近世)","レオナルド・ベネーヴォロ(Benevolo, Leonardo)著,  佐野 敬彦, 林 寛治 訳","相模書房","1983.7","","","",""
"523","10-6","図説都市の世界史. 4 (近代)","レオナルド・ベネーヴォロ(Benevolo, Leonardo)著,  佐野 敬彦, 林 寛治 訳","相模書房","1983.8","","","",""
"629.21","10-6","日本公園緑地発達史 上・下巻 ","佐藤 昌 著","都市計画研究所","1977","","佐藤 昌 (1903-2003)","",""
"519.85","10-6","欧米公園緑地発達史","佐藤  昌 著","都市計画研究所 ","1968.12","","","",""
"519.85","10-6","欧米公園緑地発達史","佐藤 昌 著","都市計画研究所 ","1968.12","","","",""
"","","","","","","","","",""
"","","","","","","","","",""
"629.2","11-2","造園の歴史　１","岡崎 文彬  著","同朋舎出版(京都)","1981.11","","岡崎, 文彬, 1908-1995 ","",""
"629.2","11-2","造園の歴史　２","岡崎 文彬  著","同朋舎出版(京都)","1982.2","","","",""
"629.2","11-2","造園の歴史　３","岡崎 文彬  著","同朋舎出版(京都)","1982","","表紙の書名:History of landscape architecture, 
別冊付録:日本有名庭園実測図集(1箱)","",""
"629.23","11-2","西洋造園変遷史 : エデンの園から自然公園まで","針ケ谷 鐘吉 著","誠文堂新光社","1977.12","","","",""
"629.2","11-2","An Illustrated History of Gardening ","by Anthony Huxley, Foreward by Charles Elliott","The Lyons Press / Paddington Press [for] the Royal Horticultural Society?","1998","英語","ISBN: 1-55821-693-6, 
Huxley, Anthony Julian, 1920- ","",""
"629.2","11-2","An Illustrated History of Gardening","Anthony Huxley and Maurice Michael","PAPERMAC (Published in Association with the Royal Horticultural Society)","1983","英語","ISBN: 0-7092-032205, 
Huxley, Anthony Julian, 1920- ","",""
"629.2","11-2","The History of Garden Design  : the Western tradition from the Renaissance to the present day","Monique Mosser and Georges Teyssot 著","Thames and Hudson","1991","英語","ISBN: 0-500-28206-4","",""
"629.2","11-2","The History of Gardens","Cristopher Thacker","University of California Press","1979","英語","ISBN: 0-520-05629-9 (pb)","",""
"629.2","11-2","Soundings ; An Italian study 1923-1925 ; Baroque gardens of Austria
（Series: Geoffrey Jellicoe : the Studies of a Landscape Designer over 80 Years  Volume 1)","Geoffrey Jellicoe","Garden Art Press","1993","英語","ISBN: 1-870673-04-2
調査研究：イタリアの研究 1923-1925 ; オーストリアのバロック庭園","",""
"629.2","11-2","Jardins et Sites Historiques　（ICOMOS Journal scientifique)","Chairman: Mr. Roland Silva, General Secretary: Jean Louis Luxen, 講演：René Pechère (ルネ・ペシェール) ほか","ICOMOS(-IFLA)","1993","フランス語, 英語","ISBN: 84-87111-38-6, 
庭園と史跡（歴史的景観）This journal is a Compilation of Conferences since 1971until 1989.","",""
"629.2","11-2","Garden History : Philosophy and Design 2000 BC - 2000 AD","寄与者:Tom Turner","Spon Press","2005","英語","ISBN: 0-415-31749-5 (pb)","",""
"629.2","11-2","Les Jardins historiques : la sauvegarde d'un patrimoine européen","**","Communautés européennes","1997","フランス語","ISBN: 92-827-7978-5
歴史的庭園:ヨーロッパ遺産の保護","",""
"629.2","11-2","世界の宮苑　","岡崎 文彬","養賢堂","1991.12","","ISBN: 4-8425-9102-1, 
岡崎, 文彬, 1908-1995","",""
"629.23","11-2","図説　ヨーロッパの庭と公園","岡崎 文彬 著","養賢堂","1988.8","","ISBN: 4-8425-8813-6","",""
"629.234","11-2","図説　欧米の造園","岡崎 文彬 著","養賢堂","1959","","","",""
"629.23","11-2","ヨーロッパの造園   (SD選書 43)","岡崎 文彬 著","鹿島研究所出版会","1993.10 (第８刷)","","岡崎, 文彬, 1908-1995
","",""
"629.23","11-2","ヨーロッパの庭園      (創元選書)","岡崎 文彬 著","東京創元社","1957","","岡崎, 文彬, 1908-1995","",""
"629.2","11-2","世界庭園紀行　","北村 信正 著","環境緑化新聞社","1990.9","","","",""
"629.235","11-2","Tous les jardins du monde    (Découvertes Gallimard  ART DE VIVRE 207)","Gabrielle van Zuylen","Gallimard","1994","フランス語","ISBN: 2070532410","",""
"629.2","11-2","庭園の世界史 : 地上の楽園の三千年      (講談社学術文庫)","ジャック・ブノア=メシャン(Benoist-Méchin) [著],  河野 鶴代, 横山 正 訳","講談社","1998.5","","Benoist-Méchin, 1901-1983","",""
"","","","","","","","","",""
"","","","","","","","","",""
"629","11-3","風景のデザイン","ｶﾞﾚｯﾄ・ｴｸﾎﾞ(Eckbo, Garrett, 1910-) 著,　久保 貞, 上杉 武夫, 小林 竑一 共訳","鹿島出版会","1986.4","","Eckbo, Garrett, 1910- 
原ﾀｲﾄﾙ: Landscape for living (1950)","",""
"727","11-3","環境とデザイン　（SD）","G.エクボ (Eckbo, Garrett, 1910-) 著,  久保 貞 訳","鹿島出版会","1971","","Eckbo, Garrett, 1910- 
原ﾀｲﾄﾙ: Environment and Design (1971）","",""
"629.1","11-3","景観論　","G.エクボ (Eckbo, Garrett, 1910-) 著, 久保 貞, 中村 一, 吉田 博宣, 上杉 武夫 訳","鹿島研究所出版","1972.8","","Eckbo, Garrett, 1910- 
原ﾀｲﾄﾙ: The Landscape We See (1969)","",""
"519.8","11-3","都市環境の演出 : 装置とテクスチュア","ローレンス・ハルプリン(Halprin, Lawrence) 著,  伊藤 ていじ 訳","彰国社","1970.4","","Halprin, Lawrence, 1916- 
原著：Cities
LC Subjects: City planning--United States","",""
"361.7","11-3","デザイン・ウィズ・ネーチャー","イアン・L.マクハーグ(McHarg, Ian L., 1920-2001) 著, 監訳: 下河辺 淳, 川瀬 篤美, インターナショナルランゲージアンドカルチャーセンター 訳","集文社","1994.9","","原タイトル: Design with nature (1992)
McHarg, Ian L., 1920-2001","",""
"518.8","11-3","Urban Landscape Design ","Garrett Eckbo","McGraw-Hill","1964","英語","","",""
"629","11-3","The Experience of Landscape  Rivised Edition","Jay Appleton (ジェイ・アプルトン)","WILEY","1975","英語","ISBN: 0471962333
翻訳タイトル: 風景の経験 : 景観の美について, ジェイ・アプルトン 著","",""
"290.13","11-3","風景の経験 : 景観の美について","ジェイ･アプルトン 著(Appleton, Jay),  菅野 弘久 訳","法政大学出版局","2005.12","","原ﾀｲﾄﾙ: The experience of landscape. (Rev.ed.) ","",""
"629","11-3","図説景観の世界 : 人類による環境形成の軌跡","ジェフリ&スーザン・ジェリコー(Jellicoe, Geoffrey) 著,  山田 学 訳","彰国社","1980.10","","Jellicoe, Geoffrey, 1900-1996
原タイトル: Landscape of man ","",""
"629","11-3","Between Landscape Architecture and Land Art","Udo Weilacher, with Forewords by John Dixon Hunt and Stephen Bann","Birkhäuser (Basel, Switzerland)","1996","英語","ISBN: 0-8176-5316-3, 並列タイトル: Zwischen Landschaftsarchitektur und land art","",""
"629","11-3","The Spirit of the Garden","Martha Brookes Hutcheson ; with an introd. by Rebecca Warren Davidson","University of Massachusetts Press / Library of American Landscapae History","2001","英語","ISBN: 1-55849-272-0","",""
"629.04","11-3","造園史論集","白幡 洋三郎, 尼崎 博正 共編","養賢堂","2006.11","","シェーンブルン宮苑 / 岡崎文彬 著, 庭石にみる江戸時代初期の素材と表現 / 尼崎博正 著, 江戸幕府の庭園担当者 / 飛田範夫 著, その他","",""
"629","11-3","Icons of Garden Design","Caroline Holmes ","PRESTEL","2001","英語","ISBN: 3-7913-2462-4","",""
"629","11-3","The Garden Book","John Brookes","Dorling Kindersley (UK)","1984","英語","ISBN: 051755299X","",""
"629","11-3","Visions of Paradise : Themes and variations on the Garden","Photographs by Marina Schinz ; text by Susan Littlefield with Marina Schinz","Stewart, Tabori & Chang, Inc. : Distributed by Workman Pub. (USA)","1985","英語","ISBN: 0941434664, 1st ed.","",""
"629","11-3","ナチュラルガーデンブック: ガーデンの包括的アプローチ　　(Gaia books) ","ピーター・ハーパー (Harper, Peter)著,  木塚 夏子 訳","産調出版","1996.5","","ISBN: 4-88282-138-9, 
Harper, Peter, 1945- 
原タイトル: The natural garden book","",""
"629","11-3","A Small Garden Designer's Handbook","Roy Strong","Conran Octopus","1987","英語","ISBN: 1-85029-110-1","",""
"629","11-3","Wild gardening : strategies and procedures using native plantings","Austin, Richard L.","Simon & Schuster(NY)","1986","英語","ISBN: 0-671-60241-1 (pbk.)
","",""
"629","11-3","Utypiske Haver Til et Typehus : 39 haveplaner","C.Th. Sørensen ","Christian Ejlers Forlag","1984","デンマーク語","住宅の珍しい庭園：39の庭園プラン","",""
"629.2","11-3","Sensations : a time travel through garden history ","Nadine Olonetzky","Birkhäuser","2007","英語","ISBN: 978-3-7643-7623-9","",""
"621.2","11-3","Gardens of the Sun","Trevor Nottle","Kangaroo Press","1996","","ISBN: 0864176643
Subject: Gardening: Mediterranean climate.
","",""
"629.23","11-3","世界の美しい庭園図鑑 = Beautiful gardens in the world","","エクスナレッジ","2016.3","","並列タイトル：Beautiful gardens in the world","",""
"629.2","11-3","ガーデン・ブック / The Garden Book","須田 志保, 平石 律子 訳","ファイドン Phaidon","2005.3","","ISBN: 4-902593-18-1, 原タイトル: The garden book ","",""
"629.2","11-3","庭園の謎を解く","ロレイン・ハリソン 著 (Harrison, Lorraine), 小坂由佳 訳","ガイアブックス / 産調出版","2011.4","","原タイトル: How to read gardens ","",""
"","","","","","","","","",""
"629.23","11-4","European Garden Design from Classical Antiquity to the Present Day","Ehrenfried Kluckert","Ullmann","2007","英語","","",""
"629.23","11-4","Gardens of Europe  : a traveller's guide ","Charles Quest-Ritson","Green Art Press","2007","英語","ヨーロッパの庭園：観光ガイド","",""
"629","11-4","Romantic Gardens: Nature, Art, and Landscape Design","Elizabeth Barlow Rogers, Elizabeth S. Eustis and John Bidwell","The Morgan Library & Museum Godine","2010","英語","","",""
"629.23","11-4","The Romantic Garden : A guide to creating a beautiful and private garden paradise","Graham Rose / Illustrations by Paul Cox","France Lincoln Ltd.","1988","英語","","",""
"629","11-4","Landscape Architecture : the shaping of man's natural environment","John Ormsbee Simonds, Barry Starke"," F.W. Dodge Corporation (NY) McGraw-Hill Professional","1961","英語","","",""
"629","11-4","Tecniques of Landscape Architecture ","A.E.Weddle (edited for the Institute of Landscape Architects)"," Heinemann (London)","1967","英語","","",""
"629.2","11-4","Gartenlust : der Garten in der Kunst","Herausgegeben von Agnes Husslein-Arco.","Bervederc","2007","ドイツ語","ISBN:9783850330527
庭園芸術：芸術の中の庭園
2007年3月22日～6月24日、ウィーンのベルヴェデーレ宮殿で開催された展覧会に関連して発行。
参考文献（290～294ページ）を含む。","",""
""," ","","","","","","","",""
"621.2","11-4","The armchair book of the garden  (The Expert Series by Dr. D.G. Hessayon)"," D.G. Hessayon.","pbi Publications (GB)","1986","","ISBN: 0903505231","",""
"625","11-4","The Gold Plated House plant Expert "," D.G.Hessayon","Century Hutchinson ","1987","英語","ISBN: 0-7126-1698-5, 
観葉植物図鑑・育て方？","",""
"163.1","11-4","Open spaces sacred places : stories of how nature heals and unifies","Tom Stoner and Carolyn Rapp ; with a foreword by G. Martin Moeller, Jr.","TKF Foundation ; White River Junction  : Distributed by Chelsea Green Pub.","2008","英語","ISBN: 9780981565606","",""
"702.35","11-4","装飾の庭 = The art deco garden : 朝香宮邸のアール・デコと庭園芸術　","東京都庭園美術館,  編集: 大木 香奈ほか","東京都歴史文化財団東京都庭園美術館","2023","","会期・会場: 2023年9月23日-12月10日 東京都庭園美術館","",""
"523","11-4","図説西洋建築史","陣内 秀信, 太記 祐一, 中島 智章, 星 和彦, 横手 義洋, 渡辺 真弓, 渡邊 道治","彰国社","2005.4","","","",""
"518.85","11-4","The Garden City ：Past, present and future","Stephen V. Ward (Ward, Stephen V. (Stephen Victor)","E & FN Spon","1992","英語","ISBN:978-0-419-17310-2","",""
"","","","","","","","","",""
"629","11-4","Environmental Planning for Children's Play ","Arvid Bengtsson","Lockwood","1970","英語","","",""
"629.27","11-4","Play and Interplay : a manifesto for new design in urban recreational environment","by M. Paul Friedberg ; with Ellen Perry Berkeley ; Introd. by Thomas P. F. Hoving","Macmillan","1970","英語","","",""
"629","11-4","Planning for play","Lady Allen of Hurtwood (Marjory Gill Allen)","Thames and Hudson","1968","英語"," ISBN:0500010471 ","",""
"","","","","","","","","",""
"621.2","11-4","Le Jardin des Plantes","Preface: Pierre Bernard, Responsable Marion Diez editoriale"," Nicolas Chaudun / Muséum national d'histoire naturelle (France) ","2006","フランス語","ISBN: 2-35039-023-3 / 2-85653-600-X 
Bernard, Pierre, 1810-1876","",""
"621.2","11-4","Great Botanic Gardens of the World","Sara Oldfiels","New Holland Publishers Uk Ltd","2007","英語","ISBN: 978-1-84537-593-5","",""
"621.2","11-4","The Herb Garden : A complete guide to growing scented, culinary and medicinal herbs","Sarah Garland ; photographs by Pat Hunt.","Penguin Books ""Published in co-operation with The New York Botanical Garden Institute of Urban Horticulture.""","1984","英語","ISBN: 0-14-046690-8,  注記： ""Published in co-operation with The New York Botanical Garden Institute of Urban Horticulture.""","",""
"","","","","","","","","",""
"480.76","11-4","Zoo : a history of zoological gardens in the West
","Eric Baratay and Elisabeth Hardouin-Fugier ; [translated by Oliver Welsh]","eaktion Books","2002","英語","ISBN: 3-85493-402-6,  Translation of: Zoos : histoire des jardins zoologiques en Occident (XVIe-XXe siècle). 1998","",""
"480.76","11-4","Tiergarten Schönbrunn Zoo der glücklichen Tiere ; Österreichs magischer Kraftort ","Gerhard Kunze","Holzhausen (Wien)","2005","ドイツ語","ISBN: 3854931026","",""
"480.76","11-4","動物園を魅力的にする方法 : 展示デザインにおける12のルール","Wolfgang Salzert [原著],  冨澤 奏子 訳","文永堂出版","2018.3","","原タイトル: Was macht Tiergärten attraktiv? (重訳) ,  原タイトル: Making zoos attractive ","",""
"","","","","","","","","",""
"","","","","","","","","",""
"629","11-5","Paesaggi culturali disegnati dall' acqua : Giardini di Lago in Europa  / Lakeside Gardens in Europe","Lodari, Renata","Verbania Museo del Paesaggio","2006","イタリア語","水が描く文化的景観","",""
"629.62","11-5","噴水史研究","佐藤 昌 著, 噴水史研究会 編纂","インタラクション/環境緑化新聞社","1999.5","","","",""
"520","11-5","アクアテクチュア: 建築と水","アンソニー・ウィルソン (Wylson, Anthony) 著, 黒田 秀彦, 井上 聰史, 落合 太郎 訳","鹿島出版会","1990.4","","ISBN: 4-306-04268-5,
原タイトル: Aquatecture","",""
"629.358","11-5","Skulptur i Eventyrhaven 1999","Redaktion: Karsten Ohrt og Ruth Kjaer, Tekst: Anette Osterby og Andreas Jurgensen","Odense Bys Kunstfond (デンマーク）","1999","デンマーク語","ISBN: 87-7766-081-1","",""
"702.05","11-5","官能の庭 : マニエリスム・エンブレム・バロック","マリオ・プラーツ (Praz, Mario)著, 訳：若桑 みどり, 森田 義之, 白崎 容子, 伊藤 博明, 上村 清雄","ありな書房","1992.2","","原タイトル: Il giardino dei sensi, 
イタリア語原書 (Milano : Mondadori, 1975) の全訳","",""
"230.5","11-5","庭の綺想学　ー近代西欧とピクチャレスク美学","高山 宏 著","ありな書房","1995.4","","","",""
"629.237","11-5","ルネサンスの楽園","岡崎 文彬 著 ","養賢堂","1993.8","","","",""
"470.76","11-5","エデンの園 : 楽園の再現と植物園","J.プレスト (Prest, John M) 著, 加藤暁子 訳","八坂書房","1999.7","","原タイトル: The garden of Eden ","",""
"723.05","11-5","世紀末と楽園幻想","池内 紀 著","白水社","1981.3","","","",""
"689.04 ","11-5","リゾートの博物誌 : 空間演出のための理想郷カタログ","一条 真也 著","日本コンサルタントグループ","1991.3","","","",""
"627.038","11-5","すべての園芸家のための花と植物百科
(Dohosha encyclopedia series. Plants & flowers)
","英国王立園芸協会 監修, クリストファー・ブリッケル (Brickell, Christopher) 責任編集, 塚本 洋太郎 監訳 ","同朋舎出版(京都)","1992.3","","ISBN: 4-8104-1013-7,
付:「和名索引」(A4, 8p),
 造園－イギリス","",""
"470.2","11-5","花に魅せられた人々 : 発見と分類       (自然の中の人間シリーズ ; 花と人間編 7)","大場 秀章 著,  農林水産省農林水産技術会議事務局 監修, 樋口 春三 編","農山漁村文化協会","2005.9","","","",""
"900","11-5","The Writer in the Garden　","Roger Evans","British Library Publishing","2004","英語","2004 British Library exhibition on this theme.","",""
"627","11-5","花の西洋史　草花篇","A.M.コーツ (Coats, Alice M, 1905-1978) 著, 白幡 洋三郎, 白幡 節子 訳","八坂書房","1989.11","","原タイトル: Flowers and their histories","",""
"627","11-5","A Medieval Flower Garden","Jacket design: Laura Lovett, Calligraphy: Georgia Deaver","Chronicle Books","1994","英語","中世の花園","",""
"627.77","11-5","バラの世界　   (講談社学術文庫  2773)","大場 秀章 著","講談社","2023.6","","「バラの誕生」(中央公論社 1997年刊)の改題、修正加筆、写真を加えたもの ","",""
"627","11-5","The Oxford book of wild flowers  Pocket Edition"," illustrations by B.E. Nicholson ; text by S. Ary & M. Gregory","Oxford University Press","1960","英語","別タイトル: Wild flowers
","",""
"477.021","11-5","子どもに教えてあげられる散歩の草花図鑑      (ビジュアルだいわ文庫  020J)","岩槻 秀明 著","大和書房","2017.7","","","",""
"183.033 ","11-5","仏教植物辞典","和久 博隆 編著","国書刊行会","2013.6","","","",""
"470.4","11-5","仏典の植物","満久 崇麿  著","八坂書房","1995.6","","","",""
"629.04","11-5","木漏れ日の庭で","中谷 耿一郎 著","TOTO出版","2005.7","","","",""
"627 ","11-5","花旅 : Viewing splendid flowers in AU.&N.Z.","青木 保之著,  	企画: 東京フォト企画 ","日本写真企画","2002.6","","","",""
"627.7","11-5"," 梅と櫻　　The Mume and The flowering Cherry
(梅と桜)","渡辺達三  ほか著、編集: 日本シネセル ","日本公園緑地協会","1993.12","","英語書名: The mume and the flowering cherry 英文併記, 編集: 日本シネセル","",""
"791.6","11-5","野に咲く茶花図譜","永井 宗圭 	","淡交社","1985.9","","","",""
"","","","","","","","","",""
"","","","","","","","","",""
"629.233","12-2","The Royal Horticultural Society: A History 1804-2004","Brent Elliott","Phillimore / Royal Horticultural Society","2004","英語","","",""
"629.233","12-2","The Englishwoman's Garden","Alvilde Lees-Milne / Rosemary Verey","Chatto & Windus","1983","英語","英国女性の庭園","",""
"629.233","12-2","The new Englishwoman's Garden","Alvilde Lees-Milne & Rosemary Verey, Foreword by Hardy Amies","Chatto & Windus","1987","英語","新しい英国女性の庭園","",""
"629.233","12-2","The Oxford Companion to Gardens ","Jellicoe Geoffrey, Patrick Goode and Michael Lancaster
","Oxford  University Press","1991","英語","オックスフォードの庭園ガイド（イギリス）","",""
"629.233","12-2","Hidcote : The Garden and Lawrence Johnston ","Graham S Pearson","The National Trust","2007","英語","ヒドコート：庭園とローレンス・ジョンストン（イギリス、造園家、植物収集家）","",""
"629.233","12-2","Humphry Repton : Landscape Gardening and the Geography of Georgian England","Stephen Daniels","Yale University Press","1999","英語","ハンフリー・レプトン（英国の代表的造園家）：その作品とジョージ王朝時代（ハノーヴァー朝）におけるイングランドの地理","",""
"629.233","12-2","Humphry Repton’s Memoirs","Ann Gore Nd George Carter","Michael Russell (Publishing) Ltd","2005","英語","ISBN: 0-85955-295-0, 
Repton, Humphry, 1752-1818.
LC Subjects: Landscape gardening--Great Britain--History--18th century, 
造園－イギリス","",""
"629.233","12-2","Capability Brown and the Eighteenth-Century English Landscape","Roger Turner","Rizzoli","1985","英語","ケイパビリティ・ブラウン(ランスロット・ブラウン、イギリスの造園家)と18世紀イギリスの風景","",""
"629.233","12-2","The Head Gardeners : Forgotten Heroes of Horticulture","Toby Musgrave","Aurum","2009","英語","Gardeners -- Great Britain -- History -- 19-20th century, イギリス, ISBN: 9781845134112","",""
"629.233","12-2","William Kent : Architect, Designer, Opportunist","Timothe Mowl","Penguin Random House","2014","英語","ウィリアム・ケント(イギリスの造園家) : 建築家、デザイナー、日和見主義者","",""
"629.233","12-2","Dream Gardens  : discovering the gardens of the Lake District","Vivian Russell","Century","1989","英語","夢の庭園：湖水地方の庭園をめぐる, 造園ーイギリス","",""
"629.233","12-2","The Garden at Chatsworth : The Duchess of Devonshire","Deborah, Duchess of Devonshire","Viking Studio","1999","英語","チャッツワースの庭園 : デヴォンシャー公爵夫人, 造園ーイギリス","",""
"629.233","12-2","The Arcadian Friends   : inventing the English landscape garden","Tim Richardson","Bantam Press","2008","","造園ーイギリス","",""
"","","","","","","","","",""
"233","12-2","イギリス史      (新版世界各国史  11)","川北 稔 編","山川出版社 	","1998.4","","ISBN: 4-634-41410-4","",""
"293.3","12-2","大英国　歴史と風景","ルイ・カザミヤン (Cazamian, Louis François, 1877-1965) 著,手塚 リリ子, 石川 京子 共訳","白水社","1996.6","","原タイトル: La Grande-Bretagne (1934)","",""
"164.339 ","12-2","図説ケルト神話物語","イアン・ツァイセック (Zaczek, Iain) 著, 山本 史郎, 山本 泰子 訳","原書房","1998.6","","原タイトル: Chronicles of the Celts","",""
"230.3","12-2","図説ケルト","サイモン・ジェームズ(James, Simon)  著, 井村 君江 監訳, 吉岡 晶子, 渡辺 充子 訳","東京書籍","2000.6","","","",""
"","","","","","","","","",""
"","","","","","","","","",""
"629.233","12-3","English Garden Design : History and styles since 1650","Tom Turner","Antique Collectors' Club","1986","英語","ISBN: 0-907462-25-1, 
 造園－イギリス","",""
"629.233","12-3","英国王立園芸協会 ガーデンデザインブック","ロビン・ウィリアムズ(Williams, Robin) 著, 志田 憲一 訳","メイプルプレス","2001.4","","ISBN: 4-944161-08-5,
原タイトル: The garden designer (1995),
 造園－イギリス","",""
"629.233","12-3","英国の庭園","清水正之 監修, 「英国の庭園」出版委員会 編著","環境緑化新聞・インタラクション","2007.3","英語併記","ISBN: 4-900979-23-6, 
造園－イギリス","",""
"629.233","12-3","The Gardens of English Heritage","Gillian Mawrey & Linden Groves","Frances Lincoln Ltd","2010","英語","ISBN: 978-0-7112-2771-2,
英国遺産の庭園,
 造園－イギリス","",""
"","","","","","","","","",""
"629.233","12-3","Britain's National Parks : a visitor's guide","Roland Smith, Photography by Mike Williams","British Tourist Authority","1983","英語","ISBN: 1-85079-150-3,
 造園－イギリス","",""
"629.233","12-3","Scotland's Gardens","G. Allan Little","SPURBOOKS in association with The Scotland's Gardens Scheme","1981","英語","ISBN: 0-7157-2091-0,
 造園－イギリス","",""
"","","","","","","","","",""
"629.233","12-3","Garden of Britain : A touring guide to over 100 of the best gardens","Patrick Taylor","Mitchell Beazley","1998","英語","ISBN: 1-85732-872-8, 
造園－イギリス","",""
"629.233","12-3","Beatrix Potter's Lakeland","Hunter Davies ; photography by Cressida Pemberton-Pigott","Frederick Warne","1988","英語","ISBN: 0-7232-3520-1,
 造園－イギリス","",""
"470.7633","12-3","Collins Guide to the Botanical Gardens of Britain","Michael Young","COLLINS","1987","英語","ISBN: 0-00-2182-13-0,
英国植物園ガイド,
 造園－イギリス","",""
"629.233","12-3","English Herb Gardens","Guy Cooper and Gordon Taylor; Foreword by Rosemary Verey","Rissoli","1986","英語","ISBN: 0-8478-0689-8","",""
"470.7633","12-3","The Making of Kew   (Folio Miniatures)","Madeleine Bingham","Michael Joseph Ltd. (London)","1975","英語","ISBN: 0-7181-1304-7,
 造園－イギリス","",""
"470.7633","12-3","Royal Botanic Gardens, Kew","Royal Botanic Gardens, Kew.","Crown","1974","英語","キューガーデンの案内地図,
 造園－イギリス","",""
"629.233","12-3","Hanmpton Court Palacce  公式ガイドブック　（日本語版）","―","Hanmpton Court Palacce","1996","","ハンプトンコート宮殿（英国）","",""
"629.233","12-3","ブレナムパレス","デザイン・制作：ジャロルド・パブリッシング社","His Grace the Duke of Marlborough and Jarrold Publishing","1993/1996","","造園－イギリス","",""
"629.233","12-3","Hidcote Manor Garden, Gloucestershire","Anna Pavord","The National Trust","1993","英語","ISBN: 0-7078-0166-4, 
付：案内ガイド（リーフレット）,
 造園－イギリス","",""
"629.233","12-3","Best of Bath ","Tricia Simmonds 
Unichrome ","Unichrome","1991","英語、フランス語、ドイツ語、スペイン語","ISBN: 1-87100-407-1, 
イングランドの都市、世界遺産
","",""
"629.233","12-3","Discovering Gardens in Britain","Kay N. Sanecki","SHIRE PUBLICATIONS LTD","1979","英語","ISBN:0-85263-892-2,
 造園－イギリス","",""
"629.233","12-3","BARNSLEY HOUSE - A GUIDE TO THE GARDEN","Rosemary Verey, Charles Verey
","Barnsley House","1997","英語","ISBN:0-9530-4100-X, 
バーンズリーハウス,
 造園－イギリス","",""
"629.233","12-3"," Bright and breezy-Blackpool : a pictorial journey through Blackpool's past (including a short history of the tower, and Blackpool's three piers) ","Catherine Rothwell 著
Cliff Hayes 編","Printwise Publications","1991","英語","ISBN:1-872226-13-2,
 造園－イギリス","",""
"","","","","","","","","",""
"629.233","12-3","森と庭園の英国史      (文春新書  266)","遠山 茂樹 著","文芸春秋","2002.8","","造園－イギリス","",""
"629.233","12-3","イギリス風景式庭園の美学 : <開かれた庭>のパラドックス","安西 信一 著","東京大学出版会","2000.9","","ISBN: 4-13-016019-2,
造園－イギリス","",""
"629.233","12-3","英国ガーデン物語 : 庭園のエコロジー","赤川 裕 著","研究社出版","1997.7","","ISBN: 4-327-48136-X, 
造園－イギリス","",""
"629.233","12-3","”イングリッシュガーデン”の源流　ーミス・ジーキルの花の庭","宮前 保子 著","学芸出版社","2001.11","","造園－イギリス","",""
"617.6","12-3","イングリッシュハーブガーデン：田舎暮らしにあこがれて","横明美 著","八坂書房","1998.4","","ISBN: 4-89694-411-9,, 
造園－イギリス","",""
"523.33","12-3","英国貴族の邸宅　（ショトル・ミュージアム  Shotor Museum ）","文: 田中 亮三, 写真: 増田 彰久","小学館","1997.2","","ISBN: 4-09-606007-0, 
造園－イギリス","",""
"930.4","12-3","庭のイングランド : 風景の記号学と英国近代史","川崎 寿彦 著","名古屋大学出版会","1983.5","","ISBN: 4-930689-06-6, 
造園－イギリス","",""
"629.233","12-3","ウィリアム・モリスの庭 : デザインされた自然への愛","ジル・ハミルトン(Hamilton and Brandon, Jill Douglas-Hamilton), ペニー・ハート(Hart, Penny), ジョン・シモンズ(Simmons, John) 著, 鶴田 静 訳","東洋書林","2002.5","","ISBN: 4-88721-578-9, 
原タイトル: The gardens of William Morris 
造園－イギリス","",""
"702.33","12-3","ウィリアム・モリスの全仕事","ポール・トムスン (Thompson, Paul, 1935-) 著, 白石 和也 訳","岩崎美術社","1994.9","","ISBN: 4-7534-1346-2, 
原タイトル: The work of William Morris. 3rd ed,
造園－イギリス","",""
"701.1","12-3","RUSKIN Today ","chosen and annotated by Kenneth Clark","Penguin Books","1964","英語","Ruskin, John, 1819-1900
ISBN: 0-14-006326-9","",""
"701.1","12-3","Modern Painters","by John Ruskin with Introduction and Notes by Sakae Shioya(塩谷 栄 (鹽谷 榮))","Kenkyusha (Tokyo) 研究者出版","1956.4","英語","第4版, 
Ruskin, John, 1819-1900","",""
"470.76","12-3","植物園の世紀　ーイギリス帝国の植物政策 : botanical garden in 1759-1820 ","川島 昭夫 著","共和国(東京)","2020.7","","ISBN: 4-907986-66-7, 
造園－イギリス","",""
"","","","","","","","","",""
"","","","","","","","","",""
"233","12-4","『Seven Seas』(No.87, 1995.11)   英国式日本待望論・イギリスは語るーViews of Japan from the Britain","**","アルク","1995.11","日本語","造園－イギリス","",""
"629.233","12-4","GEO : International magazine （ジオ）特集：イギリスは、ガーデニング天国。","**","同朋舎出版","1997.4","","造園－イギリス","",""
"293.309","12-4","The Illustrated Wordsworth’s Guide to the Lakes","edited by Peter Bicknell ; foreword by Alan G. Hill","    Promotional Reprint, exclusively for Selecta Book","1992","英語","原タイトル: The very bloody history of Britain, 
ワーズワースの湖水地方ガイド","",""
"629.233","12-4","Landscape and Ideology : The English Rustic Tradition, 1740-1860","Ann Bermingham","University of California Press","1986","英語","ISBN:  0-520-05287-0 
LC Suject: Landscape painting, English--18-19th century. ,
 造園－イギリス","",""
"612.33","12-4","イギリスの農業景観 : 保全と創造","カントリーサイド・コミッション 著,  農村開発企画委員会 編,  勝原 文夫 訳","論創社","1984.4","","","",""
"629.233","12-4","The Making of the English Landscape","W. G. Hoskins","Penguin Book","1985","英語","ISBN: 0-14-015410-8
LC Subjects: England--Historical geography.
2冊, 造園－イギリス","",""
"518.8","12-4","英国都市計画の先駆者たち","ゴードン・E.チェリー(Cherry, Gordon Emanuel) 編,  大久保 昌一 訳","学芸出版社(京都)","1983.11","","別タイトル: Pioneers in British planning","",""
"334.533","12-4","景観の大英帝国 : 絶頂期の帝国システム","A.J.クリストファー (Christopher, A. J) 著, 川北 稔 訳","三嶽書房","1995.4","","原タイトル: The British Empire at its zenith","",""
"518.8","12-4","比較都市計画序説 : イギリス・アメリカの土地利用規制","渡辺 俊一 著","三省堂","1985.5","","","",""
"519.8","12-4","近代都市計画の起源      (SD選書)","L.ベネヴォロ(Benevolo, Leonardo) 著,  横山 正 訳","鹿島出版会","1976","","","",""
"930.4","12-4","森のイングランド : ロビン・フッドからチャタレー夫人まで      (平凡社ライブラリー)","川崎 寿彦 著","	平凡社","1997.6","","","",""
"382.33","12-4","田園とイギリス人 : 神が創りし天地で      (NHKブックス)","小林 章夫 著","日本放送出版協会","1997.9","","","",""
"293.33 ","12-4","イギリス田園彩景 : 僕の素敵なカントリーライフ","クリストファー・C.マックーイ (McCooey, Christopher, 1949-) 著, クミコ・マックーイ, 西山 真雄 訳","銀河出版","1997.2","","","",""
"935","12-4","イギリスの田舎へ行こう　（海外旅行選書）","レスリー・トーマス (Thomas, Leslie) 著, 由木 礼 訳","図書出版社","1995.1","","原タイトル: The hidden places of Britain","",""
"293.309","12-4","ロンドンぬきの英国旅行 : カントリーサイドの魅力　　(BBCライオンシリーズ 5)","辻川 一徳 編","サイマル出版会","1983.9","","","",""
"293.309","12-4","イギリス・水の旅","文・写真: 田中 憲","東京書籍","1996.10","","造園－イギリス","",""
"518.85","12-4","イギリス緑の庶民物語 : もうひとつの自然環境保全史","平松 紘 著","明石書店","1999.5","","造園－イギリス","",""
"233.06","12-4","図説　ヴィクトリア時代 : イギリスの田園生活誌","デイヴィッド・スーデン (Souden, David) 著, 山森 芳郎, 山森 喜久子 訳","東洋書林","1997.8","","原タイトル: The Victorian village","",""
"302.33","12-4","イギリスは豊かなり","田村 明 著","東洋経済新報社","1995.6","","","",""
"233.004","12-4","とびきり愉快なイギリス史      ","ジョン・ファーマン(Farman, John) 著,  尾崎寔 訳","筑摩書房","1997.4","","原タイトル: The very bloody history of Britain ","",""
"629.233","12-4","楽園と庭 : イギリス市民社会の成立      (中公新書)","川崎 寿彦 著","中央公論社","1984.3","","造園－イギリス","",""
"930.4","12-4","楽園のイングランド: パラダイスのパラダイム","川崎 寿彦 著","河出書房新社","1991.2","","造園－イギリス","",""
"309.2","12-4","ユートピアへの接近 : 社会思想史的アプローチ　（増補）","田村 秀夫 著","中央大学出版部","1992.2","","","",""
"629.233","12-4","イギリス庭園の文化史 : 夢の楽園と癒しの庭園","中山 理 著","大修館書店","2003.6","","ISBN: 4-469-21280-6, 
造園－イギリス","",""
"233.05","12-4","貴族の風景 : 近代英国の広場とエリート","水谷 三公 著","平凡社","1989.12","","","",""
"523.33","12-4","英国カントリー・ハウス物語 : 華麗なイギリス貴族の館","杉恵 惇宏 著","彩流社","1998.5","","","",""
"629.233","12-4","庭のたのしみ : 西洋の庭園二千年","アンヌ・スコット=ジェイムズ(Scott-James, Anne) 著,  オズバード・ランカスター 絵,  横山 正, 増田 能子 共訳","鹿島出版会","1984.1","","原タイトル: The pleasure garden:an illustrated history of British gardening , 書き込みあり
    Scott-James, Anne, 1913-2009
　Lancaster, Osbert, 1908- ","",""
"915.6","12-4","愛蘭土紀行　１　（街道をゆく 30）（朝日文庫）","司馬 遼太郎 著","朝日新聞","1993.7","","","",""
"518.88","12-4","Town planning in practice: an introduction to the art of designing cities and suburbs","Raymond Unwin (レイモンド・アンウィン) ; with a new preface by Andres Duany; and a new introduction by Walter Creese.","Princeton Architectural Press","1994","","Originally published: London : T. Fisher Unwin, 1909.
ISBN: 1568980043","",""
"","","","","","","","","",""
"","","","","","","","","",""
"629.234","12-5","Karl Friedrich Schinkel : Charlottenhof, Potsdam-Sanssouci","Text, Heinz Schönemann ; Photographien, Reinhard Görner
Karl Friedrich Schinkel","Edition Axel Menges","1997","英語","カール・フリードリヒ・シンケル（ドイツの建築家）：ポツダムのシャルロッテンホーフ宮殿、サンスーシー宮殿","",""
"629.234","12-5","Albrecht Altdorfer and the Origines of Landscape","Christpher S. Wood ","University of Chicago Press?","1993","英語","アルブレヒト・アルトドルファー（ドイツの画家)と風景(画)の起源","",""
"629.234","12-5","Time to Travel - Travel in Time  to Germany's finest stately homes, gardens, castles, abbeys and Roman remains","Engl. Transl. by Katherine Vanovitch
","Verlag Schnell & Steiner GmbH","2010.7？","英語","造園ードイツ","",""
"629.234","12-5","pleasure gardens - garden pleasures : Gernany's most beautiful historical gardens","","Verlag Schnell & Steiner GmbH","2003","英語","造園ードイツ","",""
"629.234","12-5","The Green Guide  -Germany","**","Michelin","","英語","ドイツ公園緑地ガイド, 造園－ドイツ","",""
"629.234","12-5","Die Gartenkunst des  Barock ; ICOMOS・Hefte des Deutschen National komitees XXVIII ","**","ICOMOS Hefte des Deutschen National komitees","2001","ドイツ語","ICOMOS;ドイツ, 造園－ドイツ","",""
"629.234","12-5","Zurück zur Natur:  Idee und Geschichte des Georgengartens in Hannover-Herrenhausen
"," Wilhelm-Busch-Gesellschaft","Wallstein Verlag, Gottingen","1997","ドイツ語","自然に戻る: ハノーバー ヘレンハウゼンのゲオルゲンガルテンのアイデアと歴史, 造園－ドイツ","",""
"629.234","12-5","25 Years of Conservation of the Historic Parks in Klein-Glienicke : A Rediscovered Garden of Eden","Landesdenkmalamt Berlin / ICOMON/IFLA","Landesdenkmalamt Berlin","2003","英語、ドイツ語","クライン・グリーニッケの歴史公園（ベルリン）の保存活動 25 年: 再発見されたエデンの園, 造園－ドイツ","",""
"629.234","12-5","Die Kaskade im Park des Schlosses Seehof : Festschrift Anlasslich der Feierstunde am 22. Juli 1995","","Wiederherstellung","1995","ドイツ語","ゼーホーフ宮殿公園の滝：式典記念出版, 造園－ドイツ","",""
"629.234","12-5","Friedrich Ludwig von Sckell und Nymphenburg","Rainer Herzog","Bayerische Schlösserverwaltung","2003","ドイツ語","フリードリッヒ・ルードヴィッヒ・フォン・シュケル(ドイツの造園家）とニンフェンブルク宮殿, 造園－ドイツ","",""
"629.234","12-5","Gartenkunst-Museum Schloss Fantaisie","Esther Janowitz","Bayerische Schlossserverwaltung ","2000","ドイツ語","空想城博物館のガーデンアート, 造園－ドイツ","",""
"629.234","12-5","Fürst-Pückler-Park Bad Muskau : ein europäischer Landschaftspark      (Beiträge zur Stadt- und Parkgeschichte Bad Muskau, Nr. 15)","Regina Barufke, Ekkehard Brucksch, Ellen Kollewe, Helmut Rippl, Stadt- und Parkmuseum","Stadt- und Parkmuseum Bad Muskau im Fürst-Pückler-Park, Regionalmuseum Muskauer Heide","1998","ドイツ語","with two card inserts
ISBN: 3930625091
ムスカウ公園はドイツとポーランドの間を流れるナイセ川にまたがるイギリス式庭園, 造園－ドイツ","",""
"629.234","12-5","Im Spiegel der Erinnerung - der Branitzer Park - Gartenparadies des Fürsten Pückler 21 Beiträge von 1804 bis 1939      (Stiftung Fürst-Pückler-Museum Park und Schloss Branitz, Bd. 2)","Stiftung Fürst-Pückler-Museum Park und Schloss Branitz"," Fürst-Pückler-Museum","1997","ドイツ語","造園－ドイツ","",""
"629.234","12-5","ParkTraumPark (Cover title)
Parktraum, Traumpark : A.W. Schirmer Aquarelle und Zeichnungen zu Pücklers ""Andeutungen über Landschaftsgärtnerei"".","Schirmer, A. W. (August Wilhelm)"," Fürst-Pückler-Museum, Schloss Branitz","1993","ドイツ語","LC Subjects: Parks--Germany--Bad Muskau--Pictorial works-Exhibitions /ヘルマン・フォン・ピュックラー＝ムスカウ侯爵（Hermann von Pückler-Muskau)はドイツの貴族、造園家, 造園－ドイツ","",""
"629.234","12-5","観光ガイドブック　世界文化遺産 バンベルク","Koots Wolfgang","クライヒガウ　フェアラーク(Kraichgau Verlag)","2005","","Bamberg:ドイツ、バイエルン州オーバーフランケン行政管区の郡独立市, 造園－ドイツ
ISBN: 3929228912","",""
"629.234","12-5","Der Rosengarten der Neuen Residenz in Bamberg","Cristian Dümler","Verlag Degener & Co.","2002","ドイツ語","バンベルク, バラ園, 造園－ドイツ
ISBN: 3768692892","",""
"629.234","12-5","Schloss und Park Seehof","Alfred Schelter
Michael Petzet","Bayerische Schlösserverwaltung","2005","ドイツ語","バイエルン宮殿管理局
バンベルク、メンメルスドルフ
シーホーフ城
ISBN: 3932982606, 造園－ドイツ","",""
"629.234","12-5","Lustgärten um Bayreuth : Eremitage, Sanspareil und Fantaisie","Ingo Toussaint","Olms Georg AG ","2000","ドイツ語","バイロイト周辺の遊園地: エルミタージュ、サンスパレイユ、ファンタイジー, 造園－ドイツ","",""
"629.234","12-5","The hermitage at Bayreuth: official guide","Erich Bachmann
Lorenz Seeling","Bayerische Verwaltung der staatlichen Schlösser","1984","英語","ドイツのバイロイトにある宮殿と庭園, 造園－ドイツ","",""
"629.234","12-5","ドイツ造景紀行","岡崎 文彬 著 ","養賢堂","1995.3","","","",""
"293.409 ","12-5","ドイツの歴史と文化の旅 : 歴史家の手作りツアー体験記","望田 幸男 著","ミネルヴァ書房","2001.9","","","",""
"","","","","","","","","",""
"","","","","","","","","",""
"","","","","","","","","",""
"910.268","12-6","漱石のロンドン風景","田口 保夫, アンドリュー・ワット (Watt, Andrew, 1936-) 編著","研究社出版","1985.8","","","",""
"910.268 ","12-6","自転車に乗る漱石 : 百年前のロンドン   (朝日選書) ","清水 一嘉","朝日新聞社","2001.12","","","",""
"518.8","12-6","漱石の倫敦、ハワードのロンドン : 田園都市への誘い      (中公新書)","東 秀紀 著","中央公論社","1991.9","","","",""
"910.268","12-6","スコットランドの漱石      (文春新書)","多胡 吉郎 著","文藝春秋","2004.9","","","",""
"930.278","12-6","ジョイスを読む : 二十世紀最大の言葉の魔術師      (集英社新書)","結城 英雄 著","集英社	","2004.5 ","","","",""
"930.28","12-6","シャーロック・ホームズの世紀末","富山 太佳夫 著","青土社","1993.12","","","",""
"933.7","12-6","シャーロック・ホームズ百科事典","マシュー・バンソン (Bunson, Matthew) 編著, 日暮 雅通 監訳, ジョン・ベネット・ショウ 序文","原書房","1997.11","","原タイトル: Encyclopedia Sherlockiana","",""
"930.28","12-6","シャーロック・ホームズ　もうひとつの読み方","木村 申二","フォー・ユー、発売: 日本実業出版社 ","1988.3","","","",""
"288.6","12-6","シェークスピアの紋章学
(シェイクスピアの紋章学)","森 護 著","大修館書店","1987.11","","","",""
"288.4933","12-6","英国王室史話","森 護 著","大修館書店","1986.3","","ISBN: 4-469-24090-7","",""
"","","","","","","","","",""
"164.339","12-6","ケルトと日本　（角川選書）","鎌田 東二, 鶴岡 真弓 編著","角川書店","2000.11","","","",""
"388.339","12-6","ケルト神話と中世騎士物語 : 「他界」への旅と冒険      (中公新書)","田中 仁彦 著","中央公論社","1995.7","","","",""
"388.339","12-6","ケルトの神話 : 女神と英雄と妖精と　（ちくま文庫）","井村 君江","筑摩書房","1990.3","","","",""
"293.32","12-6","スコットランドの旅 	　（コロンブックス）　","宮崎 昭威 著","三修社","1985.11","","","",""
"","","","","","","","","",""
"460.2 ","12-6","大探検時代の博物学者たち","ピーター・レイビー(Raby, Peter) 著,  高田朔 訳","河出書房新社","2000.3","","ISBN: 4-309-22360-5, 
原タイトル: Bright paradise","",""
"233.05","12-6","イギリス歴史の旅      (朝日選書  548)","高橋 哲雄 著","朝日新聞社","1996.3","","ISBN:4-02-259648-1","",""
"","","","","","","","","",""
"233.06","12-6","ロンドン散策 : イギリスの貴族階級とプロレタリア   (叢書・ウニベルシタス)","フロラ・トリスタン (Tristan, Flora, 1803-1844 ) 著, 小杉 隆芳・浜本 正文 訳","法政大学出版会","1987.3","","原タイトル: Promenades dans Londres. 1842, Rev. ed., 1978","",""
"233.06","12-6","コーヒー・ハウス : 都市の生活史-18世紀ロンドン","小林 章夫 著","駸々堂出版","1984.7","","ISBN: 4-397-50168-8","",""
"233","12-6","概説　イギリス文化史","佐久間 康夫, 中野 葉子, 太田 雅孝 編著","ミネルヴァ書房 (京都)","2002.4","","ISBN: 4-623-03564-6","",""
"233.06","12-6","英国文化の世紀　４　民衆の文化誌","松村 昌家, 長島 伸一, 川本 静子, 村岡 憲司 編","研究社出版","1996.1","","ISBN: 4-327-35204-7","",""
"233.05","12-6","レジャーの社会経済史 : イギリスの経験","荒井 政治 著","東洋経済新報社","1989.10","","ISBN: 4-492-37071-4","",""
"383.0233","12-6","図説ヴィクトリア朝百貨事典　　（ふくろうの本）","谷田 博幸 著","河出書房新社","2001.9","","ISBN: 4-309-72665-8","",""
"502.33","12-6","ヴィクトリアン・エンジニアリング　ー土木と機械の時代","L.T.C.ロルト (Rolt, L. T. C)著, 高島 平吾 訳","鹿島出版会","1989.12","","ISBN: 4-306-69312-3, 
原タイトル: Victorian engineering","",""
"233.06","12-6","島国の世紀 : ヴィクトリア朝英国と日本","小池 滋 著","文藝春秋","1987.9","","ISBN: 4016-341690-0","",""
"291.09","12-6","東の島国　西の島国　","ヒュー・コータッツィ(Cortazzi, Hugh) 著","中央公論社","1984.1","","","",""
"","","","","","","","","",""
"","","","","","","","","",""
"","13-1","雑誌「庭」　","竜居庭園研究所,龍居庭園研究所, 創庭社 編","建築資料研究社","1976-2013","","1～211号（庭別冊1～62号、庭63号～211号）、臨時増刊（9冊）
初代編集長である故龍居竹之介先生から寄贈いただきました。","",""
"","","","","","","","","",""
"","","","","","","","","",""
"629.2346","13-2","Historische Gärten in Österreich : vergessene Gesamtkunstwerke","Géza Hajós ; Autoren, Maria Auböck ... et al. ; herausgegeben von der Österreichischen Gesellschaft für Historische Gärten ","Böhlau Verlag (Wien)","1993","ドイツ語","kw:  Historic gardens--Austria.（オーストリア）
ISBN: 3205980956, 造園－中欧
","",""
"629.2346","13-2","The Imperial Festival Palace HOF : An Illustrated Guide through Austrias Largest Countryside Palace Estate","Marchfeldschlosser Revitalisierungs unt Betriebsges. M.b.H.","**","2005","英語","造園－中欧","",""
"629.2346","13-2","""historischce garten"" 12. Jg. Heft 1, 2006   - ""die wieder sprechen""  20 Jahre Gartendenkmalpflege in Osterreich, 15 Jahre Osterreichische Gesellschaft fur historische Garten","**","OGHG","2006","ドイツ語","”ヒストリックガーデン"" 2006, 12-1：オーストリア歴史庭園協会20周年記念, 
造園－中欧","",""
"629.234","13-2","""historischce garten"" 13. Jg. Heft 1, 2007 ","**","OGHG","2006","ドイツ語","”ヒストリックガーデン"" 2007, 造園－中欧","",""
"629.234","13-2","Der malerische Landschaftspark in Laxenburg bei Wien - Mit Beiträgen von Edit Bódi, Annedore Brock, Géza Hajós, Lieselotte Hanzl-Wachter, Elena Holzhausen und Michaela C. Schober. Forschungen zu Laxenburg.","Hajos, Geza / Bundesdenkmalamt, Bundesmobilienverwaltung (Hrsg)","Böhlau Wien ","2006","ドイツ語","ISBN: 3205774442
ウィーン近郊のラクセンブルクにある美しい風景公園","",""
"","","","","","","","","",""
"293.46","13-2","Vienna","text: Peter Pötschner ; photos: Hannes Bohaumilitzky","Pinguin-Verlag","1989","","ISBN: 3701623171　　（オーストリア）","",""
"702.34","13-2","ウィーン　1890-1920　芸術と社会","R.ヴァイセンベルガー (Waissenberger, Robert) 著, 池内 紀・岡本 和子 訳","岩波書店","1995","","原タイトル: Wien 1890-1920
（オーストリア）","",""
"293.46","13-2","Vienna : introduction and reminiscence ","Ernst Hausner","Edition Wien ","1997","英語","ウィーン：序章と回想","",""
"629.2346","13-2","シェーンブルン宮殿と庭園のアルバム　（日本語版）","**","Schloß Schönbrunn Kultur- und Betriebsges（シェーンブルン宮殿の文化運営会社）","1992","日本語","シェーンブルン宮殿と庭園のアルバム（オーストリア）, 造園－中欧

","",""
"629.2346","13-2","シェーンブルン宮殿ガイド　ー宮殿と庭園を訪ねて　　（日本語）","**","Schloß Schönbrunn　","2003","日本語","シェーンブルン宮殿と庭園ガイド（オーストリア）, 造園－中欧

","",""
"629.2346","13-2","Die Gärten von Schönbrunn ein Spaziergang durch einen der bedeutendsten Barockgärten Europas","Richard Kurdiovsky (Hg,)","Residenz Verlag","2005","ドイツ語","シェーンブルン庭園逍遥 :ヨーロッパで最も重要なバロック庭園のひとつ（オーストリア）, 造園－中欧

","",""
"629.2346","13-2","Hellbrunn  palace, Park and Trick Fountains","Wilfried Schaber","Hellbrunn Palace","2004","英語","ヘルブルン宮殿（オーストリア）、公園、魅力的な噴水, 造園－中欧

","",""
"","","","","","","","","",""
"234.6","13-2","ハプスブルク歴史物語       (NHKブックス)","倉田 稔 著","日本放送出版協会","1994.11","","","",""
"235.05","13-2","ブルボン家      (ヨーロッパの王家の歴史  2)","下津 清太郎 著","近藤出版社","1984.12","","","",""
"629.2345","13-2","Jardins des Alpes / The Gardens of the Alps","Coordinator; Marta L'Erede","Leonardo International ","2006","英語","アルプス地方の庭園","",""
"","","","","","","","","",""
"","","","","","","","","",""
"629.21","13-3","『The Staste　ザ・ステイスト』　第２号　特集・庭園　The Garden","ステイスト [編]","STASTE Corporation ","1990","","別タイトル: The staste : the magazine where status and taste converge","",""
"629.235","13-3","Parcs et jardins en France      (Guide de Charme Series)","Philippe Thébaud et Christian Maillard","Payot & Rivages","1999","フランス語","造園ーフランス","",""
"629.235","13-3","Polia - Revue de l'art des jardins - no 5 ","","Eds Lieux Dits","2006.1","フランス語","""ポリア""：庭園芸術誌, 
造園ーフランス","",""
"629.235","13-3","Jardins en France : Guide illustré ","Michel Racine","Actes Sud","1999","フランス語","フランスの庭園: 図面付きガイド, 
造園ーフランス","",""
"629.235","13-3","Jardiniers célèbres : jardiniers, jardinistes, architectes, paysagistes, créateurs de jardins…","Sociélè Nationale d'Horticulture de France","Connaisance et Mémoires Européennes (Luxembourg)","1997","フランス語","造園ーフランス","",""
"629.235","13-3","Tradition and Innovation in French Garden Art : chapters of a new history","edited by John Dixon Hunt and Michel Conan ; with the assistance of Claire Goldstein","University of Pennsylvania Press","2002","英語","フランス庭園芸術の伝統と革新：新たな歴史の章, 
造園ーフランス","",""
"629.235","13-3","Pascal Cribier: Itineraires d'un jardinier ","Pascal Cribier"," ‎ Editions Xavier Barral ","2009.6","フランス語","パスカル・クリビエ: 庭師への道
Landscape architecture--France, 造園ーフランス","",""
"629.235","13-3","Jardins ""au naturel"" : rocailles, grotesques et art rustique : essai","Michel Racine","Actes SUD","2001","フランス語","「自然」の庭園：岩の、グロテスクな、そして素朴な庭園","",""
"629.235","13-3","Les Châteaux d'Ile-De-France"," Emmanuel Bourassin ","Selection du Reader's Diges","1998","フランス語","イル＝ド＝フランスの城","",""
"629.235","13-3","Splendeur des Jardins d'Ile-de-France ","Isabelle Schlienger","Flammarion","1998","フランス語","イルドフランスの庭園の素晴らしさ","",""
"629.235","13-3","L'art des jardins en Yvelines","F. Collette,  D. Pinon,  R. Cesar","Minerva ","2000.4","フランス語","イヴリーヌの庭園の芸術","",""
"629.235","13-3","J'ai descendu dans mon Jardin : Parcs et jardins des Yvelines au XIXeme siècle ","Conseil général des Yvelines 
Edouard André ","Archives Yvelines","2011","フランス語","私の庭にて：19世紀のイヴリーヌ公園と庭園, 造園ーフランス","",""
"629.235","13-3","Le Jardin de Méréville ","Jacqueline Salmon texte de Monique Mosser","L'yeuse","2004","フランス語","メレヴィルの庭園(仏), 造園ーフランス
ISBM: 2914922051","",""
"629.235","13-3","Courances : Sous la direction de Valentine de Ganay et Laurent Le Bon","Responsable éditoriale : Julie Rouart assistée de Kristen Hély","Flammarion","2003","フランス語","クーランス城の庭園（フランス、エソンヌ県), 造園ーフランス","",""
"629.235","13-3","Château de Villandry","**","Chateau de Villandry","","フランス語","ヴィランドリー城(フランス,ロワール県)：見学の手引き（教師用）, 
造園ーフランス","",""
"629.235","13-3","The Gardens of Villandry","Robert Carvallo,Henri Carvallo","Editions Plume","1999","英語","ヴィランドリーの庭園英語版, 造園ーフランス
ISBN:2841100995","",""
"629.235","13-3","Villandry : le jardin du bonheur     (Collection L'Esprit des Lieux)","Maurice Fleurent ; photographies de l'auteur","Sous Le Vent : Stendhal diffusion","1989","フランス語","ヴィランドリーの庭園(フランス,ロワール県): 幸福の庭, 
造園ーフランス","",""
"629.235","13-3","Joachim Carvallo et Villandry : Ecrits et Temoignages","Joachim Carvallo","Robert Carvallo","1990.3","フランス語","ジョアヒム・カルヴァーロ氏とヴィランドリ城（フランス、ロワール県）：著作、評伝, 
造園ーフランス","",""
"","","","","","","","","",""
"629.235","13-3","Vaux-le-Vicomte, la clairière enchantée     (Collection L'Esprit des Lieux)","Maurice Fleurent","Sous le vent","1989","フランス語","ヴォー・ル・ヴィコント　魅惑の地, 造園ーフランス","",""
"629.235","13-3","Vaux-le Vicomte","Jean-Marie Perouse de Montclos, photographs by Georges Fessy, foreword by Marc Fumaroli","Editions SCALA","1997","フランス語","ヴォー＝ル＝ヴィコント, 造園ーフランス","",""
"629.235","13-3","Vaux-le-Vicomte    (Collection 1 monument 1 architecte)"," Nicolas Chaudun ","Beaux Arts Magazine ","1997.1","フランス語","ヴォー・ル・ヴィコント, 造園ーフランス","",""
"629.235","13-3","Vaux-le-Vicomte   (Guide book)","Roger Guillemot et al. ","Lebois-Offset","","英語","ヴォー・ル・ヴィコント　ガイドブック, 造園ーフランス","",""
"629.235","13-3","ヴォー・ル・ヴィコント春秋 : 魅惑のフランス庭園","岡崎 文彬 著","養賢堂","1992.2","","造園ーフランス","",""
"","","","","","","","","",""
"629.235","13-3","Chantilly  (""Beaux Arts""  Special Issue )","**","Beaux Arts Magazine","1997?","フランス語","""ボザール""誌：特集シャンティ, 造園ーフランス","",""
"629.235","13-3","シャンティイー","ニコル・ガルニエ","Editions Ouest-Rrance","1996","日本語","造園ーフランス","",""
"706.9","13-3","シャンティイ : コンデ美術館・城とその周辺","レイモン・カゼル (Cazelles, Raymond) 著","アルピナ [パリ] ","1985","","造園ーフランス","",""
"629.235","13-3","Le Château de Beloeil  ( Musea Nostra   31 )","Andree Scufflaire, Jean  Dugnoille, Joost De Geest","Musea Nostra / Credit Communal","1994","フランス語","ブロイユ城（ベロイ城）（ベルギー）","",""
"629.235","13-3","フォンテーヌブロー : 見学ガイド","アモリー・ルフェビュール (国有財産主席保存官 国立フォンテーヌブロー宮殿博物館長), 翻訳: エクシム・インターナショナル","Art lys","1998","","別タイトル : Le Château de Fontainebleau, 造園ーフランス","",""
"629.235","13-3","旅のアルバム　ロワールの古城を訪ねて","畠野 健次 ほか著, 山中 龍視 編","S.I.Hyotans","1983.11","","造園ーフランス","",""
"","","","","","","","","",""
"629.235","13-3","ITINÉRAIRES    The Domain of Rambouillet   (Ile-de-france)","**"," Editions du patrimoine","2005","英語？","ランブイエ（イルドフランス県）ｰ観光ガイド, 造園ーフランス","",""
"629.235","13-3","ITINÉRAIRES    Le domaine de Sceaux   (Ile-de-france)","**"," Editions du patrimoine","2000","フランス語","ソー（イルドフランス県）ｰ観光ガイド, 造園ーフランス","",""
"629.235","13-3","ITINÉRAIRES    Gardens by Le Nôtre in Ile-de-France","**"," Editions du patrimoine","2004","フランス語","イルドフランスのル・ノートルの庭園 ｰ観光ガイド, 造園ーフランス","",""
"629.235","13-3","ITINÉRAIRES    Le château de Champ   (Ile-de-france)","**"," Editions du patrimoine","2006","フランス語","シャン城（イルドフランス県）ｰ観光ガイド, 造園ーフランス","",""
"629.235","13-3","Châteaux et Manoirs de la Brie","Philippe Seydoux ; texte de Monique Mosser","Editions de la Morande","1991","フランス語","ブリーの城と邸宅, 造園ーフランス
ISBM: 2902091230","",""
"629.235","13-3","ITINÉRAIRES du Patrimoine Saint-Cloud: Le Domaine national  (Hauts-de-Seine)","**"," Editions du patrimoine","1998","フランス語","サン･クルーの遺産 (イルドフランス地域圏オー・ド・セーヌ県）ｰ観光ガイド, 造園ーフランス","",""
"629.235","13-3","ジヴェルニー　ーモネのアトリエを訪ねて","ジェラルド･ヴァン＝ケンプ フランス学士院会員, クロード･モネ 財団館長","Editions d'Art Lys (Versailles)","2003","日本語","Monet.の日本語版, 
造園ーフランス","",""
"629.235","13-3","モネが創った庭 : 画家ならではのアイデアインスピレーション洞察力それを支えた情熱","エリザベス・マレー (Murray, Elizabeth, 1953-) 著,  写真: 清水 道子 訳","日本経済新聞社","1995.10","","原タイトル: Monet's passion, 
造園ーフランス","",""
"","","","","","","","","",""
"","","","","","","","","",""
"621","13-4","『家庭画報』44(8), 2001.8","撮影･文：南川三治郎","世界文化社","2001.8","","記事:「ヴェルサイユ宮殿　太陽王のポタジェ（果樹菜園）を訪ねて」P.224-234, 
造園ーフランス","",""
"629.36","13-4","週刊朝日百科「世界の歴史」78  (通巻749号): ●17世紀の世界 1 人物 16:レンブラント 鄭成功 クリスティーナ女王 リシュリューとコルベール","**","朝日新聞社","1990.5","","記事: ｼﾗﾉ･ﾄﾞ･ﾍﾞﾙｼﾞｭﾗｯｸ","",""
"629.35","13-4","週刊朝日百科「世界の歴史」83  (通巻754号): ●17世紀の世界 2 人物 17: ｽﾃﾝｶ･ﾗｰｼﾞﾝ ﾋﾟｰﾌﾟｽ: 紫禁城をめぐる人びと　ﾙ･ﾉｰﾄﾙとﾙｲ14世","**","朝日新聞社","1990.7","","記事: 映画 ｼﾗﾉ･ﾄﾞ･ﾍﾞﾙｼﾞｭﾗｯｸ, 太陽王の都市設計, 
造園ーフランス","",""
"629.35","13-4","週刊朝日百科「世界の歴史」85  (通巻756号): ●17世紀の世界 2 技術 17: 都市･運河･橋－土木の時代","**","朝日新聞社","1990.7","","記事: ﾙ･ﾉｰﾄﾙとﾙｲ14世, 
造園ーフランス","",""
"","","","","","","","","",""
"629.235","13-4","The Baroque Landscape  : André Le Nôtre and Vaux-le-Vicomte","Michael Brix ; translated by Steven Lindberg","Rizzoli","2004","英語","バロック庭園：アンドレ・ルノートルとヴォー＝ル＝ヴィコント","",""
"523.35","13-4","ヴェルサイユ宮 : 華麗なる宮殿の歴史 ","ジャン・クロード・ル=ギユー(Le Guillou, Jean-Claude, 1941-) :イラスト･文,  飯田 喜四郎 訳","西村書店","1992","","その他のタイトル: Versailles, 
造園ーフランス","",""
"702.35","13-4","ヴェルサイユ展: 華麗なる宮廷 : 太陽王ルイ14世からマリー=アントワネットまで ","大野 芳材, 矢野 陽子, 日本経済新聞社文化事業部 編","日本経済新聞社","2002","","仏文併記, 別タイトル: Fastes de Versailles,
 会期・会場: 2002年10月12日-12月25日 神戸市立博物館 ほか , 造園ーフランス","",""
"523.35","13-4","楽園の都　ヴェルサイユ","三好 和義 写真･文","小学館","2006.1","","造園ーフランス","",""
"629.235","13-4","ヴェルサイユ　王の悦び / Versailles : le plaisir du Roi 　（Portes Ouvertes シリーズ）","序文：ユベール・アスティエ（ヴェルサイユ国有財産総監）、写真：二コラ・ブリュアン、翻訳：川島 ルミ子","Huitième","2002","","ヴェルサイユ　王の悦び, 造園ーフランス","",""
"629.235","13-4","Louis XIV à Saint Germain","Musée national du Château de Versailles et de Trianon","Ville de Saint-Germain-en-Laye","1988？","フランス語","サンジェルマンのルイ14世, 造園ーフランス","",""
"629.235","13-4","ヴェルサイユ宮殿庭園ガイド　ー見学ガイドと装飾彫刻一覧","シモーヌ・オーグ 著","Editions d'Art Lys (Versailles)","1999","","造園ーフランス","",""
"629.235","13-4","A History of the Gardens of Versailles","Michel Baridon  (; translated by Adrienne Mason)","PENN: University of Pennsylvania Press","2008","英語","ベルサイユ庭園の歴史, 造園ーフランス","",""
"629.235","13-4","Le Nôtre - L'Art des Jardins à la Française","Richard Roudaut","Parangon","2000","フランス語","ISBN: 2841900347
ル・ノートル : フランス庭園の芸術","",""
"629.235","13-4"," L'univers de Le Nostre","Thierry Mariage","Mardaga Pierre","1990","フランス語","ISBN:2870093942","",""
"629.235","13-4","Le Nôtre","Bernard Jeannel","F. Hazan","1985","フランス語","ISBN:2850250872
Collection Architecture（ISSN:0762-4646）","",""
"629.235","13-4","Le Parc de Versailles. Promenades dans un merveilleux château de verdure","Guy Degos","Souffles","1989","フランス語","ISBN:2876580489","",""
"629.235","13-4","Bulletin des Amis du Vieux Saint-Germain, n゜ 38 : André Lenôtre (1613-1700). Art et Science des jardins et de la terrasse de Saint-Germain","Société d’Art et d’Histoire de Saint-Germain-en-Laye ","Société d’Art et d’Histoire de Saint-Germain-en-Laye ","2001","フランス語、雑誌","特集：アンドレ・ルノートル（1613-1700）。サンジェルマンの庭園とテラスの芸術と科学, 造園ーフランス","",""
"629.235","13-4","Portrait d'un homme heureux : André Le Nôtre 1613-1700","Erik Orsenna de L'Académie française","Gallimard","2000","フランス語","造園ーフランス","",""
"629.235","13-4","L'art de vivre dans les châteaux à la Renaissance ","Francine Thieffry de Witte / Hervé Champollion","Ouest France","2000","フランス語","ルネサンス時代の城での生活, 造園ーフランス","",""
"523.35","13-4","ヴェルサイユの歴史      (文庫クセジュ)","リュック・ブノワ(Benoist, Luc) 著,  瀧川 好庸, 倉田 清 訳","白水社","1999.3","","原タイトル: Histoire de Versailles , 造園ーフランス","",""
"293.5","13-4","ヴェルサイユ春秋","村松 嘉津 著","創元社","1957","","原タイトル: Les Saisons de Versailles , 造園ーフランス","",""
"702.05","13-4","ヴェルサイユの詩学 : バロックとは何か","フィリップ・ボーサン(Beaussant, Philippe) 著,  藤井 康生 訳","平凡社","1986.4","","原タイトル: Versailles,opéra , 造園ーフランス","",""
"288.4935","13-4","庭師が語るヴェルサイユ","アラン･バラトン(Baraton, Alain)著、鳥取　絹子　訳","原書房","2014.3","","原ﾀｲﾄﾙ: LE JARDINIER DE VERSAILLES ","",""
"235.05 ","13-4","ルイ14世 : 作られる太陽王","ピーター・バーク (Burke, Peter, 1937-) 著, 石井 三記 訳","名古屋大学出版会","2004","","原タイトル: The fabrication of Louis 14, 
造園ーフランス","",""
"","","","","","","","","",""
"235","13-4","フランス文化と風景 上 ","ジャン・ロベール・ピット(Pitte, Jean-Robert) 著,  高橋 伸夫, 手塚 章 訳","東洋書林","1998.7","","原タイトル: Histoire du paysage français , 造園ーフランス","",""
"235","13-4","フランス文化と風景　下","ジャン・ロベール・ピット(Pitte, Jean-Robert) 著,  高橋 伸夫, 手塚 章 訳","東洋書林","1998.7","","原タイトル: Histoire du paysage français , 造園ーフランス","",""
"","","","","","","","","",""
"950.2","13-4","巴里文学散歩","村松 嘉津 著","白水社","1956","","","",""
"235.068","13-4","知の庭園 : 19世紀パリの空間装置","松浦 寿輝 著","筑摩書房","1998.12","","造園ーフランス","",""
"629.235","13-4","フランス庭園の旅 : 150の優雅と不思議      (コロナ・ブックス  130)","巖谷 國士 文・写真","平凡社","2006.12","","造園ーフランス","",""
"290.9","13-4","世界遺産を旅する : 地球の記録. 3 (フランス・スイス・イギリス・アイルランド)","","近畿日本ツーリスト","1997.7","","","",""
"293.509","13-4","フランス世界遺産の旅      (Shotor travel)","山田 和子 文,  21st Century Library 写真","小学館","2002.11","","造園ーフランス","",""
"709.35","13-4","フランス(1)　パリとその周辺（フランス西部）　（世界遺産ビジュアル ハンドブック 2）","小泉 澄夫 文･撮影,  NPO法人 世界遺産アカデミー 監修  　"," ‎ 毎日コミュニケーションズ","2007.9","","","",""
"629.235","13-4","Fruits en Majesté : le Potager du roi   (Museumsführer)","la Société régionale d'horticulture de Montreuil,  la Ville d'Hirosaki
","Lume","2004","フランス語","威厳ある果実 : 王の菜園, 造園ーフランス","",""
"518.85","13-4","Concerning town planning / by Le Corbusier [pseud.] ; Tr. by Clive Entwistle from the French Propos d'urbanisme.","by Le Corbusier, Translated by Clive Entwistle","Architectural Press (London)","1947","英語","Le Corbusier, 1887-1965","",""
"525.1","13-4","モデュロール : (黄金尺)
Le Modulor : (Mesure d'Or) ","ル・コルビュジェ(Le Corbusier)著, 吉阪 隆正 訳, 国際建築協会 編","美術出版社","1953","","Le Corbusier, 1887-1965,
別ﾀｲﾄﾙ: モデュロ－ル: (黄金尺) 建築および機械のすべてに利用し得る調和した尺度についての小論
","",""
"950","13-4","フランス文学にあらわれた動植物の研究","中平 解 著","白水社","1981.3","","造園ーフランス","",""
"953.5","13-4","ペロー昔話・寓話集","シャルル・ペロー (Charles Perrault, 1628-1703 ) 著, 末松永 海子 訳、絵：エヴァ・フラントヴァー","西村書店","2008.11","","原タイトル: Francouzske pohadky a bajky","",""
"","","","","","","","","",""
"","","","","","","","","",""
"629.234","13-5","Tuinen in Nederland","fotografie, Marijke Heuff ; tekstredactie, Arend Jan van der Horst.","Nederlandse Tuinenstichting","1982","オランダ語","ISBN: 9062554482
「オランダの庭園」, 造園－中欧","",""
"629.2359","13-5","Vlaamse Begijnhoven Werelderfgoed","Suzanne van Aerschot & Michiel Heirman","Davidsfonds/Leuven","2001","オランダ語","フランドルのベギン会修道院世界遺産","",""
"293.59","13-5","オランダ・ベルギー物語","勝井 規和 写真, 勝井 悦子 文","グラフィック社","1989.11","","造園－中欧","",""
"910.268 ","13-5","司馬遼太郎の風景　５ 「オランダ紀行」　　（NHKスペシャル）","NHK「街道をゆく」プロジェクト","日本放送出版協会","1998.12","","造園－中欧","",""
"","","","","","","","","",""
"234.7","13-5","A Brief History of Hungary with 62 Pictures in Colour","Text: Heirs of Isn Lazar, Translation: Christopher Sullivan","Stadium Printing house / Corvina","2001","英語","ISBN: 9631349748,　造園－東欧, ハンガリー","",""
"234.7","13-5","A gödöllői kastély évszázadai ","Varga Kálmán ","Műemlékek Állami Gondnoksága (Budapest)","2000","ハンガリー語","ゴデル城の数世紀, ,　造園－東欧","",""
"293.47","13-5","A Gödöllői kastély / The Palace of Godollo / Das schloss von Godollo / Le Chateau de Godollo","Faludi Ildikó","K & S","","ハンガリー語?","ゲデル城（ハンガリー),　造園－東欧","",""
"293.47","13-5","A Gödöllői Királyi Kastélymúzeum","Faludi Ildikó
Kresz Albert","Gödöllői Királyi Kastélymúzeum Közhasznú Társaság","","ハンガリー語、英語、フランス語、ドイツ語","ゲデレー宮殿 (ハンガリー),　造園－東欧
ISBN:9630354144
第4版","",""
"293.47","13-5","Festetics castle Keszthely","Ferenc Batári
Antal Csendes
Margit Cserny
Dr. Miklós Füzes
Dr. Károly Sági","the Helikon Castle Museum","","英語","ハンガリーのケストヘイにあるフェシュテティッチ宮殿, 　造園－東欧","",""
"293.47","13-5","Hévíz und Umgebung"," Endre Szántó"," Nereus Kiadoi Bt.","1996","ドイツ語語","ヘーヴィーズ（湖）とその周辺 (ハンガリー),　造園－東欧","",""
"293.47","13-5","Guide to Gödöllő","**","Town Museum of Gödöllő","1995","英語","ゲデレー (ハンガリー、ペシュト県の都市),　造園－東欧
ISBN:9630451468","",""
"293.47","13-5","Királyi és hercegi kertek Magyarországon Eszterháza, Gödöllő, Keszthely, Visegrád 　(Principal Gardens of Hungary) (This book was published for the international meeting of the ICOMOS-IFLA)"," Gabor Alfoldy","Szent Istvan University, Department of Landscape Arts and Magus Publishing Ltd.","2001","ハンガリー語","ハンガリーの王室と貴族の庭園　エステルハーザ、ゴデルー、ケストヘイ、ヴィシェグラード,　造園－東欧","",""
"629.2347","13-5","Schlösser in Ungarn","Text: Balázs Dercsényi / fotos: Gábor Hegyi","Kossuth Officina Nova","1990","ドイツ語","ハンガリーの城","",""
"234.7","13-5","ハプスブルクとハンガリー","H.バラージュ・エーヴァ(Balázs, Éva H) [著],  渡邊 昭子,  岩崎 周一 訳","成文社(横浜)","2003.7","","原タイトル: Becs es Pest-Buda a regi szazadvegen 1765-1800 ","",""
"","","","","","","","","",""
"293.49","13-5","Poland","Wojciech Gielzynski (Introduction), Jerry Kostrowicki (Author),  Irena Kostrowicki (Author), Peter Martin (Translator) ","Arkady","2000","英語","ポーランド（写真集）,　造園－東欧","",""
"293.48","13-5","Album Prague ","**","Casa Editrice Perseus - Plurigraf collection","2006","英語","チェコのプラハのアルバム ,　造園－東欧","",""
"293.48","13-5","Karlštejn Castle : landmark in the heart of Bohemia     (Euro Tour)","author: Dr. Naděžda Kubů,  English translation: Birgit Helen Beile, Münster","RV Verlag","1993","","ISBN: 3575260834
カルルシュテイン城(チェコのプラハ南西),　造園－東欧
","",""
"","","","","","","","","",""
"293.894","13-5","Souvenir Guide Book  Bergen","Text : Jac Brun","Mittet & Co.  /  Normanns Kunstforlag","19--","英語","ベルゲン（ノルウェー）観光ガイド, 造園－北欧","",""
"293.894","13-5","Norske hager og parker","veileder til nordisk landskapsarkitektur, norsk del ; foto, Ingrid Haukeland","Norske landskapsarkitekters forening(NLA) : Landbruksforlaget","1990","ノルウェー語","[ノルウェーの庭園と公園], 造園－北欧
ISBN: 8252913504
","",""
"293.894","13-5","Internasjonale strøminger i hagekunsten : Parken og hagen på Bogstad restaureres   -Foredragene ved seminaret Bogstad 2005-","**"," Bogstad stiftselse","2005","ノルウェー語","庭園芸術における国際的な潮流: ボグスタッドの公園と, ノルウェーのオスロのヴェストレアーケル地区にある歴史的なマナーハウス, 造園－北欧","",""
"293.894","13-5","Parken og hagen på Bogstad : til nytte og behag","Madeleine von Essen
Knut Langeland","Bogstad gårds venneforening","2002","ノルウェー語","ボグスタッドの公園と庭園: 利用と楽しみのため, ノルウェーのオスロのヴェストレアーケル地区にある歴史的なマナーハウス, 造園－北欧
ISBN:8299389348 ","",""
"","","","","","","","","",""
"","","","","","","","","",""
"","","","","","","","","",""
"235","13-6","フランス史　（新版　世界各国史　12）","福井 憲彦 編","山川出版社","2001.8","","","",""
"235","13-6","フランス史  １ 中世. 上","ミシュレ(Michelet, Jules, 1798-1874), 大野 一道, 立川 孝一  監修, 責任編集：立川　孝一, 真野　倫平","藤原書店","2010.4","","原タイトル: Histoire de France","",""
"235","13-6","フランス史  ２ 中世. 下","ミシュレ(Michelet, Jules, 1798-1874), 大野 一道, 立川 孝一  監修, 責任編集：立川　孝一, 真野　倫平","藤原書店","2010.5","","原タイトル: Histoire de France","",""
"235","13-6","フランス史  ３ 16世紀 : ルネサンス","ミシュレ(Michelet, Jules, 1798-1874), 大野 一道, 立川 孝一  監修, 責任編集：立川　孝一, 真野　倫平","藤原書店","2010.12","","原タイトル: Histoire de France","",""
"235","13-6","フランス史  ４ 17世紀 : ルイ14世の世紀","ミシュレ(Michelet, Jules, 1798-1874), 大野 一道, 立川 孝一  監修, 責任編集：大野 一道, 金光 仁三郎","藤原書店","2010.12","","原タイトル: Histoire de France","",""
"235","13-6","フランス史  ５ 18世紀 : ヴェルサイユの時代","ミシュレ(Michelet, Jules, 1798-1874), 大野 一道, 立川 孝一  監修, 責任編集：大野 一道, 小井戸 光彦, 立川 孝一","藤原書店","2011.3","","原タイトル: Histoire de France","",""
"235","13-6","フランス文化史 = France, culture vivante ","ジャック・ル・ゴフ(Le Goff, Jacques), ピエール・ジャンナン(Jeannin, Pierre), アルベール・ソブール (Soboul, Albet) , クロード・メトラ 著, 桐村 泰次 訳","論創社","2012.8","","原タイトル: France,culture vivante","",""
"","","","","","","","","",""
"","","","","","","","","",""
"293.5","13-6","フランスの都市　改訂版","高橋 伸夫 著","二宮書店","1987.4","","書誌注記: フランスの都市に関する主要な文献: p137～141
","",""
"210.6","13-6","都市空間の社会史 日本とフランス","中野 隆生 編","山川出版社","2004.5","","","",""
"","","","","","","","","",""
"517.2353","13-6","セーヌに浮かぶパリ","尾田 栄章 著","東京図書出版会","2005.2","","新装版","",""
"235.3","13-6","物語パリの歴史 : 「芸術と文化の都」の2000年      (中公新書  2658)","福井 憲彦 著","中央公論新社","2021.8","","","",""
"518.8","13-6","誰がパリをつくったか　（朝日選書）","宇田 英男 著","朝日新聞社","1994.5","","","",""
"606.9","13-6","絶景、パリ万国博覧会　ーサン＝シモンの鉄の夢","鹿島 茂 著","河出書房新社","1992.12","","折り込図2枚","",""
"518.8","13-6","パリ再開発大プロジェクト　 ”Connaissance des Arts”　特別号  日本語版","Societe Francaise de Promotion Artistique (Paris)","ISTRA　    
","1990","日本語","","",""
"952.7","13-6","王は踊る　　","アンドレ･コルビオ (Corbiau, Andrée), ジェラール･コルビオ(Corbiau, Gérard), エーヴ･ド・カストロ (Castro, Éve de)著, 鈴木 美穂 訳","白水社","2001.7","","原タイトル: Le Roi danse ","",""
"293.509 ","13-6","ル・ノートルを1ダース : パリと近郊の美しい庭園を訪ねて","西岡 真理 著","文芸社","2005.4","","造園ーフランス","",""
"","","","","","","","","",""
"","","","","","","","","",""
"629.236","14-2","Jardines Réales de Espana  /  Royal Gardens of Spain"," José Luis. SANCHO　","REdiciones Aldeasa","2006","スペイン語・英語","スペイン王立庭園","",""
"629.236","14-2","Jardines artísticos de España : Monumentos, Tesoros y Lugares"," Carmen Añón,  Mónica Luengo,  Ana Luengo","Espasa Calpe","1995","スペイン語","スペインの芸術的な庭園 : 記念碑、宝物、場所","",""
"629.236","14-2","Los jardines de Granada","Francisco Prieto-Moreno","Dirección General de Bellas Artes, Ministerio de Educacíon y Ciencia, [Patronato Nacional de Museos ","1983","スペイン語","グラナダの庭園","",""
"629.236","14-2","Jardins en Espagne"," Carmen Anon Feliu ","Actes Sud","1999","フランス語","スペインの庭園, 造園ースペイン","",""
"629.236","14-2","Jardines de España      (Lunwerg Medium)","Carmen Añón, Ana Luengo,  Mónica Luengo","Lunwerg Editores","2010","スペイン語"," ISBN-10 ‏ : ‎ 8497856236, 
造園ースペイン","",""
"629.236","14-2","La Granja de San Ildefonso ","Jose Luis Sancho","DOCE CALLES","2000","スペイン語","ラ・グランハ・デ・サン・イルデフォンソの庭園（スペイン）, 
造園ースペイン","",""
"629.236","14-2","Estella panorama      (Panorama (Pamplona, Spain), núm. 21)","Javier Itúrbide Díaz","Dirección General de Cultura-Institución Príncipe de Viana del Departamento de Educación y Cultura","1993","スペイン語","ISBN: 842351496X, 造園ースペイン
Subject: Estella (Spain) Description and travel, History","",""
"629.236","14-2","Guía : Real Sitio de Aranjuez / Royal estate of Aranjuez","José Luis Sancho","Reales Sitios de Espana / Patrimonio Nacional","2002","スペイン語","アランフェス王立遺跡, 造園ースペイン
ISBN: 8471203286","",""
"629.236","14-2","Jardines y Parques Artísticos e Históricos Españoles","","Turespaña","2002","スペイン語","スペイン観光協会, 造園ースペイン","",""
"293.6","14-2","現代アルハンブラ物語 : ワシントン・アービングの夢と現実","大塚 勝弘 著","リフレ出版","2008.1","スペイン語","ISBN: 8496406067, 造園ースペイン","",""
"629.236","14-2","グラナダのアルハンブラ　（日本語版）","写真 Lluís Casals ; 本文 Félix Bayón","Triangle　Postals","2000","16cm","原タイトル: La Alhambra de Granada / fotografías de Lluís Casals ; textos de Félix Bayón, 
造園ースペイン","",""
"629.236","14-2","Park Güell, Gaudí's utopia","José María Carandell; Pere Vivas Ortiz","Triangle Postals","1998","","造園ースペイン","",""
"523.36","14-2","アントニオ・ガウディ","栗田 勇 著","PARCO出版局","1986.5","","新装版
Gaudí, Antoni, 1852-1926, 造園ースペイン","",""
"236","14-2","スペイン史 1 古代～近世　    (世界歴史大系)","関 哲行, 立石 博高, 中塚 次郎 編","山川出版社","2008.7","","函あり","",""
"302.36","14-2","スペイン : 気分はいつもエスパーニャ （ヨーロッパ・カルチャーガイド ６）","ECG編集室 編","トラベルジャーナル","1997.9","","","",""
"","","","","","","","","",""
"","","","","","","","","",""
"629.2369","14-2","Jardins de Portugal","Cristina Castel-Branco","CTT Correios de Portugal","2014","ポルトガル語","ISBN: 9789728968571, 造園ーポルトガル
","",""
"629.2369","14-2","Queluz : The Palace and Garden","Maria Ines Ferro","Scala Books","2002","英語","ケルス：（ポルトガル王室の）宮殿と庭園, 造園ーポルトガル","",""
"629.2369","14-2","Quinta da Regaleira : Sintra Portugal","Eduardo Geada","Cultursintra Foundation (Sintra)","1998","ポルトガル語","キンタ・ダ・レガイラ (ポルトガルの宮殿): シントラ市, 
造園ーポルトガル","",""
"629.2369","14-2","Conimbriga: guide to the ruins","Virgílio Hipólito Correia","Instituto Português de Museus","2006","英語","コニンブリガ考古遺跡（ポルトガル コインブラ）：遺跡ガイド, 
造園ーポルトガル","",""
"629.2369","14-2","The Palace and Gardens of Fronteira : Seventeenth & Eighteenth Century Portuguese Style"," Jose Cassiano Neves; et al.","Scala Books","1995","英語","フロンテイラ宮殿と庭園（リスボン） : 17 世紀と 18 世紀のポルトガル様式, 
造園ーポルトガル","",""
"","","","","","","","","",""
"","","","","","","","","",""
"629.237","14-3","Gardens of Italy","Penelope Hobhouse","	Mitchell Beazley","1998","英語","イタリアの庭園","",""
"629.237","14-3","Palladio
（Art dossier ; No. 98）","Giandomenico Romanelli","Giunti","1995","イタリア語","イタリアの建築家アンドレーア・パッラーディオ（Andrea Palladio）について,  造園ーイタリア


ISBN:8809761944
Art dossier ; No. 98号","",""
"518.85","14-3","南欧の広場
Plazas Southern Europe","加藤 晃規 著","（株）プロセス アーキテクチュア","1990.1","","ISBN: 4-89331-703-2, 改訂版","",""
"629.237","14-3","Ville e Giardini Italiani: i disegni di architetti e paesaggisti dell’American Academy in Rome ","Vincenzo Cazzato","Libreria Dello Stato","2004","イタリア語","イタリアの別荘と庭園","",""
"629.237","14-3","The Gardens at San Lorenzo in Piacenza, 1656-1665 : A Manuscript Planting Noteboook with a Study, Transcription, and Translation
","Ada V. Segre","Dumbarton Oaks (Research Library and Collection)","2006","英語","サン・ロレンツォ庭園(イタリア、ピアチェンツァ県）","",""
"629.237","14-3","The Garden at Bomarzo : A Renaissance Riddle ","Jessie Sheeler","France Kubcikb Kunuted","2007","英語","ボマルツォ（イタリア）の庭園 : ルネッサンスの謎","",""
"629.237","14-3","Green Delights: The villas, gardens and historic parks belonging to the City of Rome","Alberta Campitelli","De Luca Editori D'Art","2005","英語","緑の楽園：ローマ市に属する別荘、庭園、歴史的公園, 造園ーイタリア","",""
"629.237","14-3","Le Isole Borromeo e la Rocca di Angera : Guida storico-artistica","Mauro Natale","Silvana Editoriale","2000","イタリア語"," 造園ーイタリア

","",""
"629.237","14-3","I giarcini della Riviera del Brenta : Studi e catalogazione delle architetture vegetali ","a cura di Giuseppe Rallo","Marsilio Editori","1995","イタリア語","ブレンタ リビエラの庭園: 植物構造の研究とカタログ化, 造園ーイタリア","",""
"629.237","14-3","Giardini e ville del lago Maggiore : un paesaggio culturale tra Ottocento e Novecento","a cura di Renata Lodari","Centro Studi Piemontesi / Museo del l'aesaggio","2002","イタリア語","ISBN: 8882620271
マッジョーレ湖の庭園と別荘: 19 世紀から 20 世紀の文化的景観, 造園ーイタリア
","",""
"629.237","14-3","Isola Madre - lago Maggiore  - guida al giardino botanico "," Edizioni Reggiori"," Edizioni Reggiori","","イタリア語","マードレ島 - マッジョーレ湖 - 植物園のガイド,  造園ーイタリア

","",""
"629.237","14-3","Il giardino e il lago : Specchi d'acqua fra illusione e realtà.  Conoscenza e valorizzazione del paesaggio lacustre in Italia e in Europa","Renata Lodari","Gangemi Editore","2007","イタリア語","庭園と湖 : 幻想と現実の間の水鏡
ISBN: 9788849213003","",""
"629.237","14-3","Gardens of Tuscany ","photographs by Massimo Listri.","Pagliai Polistampa","2007","英語","ISBN: 9788859601845
include 1 peace of map,  造園ーイタリア

","",""
"629.237","14-3","Toscana restituita ","Mariella Zoppi, Niccolò. Orsi Battaglini","Scala, Firenze","2007","イタリア語","ISBN: 8881170469
Antiquities
Subject:Historic buildings Conservation and restoration,  造園ーイタリア

","",""
"629.237","14-3","トスカーナの庭園　（日本におけるイタリア2001：イタリア大使館によって紹介された書）","Massimo Piccione, Annalisa Fineschi、日本語版校閲：田辺 陽子","Edifir　Edizioni Firenze","2001","日本語"," 造園ーイタリア

","",""
"629.237","14-3","Giardini di Toscana","Clarke & Bencini","RCS /	Rizzoli?","1990","イタリア語","トスカーナの庭園,  造園ーイタリア

","",""
"629.237","14-3","Guide to the Botanic Gardens of Villa Taranto","Text:Sandro Chierichetti","Grafiche Reggiori","","英語","ヴィラ ターラント（イタリア）の植物園ガイド,  造園ーイタリア

","",""
"629.237","14-3","VILLA TARANTO. Il Giardino del Capitano McEacharn."," Carola Lodari, Marco Capovilla ","Umberto Allemandi & Co","1990","イタリア語","ISBN:8842202894
ヴィラ ターラント:キャプテン マカーンの庭園,  造園ーイタリア

","",""
"","","","","","","","","",""
"629.237","14-3","Ville e giardini del Lago di Como","testi: Donata Vittani ; progetto grafico: Break Point ","Enzo Pifferi Editore","2007","イタリア語","ISBN: 8888174702
仮訳：コモ湖のヴィラと庭園,  造園ーイタリア

","",""
"629.237","14-3","Lago Como : un Viaggio di Nelle Emozioni / 
Lake Como : A Journey into the Emotions","Giorgio Carradori / Eurolanguages Sas","Nous Srl","2006","イタリア語・英語","コモ湖（イタリア）：感動的な旅,  造園ーイタリア

","",""
"","","","","","","","","",""
"629.237","14-3","Villa D’Este : Tivoli - Villa Gregoriana - Hadrian’sVilla      (new guide illustrated in colour)","testo: M.A. Bonaventura","editrice lozzi","","イタリア語","エステ家別荘(イタリア、ティヴォリ),  造園ーイタリア

","",""
"629.237","14-3","Gaetano Genovese e il suo tempo","Rosa Anna Genovese","Edizioni Scientifiche Italiane","2000","イタリア語","ISBN: 8881149729,  造園ーイタリア


","",""
"","","","","","","","","",""
"","","","","","","","","",""
"","","","","","","","","",""
"629.237","14-4","A guide to Villa Gamberaia ","Mariachiara Pozzana","Edizioni Polistampa","1999.1","イタリア語","ｶﾞﾝﾍﾞﾗｲｱ邸(ｲﾀﾘｱ, ﾌｨﾚﾝﾂｪ)ｶﾞｲﾄﾞ,  造園ーイタリア

","",""
"629.237","14-4","Le gemme del Lago Maggiore","","Giorgio Gnemmi","","イタリア語","マッジョーレ湖の宝石,  造園ーイタリア

","",""
"629.237","14-4","Oscar Tintori","**","Pacini Editore Pisa","","英語/ドイツ語","Oscar Tintoriレモン農園（イタリア、トスカーナ）ガイド","",""
"629.237","14-4","Biella Novara Verbano Cusio ossola : Il Lago Maggiore le sue Valli I suoi Fiori","**","Fiori Tipici Lago Maggiore","","イタリア語","ビエッラ・ノヴァーラ(鉄道)  ヴェルバーノ・クジオ・オッソラ県: マッジョーレ湖、その渓谷、その花,  造園ーイタリア

","",""
"629.237","14-4","Discovering the lakes, mountains and valleys / Scoprire I Laghi, I Monti e le Valli","**","Distretto Turistico dei Laghi","","英語/イタリア語？"," 造園ーイタリア

","",""
"629.237","14-4","I giardini di Villa Pisani : nelle incisioni del Ransonnette","Giampaolo Bonollo
Mr.Formenton","Medoacus","1993","イタリア語","ヴィラピサニ（ピサーニ庭園）,  造園ーイタリア

","",""
"629.237","14-4","La citta di Cino: Piccola guida del centro storico di Pistoia/ The City of Cino: A little guide to the historical centre of Pistoia","Alberto Cipriani 著
Nedo Ferrari 画 ","Provincia di Pistoia","1995","イタリア語・英語","造園ーイタリア","",""
"629.237","14-4","La Porta San Donato nelle mura di Lucca","Gilberto Bedini, Roberta Martinelli, Giuliana Puccinelli","Maria Pacini Fazzi editore","1988","イタリア語","Subject: Buildings, City walls Italy Lucca,  造園ーイタリア

","",""
"629.237","14-4","Pienza and Surroundings","M. Mangiavacchi, D. Pasqui and F.Pellegrini"," Pama Graphicolor","1900年代","","Subject: Pienza (Italy) Description and travel,  造園ーイタリア

","",""
"629.237","14-4","Stift Melk","Burkhard Ellegast OSB,  ernst Bruckmuller","Stift Melk","1991","英語","メルク教会ガイド,  造園ーイタリア

","",""
"629.237","14-4","I giardini di Villa Melzi. Bellagio","Enzo Pifferi ","Enzo Pifferi editore","2004","イタリア語","コモ湖のヴィラメルツィ庭園,  造園ーイタリア


ISBN:8888174583","",""
"629.237","14-4","Editoria e Giardini Catalogo ‛06
6a Rassegna di Editoria italiana e straniera sul giardino","**","Comune di Verbania","2006","イタリア語","マッジョーレ湖の庭園に特化して開催されるブックフェアのカタログ,  造園ーイタリア

","",""
"523.37 ","14-4","イタリアのヴィラと庭園","P.ファン・デル・レー(Ree, Paul van der),  G.スミンク(Smienk, Gerrit),  C.ステーンベルヘン(Steenbergen, Clemens) 共著, 野口昌夫 訳","鹿島出版会","1997.12","","原タイトル: Italian villas and gardens, 
造園ーイタリア

","",""
"523.37 ","14-4","ボーボリ庭園","リッタ・メドリ,ジョルジョ・ガッレッティ 著
中嶋浩郎 訳","sillabe","1998","","ISBN:8886392729
日本語公認ガイドブック,  造園ーイタリア

","",""
"702.37 ","14-4","イタリア・バロック : 美術と建築　（世界歴史の旅）","宮下 規久朗 著","山川出版社","2006.11",""," 造園ーイタリア

","",""
"629.237","14-4","イタリア庭園の旅 : 100の悦楽と不思議      (コロナ・ブックス  78)","巖谷 國士 文・写真","平凡社","2000.3","","造園ーイタリア","",""
"","","","","","","","","",""
"945.6","14-4","イタリア紀行　上・中・下     (岩波文庫)","ゲーテ (Goethe, Johann Wolfgang von, 1749-1832) 著, 相良 守峯 訳","岩波書店","1942","","原タイトル: Italienische Reise, 
","",""
"237","14-4","イタリア史　（新版　世界各国史　15）","北原 敦 編","山川出版社","2000.8","","","",""
"237","14-4","ローマの泉の物語      (集英社新書)","竹山 博英 著","集英社","2004.8","","造園ーイタリア","",""
"237","14-4","ヴェネツィアと水 : 環境と人間の歴史","ピエロ・ベヴィラックワ (Bevilacqua, Piero, 1944-)著, 北村 暁夫 訳","岩波書店","2008.8","","原タイトル: Venezia e le acque, 
造園ーイタリア","",""
"237 ","14-4","ヴェネツィア帝国への旅","ジャン・モリス (Morris, Jan, 1926-) , 椋田 直子 訳","東京書籍","2001.8","","原タイトル: The Venetian Empire","",""
"702.37","14-4","レオナルド・ダ・ヴィンチ : 芸術と科学を越境する旅人","マーティン・ケンプ (Kemp, Martin) 著, 藤原 えりみ 訳","大月書店","2006.11","","原タイトル: Leonardo","",""
"507.1","14-4","ダ・ヴィンチ天才の仕事 : 発明スケッチ32枚を完全復元","ドメニコ・ロレンツァ (Laurenza, Domenico),  マリオ・タッディ (Taddei, Mario),  エドアルド・ザノン (Zanon, Edoardo)","二見書房","2007.5","","原タイトル: Le macchine di Leonardo","",""
"702.37","14-4","レオナルド・ダ・ヴィンチ : 肖像画　（ART DOSSIER）","カルロ・ペドレッティ (Pedretti, Carlo), アンドレ・シャステル, パオロ・ガルッツィ 著, 柱本 元彦 訳","GIUNTI (イタリア)","1999","","","",""
"","","","","","","","","",""
"","","","","","","","","",""
"629.272","14-5","イラン庭園（新しい風景の古代の知恵）　（ペルシャ語仮訳）","","テヘラン現代美術館（イラン）","2013?","ペルシャ語","2013年秋､テヘラン現代美術館で開催された「イランの庭園：古代の知恵、新たな視点」展の際出版された。イランの17の重要な庭園を紹介, 
造園ー中東","",""
"629.263","14-5","Persian Gardens and Garden Pavilions  2nd ed","by Donald Newton Wilber","Dumbarton Oaks Trustees for Harvard University","1979","英語","ISBN: 0884020827, 
造園ー中東","",""
"629.263","14-5","Gardens of Persia","Penelope Hobhouse ; edited by Erica Hunningher ; photography by Jerry Harpur","Kales Press","2006","英語","ISBN: 0967007666, 
造園ー中東","",""
"629.274","14-5","TÜBA - KED : Türkiye Bilimler Akademisi Kültür Envanteri Dergisi ","Türkiye bilimler akademisi","Türkiye Bilimler Akademisi, Istanbul","2010.9","トルコ語・英語","TÜBA-KED : トルコ科学文化アカデミー雑誌, 
造園ー中東","",""
"629.274","14-5","Where to go in  Istanbol","Ibrahim Uslu","Istanbul Metropolitan Municipaliity 
","2006","英語","イスタンブール案内、トルコ, 
造園ー中東","",""
"629.22","14-5","楽園のデザイン : イスラムの庭園文化","ジョン・ブルックス(Brookes, John)[著],  神谷 武夫訳","鹿島出版会 ","1989.6","","別タイトル: Gardens of paradise : the history and design of the great Islamic gardens
２冊","",""
"522.6","14-5","イスラムの造景文化","岡崎 文彬 著","同朋舎出版(京都)","1988.5","","ISBN: 4-8104-0697-0","",""
"","","","","","","","","",""
"629.221","14-5","Thai Garden Style","photographed by Luca Invernizzi Tettoni ; text by William Warren","Periplus Editions","1996","英語","ISBN: 9625931376
Gardens--Thailand--Pictorial works.
","",""
"292.3709","14-5","National Parks of Thailand ","Denis Gray,Collin Piprell,Mark Graham","IFCT:	Industrial Finance Corporation of Thailand","1991","英語","タイの国立公園","",""
"225.99","14-5","Monumental Bali : introduction to Balinese archaeology & guide to the monuments ","A.J. Bernet Kempers","Periplus Editions","1991","英語","ISBN: 0945971168
","",""
"225.99","14-5","The cultural triangle of Sri Lanka","*****","UNESCO Publishing & CCF(Central Cultural Fund)","1993","英語","ISBN: 923102874X (UESCO)
           9556130462 (CCF)","",""
"629.220","14-5","Trails to Tropical Treasures : a tour of ASEAN's Cultural Heritage","Trails to Tropical Treasures","World Monuments","1992","","ISBN: 0962793116","",""
"722.55","14-5","Garden & cosmos : the royal paintings of Jodhpur","[edited by] Debra Diamond, Catherine Glynn, and Karni Singh Jasol ; with contributions by Jason Freitag and Rahul Jain","Thames & Hudson / Smithsonian Institution","2008","マールワーリー語 or ヒンディー語。","ISBN: 978-0-500-51443-6,
Catalog of the exhibition held at the Arthur M. Sackler Gallery, Oct.11, 2008-Jan.4, 2009; Seatte Art Museum, Jan.29-Apr.26, 2009; British Museum, May 28-Aug.23, 2009; National Museum of India, Nov., 2009.    ジョードプル(英語: Jodhpur)はインドのラージャスターン州の都市。","",""
"","","","","","","","","",""
"","","","","","","","","",""
"230","14-6","ローマ亡き後の地中海世界　上","塩野 七生 著","新潮社","2008.12","","","",""
"230","14-6","ローマ亡き後の地中海世界　下","塩野 七生 著","新潮社","2009.1","","","",""
"232","14-6","ローマ世界の終焉　（ローマ人の物語　15）","塩野 七生 著","新潮社","2006.12","","","",""
"232","14-6","すべての道はローマに通ず（ローマ人の物語　10）","塩野 七生 著","新潮社","2001.12","","","",""
"232","14-6","ローマ人の物語　11　終わりの始まり","塩野 七生 著","新潮社","2002.12","","","",""
"232","14-6","ローマ人の物語　12　迷走する帝国","塩野 七生 著","新潮社","2003.12","","","",""
"237","14-6","イタリア遺聞","塩野 七生 著","新潮社","1982.7","","","",""
"232 ","14-6","ローマから日本が見える","塩野 七生 著","集英社インターナショナル","2005.6","","「痛快!ローマ学」 (2002年刊) の改稿","",""
"237","14-6","イタリア  (読んで旅する世界の歴史と文化)","河島 英昭 監修","新潮社","1993.9","","","",""
"237","14-6","一冊でわかるイタリア史  : 世界と日本がわかる国ぐにの歴史","北原 敦　監修","河出書房新社","2020.5","","","",""
"237","14-6","フィレンツェ史","F・グイッチャルディーニ (Guicciardini, Francesco, 1483-1540) 著, 末吉 孝州 訳","太陽出版","1999.3","","原タイトル: Storie fiorentine","",""
"232","14-6","ローマはなぜ滅んだか　（講談社現代新書）","弓削  達 著","講談社","1989.10","","","",""
"237","14-6","イタリア貴族養成講座 : 本物のセレブリティとは何か      (集英社新書)","彌勒 忠史 著","集英社","2008.6","","","",""
"","","","","","","","","",""
"","","","","","","","","",""
"519.8","15-2","国土と都市の造形　","クリストファー・ターナード (Tunnard, Christopher), ボリス・プシュカレフ (Pushkarev, Boris Sergeevich, 1929-) 共著, 鈴木 忠義 訳編","鹿島研究所出版会","1968","","原タイトル: Man-Made America: Chaos or Control?","",""
"629.253","15-2","From Milestones to Mile-Markers : Understanding Historic Roads","written by Paul Daniel Marriott  ; prepared for America's Byways Resource Center","National Trust for Historic Preservation","2004","英語","","",""
"629.453","15-2","アメリカの国立公園 : 自然保護運動と公園政策","上岡 克己","築地書館","2002.12","","","",""
"723.53","15-2","自然と文化 : アメリカの風景と絵画1825-1875","B.ノヴァック (Novak, Barbara) 著, 黒沢 眞理子 訳","玉川大学出版部","2000.9","","原タイトル: Nature and culture. (rev. ed.)","",""
"361.78","15-2","都市という劇場 : アメリカン・シティ・ライフの再発見","W.H.ホワイト (Whyte, William H., 1917-1999) 著, 柿本 照夫 訳","日本経済新聞社","1994.6","","原タイトル: City","",""
"361.48","15-2","都市の文化","マンフォード(Mumford, Lewis) 著,  生田 勉 訳
","鹿島研究所出版会	","1974","","Mumford, Lewis, 1895-1990","",""
"","","","","","","","","",""
"295.394","15-2","誰も書かなかったアラスカ : フロンティアに生きる人々","ジョン・クー (Koo, John H, 1932-) 著, 村田 昭敏","サンケイ出版","1980.11","","","",""
"","","","","","","","","",""
"257.6","15-2","Managing the environment, managing ourselves : a history of American environmental policy","Richard N.L. Andrews","Yale University Press","1999","英語","ISBN: 0300073585 (cloth : alk. paper) ","",""
"251.1","15-2","The Northwest : Pacific Coast and Cascades","Bruce Brown  /  Gary Braasch ","Rizzoli International Publications","1988","英語","北西部：太平洋岸とカスケード山脈","",""
"261.3","15-2","Breve Historia de Los Jardines en Venezuela"," Leszek Zawisza "," ‎ Oscar Todmann Ediciones","1990","スペイン語","ベネズエラの庭園：略歴, 
造園－南アメリカ","",""
"257.6","15-2","Costa Rica   (Eyewitness Travel Guides)","Main Contributor: Christopher P. Baker ","Dorling Kindersley Ltd.","2005","英語","コスタリカ観光ガイド, 
造園－中央アメリカ","",""
"257.6","15-2","Costa Rica : mapa-guía de la naturaleza =  Costa Rica Nature Atlas Guidebook","Wilberth Herrera S. ; [translated from the Spanish by Sue Heringman].","Incafo Costa Ricca S.A.","2004","英語, スペイン語","ISBN: 8485389921, 
造園－中央アメリカ","",""
"","","","","","","","","",""
"355.3","15-2","アメリカ歴史統計　第1巻 (植民地時代～1970年 [1])","アメリカ合衆国商務省 編,  斎藤 真, 鳥居 泰彦 監訳","原書房","1986.8","","Historical statistics of the United States","",""
"355.3","15-2","アメリカ歴史統計　第2巻 (植民地時代～1970年 [2])","アメリカ合衆国商務省 編,  斎藤 真, 鳥居 泰彦 監訳","原書房","1986.10","","","",""
"355.3","15-2","アメリカ歴史統計　別巻　1971-1985年の主要統計＆全３巻総索引","アメリカ合衆国商務省 編,  斎藤 真, 鳥居 泰彦 監訳","原書房","1987.8","","","",""
"","","","","","","","","",""
"","","","","","","","","",""
"629.253","15-3","100 Years of Landscape Architecture: Some Patterns of a Century","Melanie Louise Simo","ASLA Press","1999","英語","ISBN: 1888931205
1900-1999 ASLA History, 函あり, 
造園－アメリカ","",""
"629.253","15-3","Pioneers of American Landscape Design : An Annotated Bibliography","Charles A. Birnbaum, Robin Karson","McGraw Hill","2000","英語","ISBN: 0071344209,
""A project of the Natoinal Park Service Historic Landscape Initiative, Library of American Landscape History, Catalog of Landscape Records in the United States at Wave Hill, Cultural Landscape Foundation."", 
造園－アメリカ","",""
"629.253","15-3","Profiles in Landscape Architecture","**","American Sciety of Landscape Architects","1992","英語","洋雑誌, 
造園－アメリカ","",""
"629.253","15-3","""Landscape architecture""  Vol.100, No.10  -Our Centennial Issue-","**","ASLA","2010.10","英語","洋雑誌, 
造園－アメリカ","",""
"629.253","15-3","Architects of the United States of America 1989/1990","**","Images Pub. Group","1989","","ISBN: 0958959870, 
造園－アメリカ","",""
"629.253","15-3","People, Places, Land and Life：Celebrating 100 Years of Landscape Architecture　（1999 ASLA Annual Meeting and Expo  On-Site Program）","**","ASLA","1999.9","英語","造園－アメリカ","",""
"629.253","15-3","Ferruccio Vitale : landscape architect of the country place era","R. Terry Schnadelbach ; foreword by Horace Havemeyer III","Princeton Architectural Press","2001","英語","ISBN: 1568982909
フェルッチョ・ヴィターレ: アメリカの忘れ去られた景観建築家, 造園―アメリカ","",""
"629.253","15-3","Beatrix Farrand's American Landscapes : her gardens and campuses  ","Diana Balmori, Diane Kostial McGuire, Eleanor M. McPeck","Sagapress","1985","英語","Farrand, Beatrix, 1872-1959, ベアトリクス・ファーランド（米国で活躍した女性造園家）, 
造園－アメリカ","",""
"629.253","15-3","The American Woman's Garden","Rosemary verey, Ellen Samuels"," Little, Brown","1984","英語","ISBN: 0821215809, 
造園－アメリカ","",""
"629.253","15-3","Gardening with Nature : How James van Sweden and Wolfgang Oehme plant slopes, meadows, outdoor rooms, and garden screens.","James van Sweden","Random House","1997","英語","ISBN: 0679429476 
Van Sweden, James, 1935-2013.
Subject: Natural gardens--United States., 
造園－アメリカ","",""
"629.253","15-3","Hidden Gardens of Beacon Hill","editors: Barbara W. Moore, Gail Weesner","Beacon Hill Garden Club","1987","英語","ビーコンヒル(アメリカ合衆国マサチューセッツ州ボストン市内にある地区）, 
造園－アメリカ","",""
"518.8","15-3","アメリカの都市と自然 : オルムステッドによるアメリカの環境計画      (The cities=new illustrated series)　","アルバート・ファイン(Fein, Albert) 著,  黒川 直樹 訳","井上書院","1983.9","","Olmsted, Frederick Law, 1822-1903,
原タイトル: Frederick Law Olmsted and the American environmental tradition, 
造園－アメリカ","",""
"629.253","15-3","フレデリック・ロー・オームステッド : その一生と業績 : アメリカにおける近代造園修景技術の発祥 : 首都ワシントンの計画と実現","佐藤 昌 著","日本造園修景協会","1980.4","","Olmsted, Frederick Law, 1822-1903, 
造園－アメリカ","",""
"629.253","15-3","見えない庭 : アメリカン・ランドスケープのモダニズムを求めて","ピーター・ウォーカー(Walker, Peter, 1932- ), メラニー・サイモ(Simo, Melanie Louise, 1949- ) 共著,  佐々木 葉二, 宮城 俊作 共訳","鹿島出版会","1997.6","","原タイトル: Invisible gardens , 
造園－アメリカ","",""
"629.253","15-3","アメリカン・ランドスケープの思想 : ランドスケープ・デザインを志す若人へのメッセージ","都田 徹, 中瀬 勲 共著","鹿島出版会","1991.11","","造園－アメリカ","",""
"930.29","15-3","アメリカ文学の〈自然〉を読む：ネイチャーライティングの世界へ 　（Minerva英米文学ライブラリー 2）","S.スロヴィック (Slovic, Scott, 1960-) 著, 野田 研一 編著","ミネルヴァ書房 (京都)","1996.7","","","",""
"518.8","15-3","オープンスペース : アメリカ都市の生命","オーガスト・ヘックシャ― (Heckscher, August, 1913-1997) 著, 佐藤 昌 訳","鹿島出版会","1981.2","","原タイトル: Open spaces, 
造園－アメリカ","",""
"","","","","","","","","",""
"253.82","15-3","Idaho Portrait of a State","Mark Lisk","Graphic Arts Books, Portland, Or.","2007","英語","","",""
"276","15-3","The Illustrated Atlas of Hawaii ; With a history of Hawaii ","produced by Island Heritage Limited ; directed by Robert B. Goodman ; edited by O.A. Bushnell ; text by Gavan Daws, O.A. Bushnell, and Andrew Berger ; illustrations by Joseph Feher ... [et al.]","Island Heritage Limited","1970","英語","","",""
"295","15-3","Exploring our National Parks and Monuments   (New Revised 7th Edition)","Devereux Butcher ; drawings and uncredited photographs by the author.","Gambit","1976","英語","ISBN: 087645094X
LC Subjects: National parks/monuments and reserves--United States--Guidebooks.  
","",""
"629.253","15-3","Creating Central Park","Morrison H. Heckscher","The Metropolitan Museum of Art / Yale University Press","2008","英語","ISBN:9780300136692, 
造園－アメリカ","",""
"629.253","15-3","Longwood Gardens : the ultimate garden treasure","text by Colvin Randall ; photographs by Larry Albee.","York Graphic Services","1987","英語","Gardens -- Pennsylvania -- Kennett Square, 
造園－アメリカ","",""
"629.253","15-3","Longwood Gardens","Photographs by Larry Albee, Text by Colvin Randall","Longwood Gardens, Inc.","2000","英語","ロングウッド ガーデン（アメリカ）案内, 
造園－アメリカ","",""
"629.253","15-3","Japanese Garden: Saving the Legacy of Seko Garden from Extinction","Koichi Kobayashi 著 ","","2018","英語","ロイ・セコ氏の私有庭園「セコ・ガーデン」存続,  
ISBN:978-1986393782, 
造園－アメリカ","",""
"629.253","15-3","Crucible For Conservation The Struggle For Grand Teton National Park","Robert W. Righter","Grand Teton Natural History Association","2008","英語","グランド・ティトン国立公園
ISBN:0931895545, 
造園－アメリカ","",""
"","","","","","","","","",""
"","","","","","","","","",""
"629.72","15-4","Gardens of New Zealand","Barbara Matthews (Photography by)","Lansdowne Press","1983","英語","ISBN: 0868660736, 
造園－NZ","",""
"629.72","15-4","Garden Design : a New Zealand guide","Simon Swaffield","Canterbury University Press (NZ)","1993","英語"," ISBN : 0908812329, 
造園－NZ","",""
"629.72","15-4","The New Zealander's Garden","Julian Matthews & Gordon collier","Endeavour Press","1985","英語","ISBN: 0864811306, 
造園－NZ","",""
"629.72","15-4","The Botanic Garden Wellington : A New Zealand History 1840-1987","Winsome Shepherd ＆ Walter Cook","Millwood Press (NZ)","1988","英語","ISBN: 090858279X, 
造園－NZ","",""
"629.27","15-4","Landscape : Gardens by New Zealand's Top Designers"," Rosemary Thodey、 Gil Hanly","Godwit","2005","英語","","",""
"629.72","15-4","New Zealand Gardens Open to Visit      (AA leisure guides seriea)","Jillian and Denis Friar","Hodder Moa Beckett (NZ)","1996","英語","ISBN: 1869583434, 
造園－NZ","",""
"629.72","15-4","The garden of Tane.","Mona Gordon ; with photographs by the author"," A. H. and A. W. Reed","1944","英語","LC Subjects: Plants--New Zealand, 
造園－NZ","",""
"","","","","","","","","",""
"272","15-4","ニュージーランド史：南海の英国から太平洋国家へ","キース・シンクレア著, 青木 公・百々 佑利子 訳","評論社","1982.10","","ISBN: 4566056015,２冊
原タイトル: A history of New Zealand","",""
"518.872","15-4","植えつけられた都市 : 英国植民都市の形成","ロバート・ホーム(Home, Robert K) 編著,  布野 修司, 安藤 正雄 監訳,  アジア都市建築研究会 訳","京都大学学術出版会","2001.7
","","原タイトル: Of planting and planning","",""
"297.1","15-4","オーストラリア歴史地理：都市と農地の方格プラン","金田 章裕 著","地人書房","1985.6","","ISBN: 4885010510","",""
"518.85","15-4","生物多様性をめざすまちづくり : ニュージーランドの環境緑化","林 まゆみ 著","学芸出版社(京都)","2010.7","","造園－NZ","",""
"302.72","15-4","ニュージーランドの素顔 : その魅力と喜悦・平安を求めて","川瀬 勇 著","山手書房新社","1994.7","","","",""
"","","","","","","","","",""
"297.2","15-4","Places Preserved Australia : A Personal Tribute","Debra Doenges /  Andrew Tealke ","New Holland Publishers, Chatswood, N.S.W.","2008","英語","ISBN: 9781741107470","",""
"470.72","15-4","Kauri Past ＆Present","Gordon Ell","The Bush Press","1994","英語","NZの木「カウリ」, 
ISBN: 0908606195","",""
"470.72","15-4","New Zealand's Forests","Harriet Fleet","Heinemann","1984","英語","ISBN: 0868631353, 
造園－NZ
","",""
"470.72","15-4","The native trees of New Zealand "," J.T. Salmon","A.H. & A.W. Reed","1980","英語","ISBN: 589013408, 
布製函, 
造園－NZ","",""
"470.72","15-4","The Native Trees of New Zealand","J. T. Salmon (John Tenison),","Reed Methuen Publishers (NZ)","1986","英語","ISBN: 0474002381, 
造園－NZ","",""
"","","","","","","","","",""
"297.2","15-4","Christchurch, New Zealand : A City of cities.","text by Brian Priestley, Graphics by Grant Nelson","**(NZ)","1990","英語","","",""
"297.2","15-4","クライストチャーチ 　Christchurche","ジョン・カースル(John Castle) 著, 雪吉 政子","ガールスカウト倉敷市協議会(倉敷)","1984.12","","非売品","",""
"297.2","15-4","Welcome to New Zealand : Guest Information / ようこそニュージーランドへ　ー旅行者情報　 1989/90 Edition","**","Awaiviata Publication","1990","英語・日本語","ニュージーランド：旅行ガイド","",""
"297.2","15-4","Peter McIntyre’s New Zealand"," Peter McIntyre","Beckett Publishing","1989","英語","","",""
"297.2","15-4","A Portrait of New Zealand","photographs by Robin Smith, Warren Jacobs ; text by Errol Brathwaite","Kowhai Pub. (NZ)","1988","英語","ISBN: 0908598351
","",""
"470.72","15-4","Wild New Zealand  (1st ed)","photographs by Gerald Cubitt ; text by Les Molloy in collaboration with the New Zealand Department of Conservation","New Holland","1994","英語","ISBN: 1853681822","",""
"297.2","15-4","Wild New Zealand","","Reader’s Digest","1982","英語","野生のニュージーランド","",""
"297.2","15-4","The Walking Tracks of New Zealand's National Parks","John Cobb","Viking Pacific","1990","英語","ISBN: 0670834475","",""
"297.2","15-4","The Alpine World of Mount Cook National Park","Andy Dennis, Craig Potton, New Zealand Department of Lands and Survey","Cobb/Horwood Publications : Lands and Survey Dept., Auckland, N.Z.","1984","英語","ISBN: 9780477061100","",""
"","","","","","","","","",""
"297.2","15-4","The Fold of the Land : New Zealand's national parks from the air","Lloyd Homer and Les Molloy","Allen & Unwin ; Dept. of Scientific and Industrial Research (NZ)","1988","英語","ISBN: 0868614912","",""
"","","","","","","","","",""
"","","","","","","","","",""
"470.72","15-5","South African Proteaceae in New Zealand","Lewis J. Matthews ; paintings and line drawing by Zoë Carter","Matthews Publishing (NZ)","1983","英語","ISBN: 0959766901, 
造園－NZ","",""
"470.48","15-5","Beautiful Wild Flowers of Southern Africa","Colin Paterson-Jones","Struik Publishers, Cape Town","1996","英語、仏語、独語","ISBN: 1868257274, 南アフリカの野生植物","",""
"620.48","15-5","National Parks of South Africa","Photographs:Anthony Bannister, text: Brendan Ryan","Struik Publishers (Cape Town )","1993","英語","ISBN:1868253376, 南アフリカの国立公園
","",""
"","","","","","","","","",""
"629.222","15-5","中国古代造園史料集成 : 増補哲匠録畳山篇秦漢-六朝","田中 淡、外村 中、福田 美穂 編","中央公論美術出版","2003.5","","","",""
"629.222","15-5","中国造園史　上巻","佐藤 昌 著","日本公園緑地協会","1991.6","","","",""
"629.222","15-5","中国造園史　中巻","佐藤 昌 著","日本公園緑地協会","1991.6","","","",""
"629.222","15-5","中国造園史　下巻","佐藤 昌 著","日本公園緑地協会","1991.6","","","",""
"629.222","15-5","円明園","佐藤 昌 著","日本公園緑地協会","1988.11　","","折り込図3枚","",""
"629.222","15-5","中国の庭","杉村 勇造 著","求竜堂","1966","","","",""
"629.22","15-5","中国庭園","青羽 光夫 著","誠文堂新光社","1998.11","","","",""
"","","","","","","","","",""
"","","","","","","","","",""
"","","","","","","","","",""
"332.53","15-6","アメリカ現代史　（世界歴史叢書）","長沼 秀世, 新川 健三郎 著","岩波書店","1991.7","","","",""
"250","15-6","1491 : 先コロンブス期アメリカ大陸をめぐる新発見","チャールズ C.マン  (Mann, Charles C., 1955- )著, 布施 由紀子 訳","日本放送出版協会","2007.7","","原タイトル: 1491","",""
"","","","","","","","","",""
"","","","","","","","","",""
"","","","","","","","","",""
"182.22","16-2","中国五台山竹林寺の研究","斉藤 忠 著","第一書房","1998.6","","","",""
"629.222","16-2","中国の園林　２　ー南京・江南園林考察団報告書ー","日本造園修景協会 編　","日本造園修景協会","1987.7","","","",""
"629.222","16-2","中国庭園の技法　ー劉　敦楨著「蘇州古典園林」抄訳ほか","河原 武敏, 劉 敦楨","河原武敏","1985.1","","","",""
"629.22","16-2","蘇州の庭園","安 春陽 編, 曹玉泉, 鄭可俊 撮影","外文出版社(北京)","1984","中国語","","",""
"629.22","16-2","義州  Suzhou  : 旅遊記念集 urist Album","香港大道文化有限公司","香港大道文化有限公司(香港)","1986","中国語","","",""
"629.222","16-2","苏州 古典园林 :  世界遗产  (蘇州 古典園林 : 世界遺産)","蘇州市園林管理局 編","上海三朕書店","2000.1","中国語","ISBN: 7542613278","",""
"629.222","16-2","華清池","朱 悦戦 主編 ; 杜 小平:文","中国旅遊出版社(北京)","1994.3","","ISBN: 7503212268","",""
"629.222","16-2","頤和園　　The Summer Palace: Chinese Landscape Storehouse","許 邦 ほか編","新華出版社出版","1993.2","中国語、英語、日本語","ISBN: 7501121923","",""
"629.222","16-2","頤和園：The Summer Palace : 世界文化遺産 ","旅 舜ほか","中国民族撮影芸術出版社","2003.1","中国語","ISBN: 7800695093","",""
"629.222","16-2","圓明園欧式庭院","圓名园管理外編印","圓名园管理外編印","1998","中国語","","",""
"629.222","16-2","无锡园林 : Gardens of WuXi　　(無錫园林）","呉 惠良 ほか","新疆美木撮影出版社","2002.12","中国語","ISBN: 780658269X","",""
"629.222","16-2","Yuanmingyuan Garden　　圓明园　　　　（円明園）","text by Zhu Jie ; edited by Lan Peijing [i.e. Peijin] ; photos by Lui Jiwen /     朱, 杰 シュ, ケツ
    兰, 佩瑾 ラン, ハイキン
    刘, 继文 リュウ, ケイブン","FLP：Foreign Language Press","2000","中国語・英語","","",""
"","","","","","","","","",""
"629.222","16-2","説園","陳 從周 著, 佐藤 昌・河原 武敏 訳","日本造園修景協会・東洋造園研究会","1986.9","","陳 従周, 1915-,  中国文併記 ","",""
"629.222","16-2","縮景園史","広島県教育委員会 編","広島県教育委員会","1983.3","","","",""
"920.4","16-2","遠景と近景 : 中国・中国文化・日本","駒田 信二 著","勁草書房","1983.6","","","",""
"629.222","16-2","中国の庭園 : 山水の錬金術","木津 雅代 著","東京堂出版","1994.9","","","",""
"921","16-2","中国古典詩聚花　 山水と風月　５","向島 成美 著, 監修: 前野 直彬 ","尚学図書,  発売: 小学館","1984.10","","","",""
"629.222","16-2","明代中国の庭園文化 : みのりの場所/場所のみのり","クレイグ・クルナス(Clunas, Craig) [著],  中野 美代子, 中島 健 訳","青土社","2008.8","","原タイトル: Fruitful sites ","",""
"222.044","16-2","園林都市 : 中世中国の世界像","大室 幹雄 著","三省堂","1985.8","","","",""
"629.222","16-2","北海　Beihai　（北海公園解放80周年記念 1925-2005）","北海公園管理所 編","中国旅游出版社","2005.5","中国語・英語","北海市（中国）","",""
"292.222","16-2","西湖案内 : 中国庭園論序説       (旅とトポスの精神史)","大室 幹雄 著","岩波書店","1985.11","","","",""
"185","16-2","五台山　一百八寺遍路
五台山一百零八寺

","崔 正森 編","山西科学技術出版社","2005","中国語","","",""
"","","","","","","","","",""
"702.2","16-2","日本のかたち・アジアのカタチ : 万物照応劇場","杉浦 康平 著","三省堂","1994.1","","","",""
"702.22","16-2","龍の住むランドスケープ : 中国人の空間デザイン","中野 美代子 著","福武書店","1991.10","","","",""
"148.5","16-2","風水 : 気と古代風景学の秘密       (アルケミスト双書)","リチャード・クレイトモア( Creightmore, Richard ) [著], 山田 美明 訳","創元社(	大阪)","2013.7","","原タイトル: FENG SHUI ","",""
"148.5","16-2","中国の風水思想 : 古代地相術のバラード","J.J.M.デ・ホロート(Groot, Jan Jakob Maria de) [著],  牧尾 良海 訳","第一書房","1986.6","","『風水』 (大正大学出版部昭和52年刊) の改題新装改版 ","",""
"","","","","","","","","",""
"722.2","16-2","中国山水画の誕生","マイケル・サリヴァン (Sullivan, Michael) [著], 中野 美代子, 杉野 目康子 訳","青土社","1995.6","","原タイトル: The birth of landscape painting in China ","",""
"122","16-2","FENG-SHUI : The Science of Sacred Landscape in  Old China","Ernest J. Eitel with commentary by John Michell","Synergetic Press","1984","英語","風水：古代中国の神聖な景観の科学","",""
"122","16-2","中国人の自然観と美意識　　(東洋学叢書)","笠原 仲二 著","創文社","1982.2","","","",""
"124.25","16-2","荘子の二十四の寓話 : 「チョウの夢」他","荘子 [著], 北尾 克三郎 訳注","プロスパー企画","2008.8","","","",""
"292","16-2","Journey Into China","National Geographic Society (U.S.)","National Geographic Society (Washington)","1982","英語","","",""
"","","","","","","","","",""
"629.222","16-2","タロコ国立公園案内","","内政部営建署タロコ国立公園管理処","1997.6","","ISBN: 9570002204","",""
"629.222","16-2","Taroko National Park","Prepared by Construction and Planning Administration, Ministry of the Interior Taiwan"," / 中華民国内政部営建署","2002.10","英語","","",""
"629.222","16-2","大屯火山群 / The Datun volcano group","中華民国内政部営建署","陽明山国家公園管理處","2002.10","中国語、英語","世界遺産公約：申報自然遺産","",""
"629.222","16-2","『國家公園』世代伝承 永続台湾 / Heritage for Generations Sustainability for Taiwan ","中華民国内政部営建署","中華民国内政部営建署","2009.12","中国語、英語","ISSN: 1818567-3","",""
"","","","","","","","","",""
"","","","","","","","","",""
"793.9","16-3","中国盆景の世界 1 盆景","丸島 秀夫, 胡運驊 (胡 运骅) 編","農山漁村文化協会","2000.9","","","",""
"793.9","16-3","中国盆景の世界 2 花盆","丸島 秀夫, 胡運驊 (胡 运骅) 編","農山漁村文化協会","2000.9","","","",""
"793.9","16-3","中国盆景の世界 3 奇石","丸島 秀夫, 胡運驊 (胡 运骅) 編","農山漁村文化協会","2000.9","","","",""
"","","","","","","","","",""
"221.02","16-3","雁鴨池　発掘調査報告書","大韓民国文化部文化財管理局 (ソウル)","学生社","1993.5","","付 (図2枚), 「本文編」と「図版編」に分冊刊行","",""
"629.221","16-3","The Landscape of Seoul","**","Seoul Metropolitan Government (Seoul)","1992","英語・ハングル併記","","",""
"629.221","16-3","昌徳宮","文化財管理局 監修","宇進文化社(ソウル)","1989.6","","","",""
"629.221","16-3","Ch'angdŏkkung Palace","Supervised by Cultural Property Maintenance Office","Korea Textbook ","1983","英語","","",""
"629.221","16-3","静かな朝の国韓国 慶州 : 国立公園新羅の古都","**","宇進観光文化社	[ソウル]","1983.7","","","",""
"221.01","16-3","朝鮮半島の歴史 : 政争と外患の六百年
(新潮選書)","新城 道彦 著","新潮社","2023.6","","","",""
"221.035","16-3","新羅・高句麗・百済三国紀 : 古代日本史の真実を探る　","高島 鳴鳳 著","叢文社","2000.11","","本衛蔵板　嘉慶辛未年新","",""
"221.03 ","16-3","韓国人は何処から来たか","長浜 浩明 著","展転社","2014.1","","","",""
"175.9","16-3","新羅の神々と古代日本：新羅神社の語る世界","出羽 弘明 著","同成社","2004.5","","","",""
"210.3","16-3","古代朝鮮と日本文化 : 神々のふるさと　　　(講談社学術文庫)","金 達寿 著","講談社","1986.9","","","",""
"210.1821","16-3","朝鮮通信使の足跡 : 日朝関係史論","仲尾 宏 著","明石書店","2011.3","","","",""
"385.1","16-3","朝鮮の風水     (民間信仰 第2部)","村山 智順 著,  朝鮮総督府 編","国書刊行会","1972","","朝鮮総督府 (調査資料31輯) 昭和6年刊の複製 ","",""
"702.21","16-3","韓国人の美意識","洪 思重 著,  森 敦 監訳","三修社","1986.12","","","",""
"221","16-3","韓国の文化誌 : 歴史と人と生活と","李家 正文 著","泰流社","1986.7","","","",""
"129.1","16-3","韓国の風水思想","崔 昌祚 著,  三浦 國雄 監訳,  金 在浩, 渋谷 鎮明 共訳","人文書院(京都)","1997.10","","","",""
"","","","","","","","","",""
"148.5","16-3","風水思想と東アジア","渡辺 欣雄 著","人文書院(京都)","1990.7","","","",""
"129.1","16-3","朝鮮思想全史      (ちくま新書  1292)","小倉 紀蔵 著","筑摩書房","2017.11","","","",""
"","","","","","","","","",""
"100","16-3","何故私達は存在するのか : 気・理・道の作り出す物語","唐沢 昌敬 著","八千代出版","2023.8","","","",""
"","","","","","","","","",""
"","","","","","","","","",""
"629.21","16-4","The Gardens of Japan","text by Teiji Itoh (伊藤 ていじ)","Kodansha International","1998","英語","ISBN: 4770023219","",""
"910.23","16-4","王朝文学と建築・庭園      (平安文学と隣接諸学  1)","倉田 実 編","竹林舎","2007.5","","","",""
"210.2","16-4","新版　長岡京発掘　（NHKブックス　464）","福山 敏男, 中山 修一, 高橋 徹　","日本放送出版協会","1984.10","","","",""
"629.21","16-4","日本古代の庭園と景観","本中 真 著","吉川弘文館","1994.12","","","",""
"629.21","16-4","「作庭記」からみた造園　(SD叢書 193)","飛田 範夫 著","鹿島出版会","1985.6","","","",""
"629.21","16-4","『作庭記』と日本の庭園","白幡 洋三郎 編","思文閣出版(京都)","2014.3","","","",""
"629.21","16-4","平安鎌倉時代の庭園植栽","河原 武敏 著","信山社出版","1999.9","","","",""
"","","","","","","","","",""
"629.21 ","16-4","平安時代庭園の研究: 古代庭園研究　2　　 (奈良文化財研究所学報  第86冊  研究論集  17)","国立文化財機構奈良文化財研究所 著　","国立文化財機構奈良文化財研究所(奈良)","2011.3","","","",""
"629.21 ","16-4","中世庭園の研究 : 鎌倉・室町時代　　 (奈良文化財研究所学報  第96冊  研究論集  18)","国立文化財機構奈良文化財研究所 著　","国立文化財機構奈良文化財研究所(奈良)","2016.3","","","",""
"629.21 ","16-4","回遊式庭園と庭園文化　　 (庭園の歴史に関する研究会報告書  平成29年度)","国立文化財機構奈良文化財研究所文化遺産部 編","国立文化財機構奈良文化財研究所文化遺産部(奈良)","2018.3","","","",""
"629.21 ","16-4","室町時代の将軍の庭園      (平成25年度 庭園の歴史に関する研究会報告書)","国立文化財機構奈良文化財研究所文化遺産部 編","国立文化財機構奈良文化財研究所文化遺産部(奈良)","2014.3","","","",""
"629.21 ","16-4","戦国時代の城館の庭園　　 (平成26年度 庭園の歴史に関する研究会報告書)","国立文化財機構奈良文化財研究所文化遺産部 編","国立文化財機構奈良文化財研究所文化遺産部(奈良)","2015.3","","","",""
"629.21 ","16-4","織豊期-江戸時代初期の庭園　　 (平成28年度 庭園の歴史に関する研究会報告書)","国立文化財機構奈良文化財研究所文化遺産部 編","国立文化財機構奈良文化財研究所文化遺産部(奈良)","2017.3","","","",""
"629.21 ","16-4","茶の文化と庭園　　 (平成30年度 庭園の歴史に関する研究会報告書)","国立文化財機構奈良文化財研究所文化遺産部 編","国立文化財機構奈良文化財研究所文化遺産部(奈良)","2019.3","","","",""
"629.21","16-4","庭園文化の近世的展開　(令和元年度　庭園の歴史に関する研究会報告書)","**","奈良文化財研究所","2020.3","","","",""
"629.21 ","16-4","京都を中心にした近代日本庭園の研究","小野 健吉 著","奈良文化財研究所(奈良)","2000.3","","NDL:修士論文を収録","",""
"629.21","16-4","図説大名庭園の近代 = Illustrated handbook of daimyō gardens in the modern era","小野 芳朗, 本康 宏史, 中嶋 節子, 三宅 拓也 編著","思文閣出版(京都)","2021.9","","","","#江戸べらぼう"
"210.58","16-4","将軍の庭 : 浜離宮と幕末政治の風景　   (中公叢書)","水谷 三公 著","中央公論新社","2002.5","","","",""
"629.2176 ","16-4","縮景園史","広島県教育委員会 編","広島県教育委員会","1983.3","","","",""
"629.21","16-4","日本庭園の歴史と文化　","小野 健吉 著","吉川弘文館","2015.10","","","",""
"629.21","16-4","庭園歴史散歩","重森 完途 著","平凡社","1987.6","","","",""
"629.21","16-4","庭園    (日本史小百科)","森 蘊 著","東京堂出版","1993.9","","新装版, 庭園史略年表・引用参考文献: p408～431 ","",""
"791.6","16-4","庭と建築の煎茶文化 : 近代数寄空間をよみとく","尼﨑 博正, 麓 和善, 矢ケ崎 善太郎 編著","思文閣出版(京都)","2018.12","","","",""
"629.21","16-4","禅と禅芸術としての庭","枡野 俊明 著","毎日新聞社","2008.4","","","",""
"708","16-4","日本の美術  15　禅寺と石庭  　(小学館 ブック･オブ･ブックス)"," 太田 博太郎,  松下 隆章,  田中 正大 著","小学館","1971","","","",""
"629.21","16-4","枯山水","重森 三玲 著","中央公論新社","2008.11","","","",""
"629.21","16-4","雪舟の庭","白石 直典 著","西日本新聞社(福岡)","2000.11","","","",""
"629.21","16-4","夢窓疎石日本庭園を極めた禅僧
(NHKブックス ; 1029)","枡野俊明 著","日本放送出版協会","2005.4","","","",""
"289.1 ","16-4"," テクノクラート小堀遠州 : 近江が生んだ才能      (淡海文庫  22)","太田 浩司 著 ","サンライズ出版(彦根)","2002.2","","","","#江戸べらぼう"
"629.21","16-4","小堀遠州 : 気品と静寂が貫く綺麗さびの庭　(シリーズ京の庭の巨匠たち 3)","小堀遠州 [作],  北岡 慎也, 田畑 みなお 写真,  野村 勘治 監修","京都通信社(京都)","2008.10","","","","#江戸べらぼう"
"791.2","16-4","小堀遠州 : 「綺麗さび」のこころ    ( 別冊太陽  日本のこころ 160)","湯原 公浩 編集","平凡社","2009.8","","","","#江戸べらぼう"
"","","","","","","","","",""
"629.21","16-5","Japanese Garden Design","Marc P. Keane ; photographs by Ōhashi Haruzō ; drawings by the author.","Charles E. Tuttle","1996","英語","ISBN: 0804820716","",""
"629.21","16-5","A Japanese touch for your garden","Kiyoshi Seike (清家 清), Masanobu Kudō (工藤 昌信) ; with David H. Engel, editorial consultant ; photos. by Haruzō Ōhashi (大橋 治三)","Kodansha International","1992","英語","ISBN: 4770016611
(Engel, David Harris)","",""
"629.21","16-5","Secret teachings in the art of Japanese gardens : design principles, aesthetic values","David A. Slawson, 増円","Kodansha International","1987","英語","注記: Translation of: 山水并野形図(増円),  別タイトル : 山水并野形図","",""
"291.62","16-5","京 : 御所文化への招待 : 宮廷文化の遺産　(淡交ムック)","**","淡交社(京都)","1994.6","","","",""
"521.823","16-5","知る・見る・歩く!  江戸城  :  地形図・古地図・古写真・復元CGイラストで徹底詳解 !    (歴史群像シリーズ)","加藤 理文 監修","ワン・パブリッシング","2021.3","","江戸城三十六見附、内郭、四つの天守、石垣などを地形図、古地図、古写真、復元CGイラストを豊富に使って徹底詳解する。","","#江戸べらぼう"
"521.823","16-5","首里城 : 別冊太陽スペシャル　  (別冊太陽)","**","平凡社","2020.12","","2019年10月31日の火災から1年―。珠玉の写真、図版、解説で在りし日の首里城を追惜する･･･(日本児童図書出版協会)","",""
"216.2","16-5","バーチャル京都 : 過去･現在･未来への旅 : 京の""時空散歩""","矢野 桂司, 中谷 友樹, 磯田 弦 編,  フィリップ･ブラウン編･英訳,  美苗･サバス 英訳","ナカニシヤ出版(京都)","2007.3","","英語併記,
別ﾀｲﾄﾙ:Virtual Kyoto : exploring the past, present and future of Kyoto","",""
"629.21","16-5","日本庭園の特質 : 様式・空間・景観","進士 五十八 著","東京農業大学出版会","1987.4","","","",""
"629.21","16-5","日本の庭ことはじめ","岡田憲久 著","TOTO出版","2008.5","","","",""
"629.21","16-5","日本庭園像の形成","片平 幸 著","思文閣出版(京都)","2014.3","","","",""
"629.21","16-5","重森三玲 庭園の全貌","中田 勝康 著・写真","学芸出版社(京都)","2009.9","","","",""
"521.4","16-5","月と日本建築 : 桂離宮から月を観る　  (光文社新書)","宮元 健次 著","光文社","2003.8","","","",""
"629.21","16-5","宇宙のかたち　日本の庭","内藤 忠行 写真","世界文化社","1998.10","","","",""
"291.6","16-5","京都発見  3  (洛北の夢) ","梅原 猛 著","新潮社","2001.5","","","",""
"387","16-5","岩石を信仰していた日本人 : 石神・磐座・磐境・奇岩・巨石と呼ばれるものの研究","吉川 宗明 著","遊タイム出版","2011.7","","","",""
"629.21","16-5","日本の庭 : 日本の美と教養","中根 金作 著","河原書店(京都)","1964.8","","","",""
"210.04","16-5","日本空間の誕生 : コスモロジー・風景・他界観","阿部 一 著","せりか書房","1995.2","","","",""
"629.21","16-5","風景をつくる : 現代の造園と伝統的日本庭園","中村 一, 尼崎 博正 共著","昭和堂(京都)","2001.4","","","",""
"629.21","16-5","庭師小川治兵衛とその時代","鈴木 博之 著","東京大学出版会","2013.5","","","",""
"289.1","16-5","七代目小川治兵衛: 山紫水明の都にかへさねば    (ミネルヴァ日本評伝選)","尼崎 博正 著","ミネルヴァ書房","2012.2","","","",""
"629.21","16-5","「植治の庭」を歩いてみませんか : 洛翠庭園・無鄰菴庭園","小川治兵衞 監修","洛翠「植治の庭」を歩いてみませんか刊行委員会(京都),   発行所: 白川書院 ","2004.1","","小川 治兵衞 11世, 1942-","",""
"629.21","16-5","市中の山居 : 尼崎博正作庭集","尼崎 博正 著","淡交社(京都)","2006.1","","","",""
"629.21","16-5","京の小庭　（別冊太陽 日本のこころ 78)","監修: 中村 昌生 ","平凡社","1992.7","","","",""
"629.21","16-5","京の名庭 : 横山健蔵写真集","横山 健蔵 著","淡交社(京都)","1996.9","","","",""
"527.05","16-5","日本の美邸 : JAPAN QUALITY  ー世界に発信する日本の美邸9例","**","風土社","2019","","","",""
"629.21","16-5","名家・名門の庭園を歩く : 五感を解放して「空間芸術」を体感する     (TJ MOOK)","仲 隆裕 監修","宝島社","2022.4","","","",""
"629.7","16-5","竹・笹のある庭 : 観賞と植栽","柴田 昌三 著","創森社","2006.4","","","",""
"629.67","16-5","「垣根百餘數乃圖」 抄","岩瀬 辰之助･岩瀬 テツ 著、岩瀬 眞弘 編","文芸社","2007.5","","","",""
"629.61","16-5","庭のデザイン  1  燈籠    (Gakken graphic books deluxe 15)","中根 史郎 文, 日[ビ] 美貞夫 写真","学習研究社","2001.3","","並列タイトル: Stepping stones and stone pavements","",""
"629.61","16-5","庭のデザイン  2  飛石・敷石    (Gakken graphic books deluxe 16)","中根 史郎 文, 日竎[ビ] 貞夫 写真","学習研究社","2001.7","","並列タイトル: Stepping stones and stone pavements","",""
"629.61","16-5","庭のデザイン  3  手水鉢    (Gakken graphic books deluxe 17)","中根 史郎 文, 日[ビ] 貞夫 写真","学習研究社","2001.9","","並列タイトル: Water basins","",""
"629.61","16-5","庭のデザイン  4  垣・塀    (Gakken graphic books deluxe 18)","中根 史郎 文, 日[ビ] 貞夫 写真","学習研究社","2001.12","","並列タイトル: Fences and walls","",""
"629.61","16-5","庭のデザイン  5  橋・石組    (Gakken graphic books deluxe 19)","中根 史郎 文, 日[ビ] 貞夫 写真","学習研究社","2002.2","","並列タイトル: Bridges and rock arrangements","",""
"","","","","","","","","",""
"627.8","16-5","盆栽文化史","岩佐 亮二 著","八坂書房","1976","","","",""
"627.8","16-5","盆栽の宇宙誌      (アジア文化叢書)","ロルフ・スタン(Stein, Rolf Alfred) [著],  福井 文雅, 明神 洋 訳","せりか書房","1985.11","","原タイトル: Jardins en miniature d'Extrême-Orient ","",""
"627.9","16-5","トピアリー : topiary for your new life & garden","宮崎 雅代 著","グリーン情報(名古屋)","2008","","","",""
"","","","","","","","","",""
"","","","","","","","","",""
"","","","","","","","","",""
"","","","","","","","","",""
"629.3","17-2","東京公園文庫シリーズ　1～53","監修: 東京都公園協会 ","郷学舎","1981～2011","","","",""
"748","17-2","日本の名景　ー庭　(Suiko Books  127)","森田　敏隆","光村推古書院","2004","","The world of the Japanese garden-niwa,英文併記
","",""
"629.21","17-2","京都名庭園","水野 克比古 著","光村推古書院","2002.11","","","",""
"521.82","17-2","京都御所 : 渡辺誠写真集","渡辺 誠 著","旅行読売出版社","1993.11","","","",""
"521.825","17-2","京都御所・仙洞御所    (Suiko Books  111)","庄司 成男 著","光村推古書院","2002.5","","英文併記","",""
"748","17-2","京の坪庭　      (Suiko books)","水野 克比古 著","光村推古書院(京都)","1996.4","","The Courtyard Gardens of Kyoto ","",""
"748","17-2","京都花の庭　      (Suiko books)","水野 克比古 著","光村推古書院(京都)","1996.4","","Flower Gardens of Kyoto ","",""
"629.21","17-2","京都 禅の庭　      (Suiko books)　
Zen Gardens","水野 克比古 写真, 英訳 : トム･ライト","光村推古書院(京都)","1996.2","","新装版初版, 英文併記","",""
"791.6","17-2","京都 茶の庭　      (Suiko books)
The Tea Garden","水野 克比古 写真, 英訳 : トム･ライト","光村推古書院(京都)","1996.2","","新装版初版, 英文併記","",""
"185.9162","17-2","京都 阿弥陀の寺と庭      (Suiko books 96) 
Amitabha Temples and Gardens in Kyoto","横山 健蔵 著, 英訳 : グレッチェン・ミトワ","光村推古書院(京都)","2000.11","","英文併記","",""
"748","17-2","庭 : 京都の名園　      (Suiko books)
Kyoto Gardens","山音 健三 写真, 英訳 : トム･ライト","光村推古書院(京都)","1995.10","","新装版, 英文併記","",""
"188.45","17-2","曼珠院        (古寺巡礼京都  10)","半田 孝淳, 赤瀬川 原平 著,  梅原 猛 監修","淡交社(京都)","2007.6","","新装版","",""
"185.9162","17-2","京の古寺から 8 常寂光寺","長尾 憲彰, 橋本 健次 著","淡交社(京都)","1995.6","","","",""
"185.9162","17-2","京の古寺から 14 一休寺","田辺 宗一, 永野 一晃 著","淡交社(京都)","1995.12","","","",""
"185.9162","17-2","京の古寺から 20  等持院 ","川勝 承哲, 井上 博道 著","淡交社(京都)","1997.12","","","",""
"185.9162","17-2","京の古寺から 27 青蓮院","東伏見 慈洽, 横山 健藏  著","淡交社(京都)","1998.7","","","",""
"","","","","","","","","",""
"","","","","","","","","",""
"629.21","17-3","岩波 日本庭園辞典","小野 健吉 著","岩波書店","2004.3","","","",""
"629.2","17-3","日本庭園鑑賞便覧 ー全国庭園ガイドブック
","京都林泉協会 編著","学芸出版社","2002.8","","注記「全国庭園ガイドブック｣(誠文堂新光社刊))の改訂 ","",""
"629.21","17-3","中根金作京都名庭百選","中根 金作 著","淡交社(京都)","1999.4","","中根 金作, 1917-1995","",""
"629.21","17-3","京の庭","重森 千靑 著","ウェッジ","2003.11","","重森 千青, 1958-","",""
"518.8","17-3","明治の東京計画    ","藤森 照信 著","岩波書店","1982.11","","文庫版あり→26-6","",""
"629.3","17-3","東京の公園と原地形","田中 正大 著","けやき出版","2005.6","","","",""
"914.6","17-3","庭をつくる人      (ウェッジ文庫   む020-1)","室生 犀星 著","ウェッジ","2009.6","","『庭を造る人』 (改造社昭和2年刊) の改題 ","",""
"289.1","17-3","庭園日本一足立美術館をつくった男","足立 全康 著","日本経済新聞出版社","2007.4","","足立 全康, 1899-1990, 「九十坂越えてますます夢ロマン」 (足立美術館1989年刊) の改題 ","",""
"472.1361 ","17-3","御所のお庭","『皇室』編集部 編","扶桑社","2010.12","","","",""
"521.825","17-3","秘蔵写真で愉しむ京都御所 : 宮廷の建築・障壁画","渡辺 誠 著","TAC出版事業部","2010.8","","","",""
"","","","","","","","","",""
"629.3","17-3","新宿御苑 : 誕生までの三二〇年とその後  ","上野 攻 著","文芸社","2019.3","","","",""
"629.3","17-3","平成30年度特別展　新宿御苑　―皇室庭園の時代　（新宿歴史博物館開館30周年記念特別展）","編集: (公財)新宿未来創造財団 新宿歴史博物館,  宮内庁宮内公文書館　"," (公財)新宿未来創造財団 新宿歴史博物館","2018.10.20","","","",""
"629.21","17-3","原三渓の描いた風景 : 三渓園100周年","三渓園保勝会 編","神奈川新聞社 (横浜)","2006.6","","","",""
"629.21","17-3","信州の庭園めぐり","小口基実 解説
宮本辰雄 写真","信濃毎日新聞社","1984.8","","","",""
"291.22","17-3","平泉 : 自然美の浄土","大矢 邦宣 著","里文出版","2008.8","","","",""
"212.203","17-3","平泉を掘る : 寺院庭園・柳之御所・平泉遺跡群　　(平泉の文化史 1)","菅野 成寛 監修, 及川 司 編","吉川弘文館","2020.3","","","",""
"","","","","","","","","",""
"210.025 ","17-3","古代遺跡謎解きの旅 : 風水ウォーキング （小学館の謎解き古代史シリーズ　１）","松本 司 著","小学館","1999.5","","","",""
"291.65","17-3","山の辺の道：飛鳥路","田中 日佐夫 著","学生社","2007.12","","「山辺の道」(三彩社 昭和44年刊)と「飛鳥路」(平凡社 昭和47年刊)の合本 ","",""
"290.13","17-3","風水 気の景観地理学","渡邊 欣雄 著","人文書院","1994.1","","","",""
"387","17-3","沖縄の風水","窪 徳忠 編, 執筆: 島尻勝太郎ほか ","平河出版社","1990.9","","沖縄風水関連記事年表: p305～319 ","",""
"290.1","17-3","風土論序説　（比較思想・文化叢書）","山田 英世 編","国書刊行会","1978.3","","","",""
"361.5","17-3","風土の日本 : 自然と文化の通態","オギュスタン・ベルク (Berque, Augustin, 1942-) 著, 篠田 勝英 訳","筑摩書房","1988.9","","原タイトル: Le sauvage et l'artifice","",""
"175.962","17-3","下鴨神社と糺の森 : 世界文化遺産","賀茂御祖神社 編","淡交社","2003.10","","","",""
"175.962","17-3","甦る古代祭祀の風光 : 下鴨神社今昔","糺の森財団 編, 世界遺産賀茂御祖神社境内糺の森保存会","淡交社","2005.11","","","",""
"175.6","17-3","探究「鎮守の森」 : 社叢学への招待","上田 正昭 編","平凡社","2004.11","","","",""
"081.6","17-3","神々の流竄　（梅原猛著作集　8）","梅原 猛 著","集英社","1981.9","","","",""
"081.6","17-3","美と宗教の発見　（梅原猛著作集　３）","梅原 猛 著","集英社","1982.5","","","",""
"","","","","","","","","",""
"","","","","","","","","",""
"","","","","","","","","",""
"120.8","17-4","東洋思想の日本的展開　（講座　東洋思想　10）","宇野 精一, 中村 元, 玉城 康四郎 編","東京大学出版会","1967","","","",""
"919.9","17-4","アイヌ神謡集      (岩波文庫  32-080-1)","知里 幸惠 [編訳],  中川 裕 補訂","岩波書店","2023.8","","","",""
"182.1","17-4","大系仏教と日本人 5  無常と美 : 日本的美意識の心理と論理","井上 光貞, 上山 春平 監修, 目崎 徳衛 編集","春秋社","1986.1","","","",""
"773.8","17-4","世阿弥 花の哲学","成川 武夫 著","玉川大学出版部","1980.8","","","",""
"911.104","17-4","花鳥の使 : 歌の道の詩学 1","尼ケ崎 彬 著","勁草書房","1995.10","","新装版","",""
"911.104","17-4","縁の美学 : 歌の道の詩学 2","尼ケ崎 彬 著","勁草書房","1995.10","","新装版","",""
"913.6","17-4","武蔵野      (角川文庫)","国木田 独歩 著"," 角川書店","1978.7","","改版初版","",""
"914.6","17-4","美しい日本の私 : その序説　    (講談社現代新書)","川端 康成 著, エドワード・G.サイデンステッカー(Seidensticker, Edward) 英訳","講談社","1969","","付 (41-74p) : 英訳Japan, the beautiful, and myself (エドワード・G.サイデンステッカー訳) ","",""
"914.6","17-4","天際の借景","山本 健吉 著","集英社","1977.4","","","",""
"629.21","17-4","日本の庭","立原 正秋 著","新潮社","1977.4","","","",""
"911.125","17-4","萬葉集と庭","佐竹 秀雄 著","トライ","1998.4","","","",""
"629.2","17-4","庭園に死す","野田 正彰 著","春秋社","1999.4","","","",""
"629.21","17-4","終わらない庭 : 昭和の三大作家とめぐる「宮廷の庭」","三島 由紀夫, 井上 靖, 大佛 次郎 著,  庭園解説: 伊藤ていじ","淡交社(京都)","2007.6","","部分タイトル: 仙洞御所(三島由紀夫), 桂離宮(井上靖), 修学院離宮(大佛次郎), 宮廷の庭(伊藤ていじ) ","",""
"914.6","17-4","日本の名随筆  6  庭","円地 文子 編","作品社","1983.8","","","",""
"910.26","17-4","文豪と京の「庭」「桜」      (集英社新書  0769)","海野 泰男 著","集英社","2015.1","","","",""
"210.04","17-4","花と日本人　","桜井 満 著","雄山閣出版","1994.6","","","",""
"721.9","17-4","風景との対話　（新潮選書）","東山 魁夷 著","新潮社","1979","","","",""
"910.2","17-4","日本人の心の歴史　上・下　  ( 	ちくま学芸文庫)","唐木 順三 著","筑摩書房","1993.4","","","",""
"521","17-4","日本美の再発見　  (岩波新書  39)","ブルーノ・タウト(Taut, Bruno) 著,  篠田 英雄 訳","岩波書店","1962 19刷","","Taut Bruno, 1880-1938
増補改訳版","",""
"701.1","17-4","日本的感性 : 触覚とずらしの構造　　(中公新書 2072)","佐々木 健一 著","中央公論新社","2010.9","","","",""
"081.6","17-4","自然との対話　（生活の本　５）","臼井 吉見・河盛 好三 編","文藝春秋","1968","","","",""
"910.28","17-4","志賀直哉の自然     (国文学研究叢書)","須藤 松雄 著","明治書院","1979.4 ","","","",""
"910.2","17-4","日本文学の自然観 : 風土のなかの古典","西田 正好 著","創元社","1972","","","",""
"210.04","17-4","日本人の美意識","ドナルド・キーン (Keene, Donald, 1922-2019) 著, 金関 寿夫 訳","中央公論社","1990.3","","","",""
"210.04","17-4","近代日本人の美意識","山折 哲雄 著","岩波書店","2001.3","","","",""
"911","17-4","詞華集　第１　日本人の美意識　","秋山 虔 他著","東京大学出版会","1991.5","","","",""
"911","17-4","詞華集　第２　日本人の美意識","三好 行雄 他著","東京大学出版会","1991.6","","","",""
"702.1","17-4","日本の色    (朝日選書) ","大岡 信 編","朝日新聞社","1979.7","","","",""
"702.1","17-4","歴史と文化を彩る日本の色","大岡 信, 平山 郁夫, 高階 秀爾, 水尾 比呂志, 福田 邦夫, 伊原 昭, 磯崎 新","講談社","1980.4","","","",""
"121.02","17-4","日本的自然観の研究　上巻","斎藤 正二  著","八坂書房","1978","","","",""
"121.02","17-4","日本的自然観の研究　下巻","斎藤 正二  著","八坂書房","1978","","","",""
"304","17-4","劇場国家にっぽん : わが国の姿のあるべきようは
                                 (かたち)","岩井國臣 著","新公論社","2004.7","","","",""
"","","","","","","","","",""
"","","","","","","","","",""
"","","","","","","","","",""
"701","17-5","自然と美学 : 形体・美・芸術      (叢書・ウニベルシタス)","ロジェ・カイヨワ(Caillois, Roger) 著,  山口 三夫 訳","法政大学出版局","1972","","Caillois, Roger, 1913-1978","",""
"701","17-5","美の理論","テオドール・W・アドルノ著, 大久保 健治 訳","河出書房新社","1985.1","","原タイトル: Ästhetische Theorie","",""
"914.6","17-5","稱心獨語
(称心独語)","加藤 周一 著","新潮社","1972","","","",""
"725.2","17-5","遠近法の誕生 : ルネサンスの芸術家と科学","辻 茂 著","朝日新聞社","1995.4","","","",""
"421","17-5","対称性 : レーダーマンが語る量子から宇宙まで","レオン・レーダーマン (Lederman, Leon M),  クリストファー・ヒル (Hill, Christopher T) 著, 小林 茂樹 訳","白揚社","2008.4","","原タイトル: Symmetry and the beautiful universe","",""
"721.8","17-5","日本人と遠近法　　(ちくま新書)","諏訪 春雄 著","筑摩書房","1998.8","","","",""
"723.35 ","17-5","マリー・アントワネットの宮廷画家 : ルイーズ・ヴィジェ・ルブランの生涯","石井 美樹子 著","河出書房新社","2011.2","","","",""
"720.1","17-5","レオナルド・ダ・ヴィンチの絵画論","レオナルド・ダ・ヴィンチ (Leonardo, da Vinci, 1452-1519) 著, 加藤 朝鳥 訳","北宋社","1985.7","","『世界大思想全集第9絵画論』 (春秋社昭和5年刊) の復刊","",""
"209.5 ","17-5","バロックの世界史像","ジョン・Oウイルズ (Wills, John Elliot, 1936- ) 著, 別宮 貞徳 監訳","原書房","2004.9","","原タイトル: 1688:a global history","",""
"702.05","17-5","バロックの光と闇","高階 秀爾 著","小学館","2001.12","","","",""
"721.2","17-5","吉備大臣入唐絵巻の謎","黒田 日出男 著","小学館","2005.10","","","",""
"723.3","17-5","風景画の光 : ランドスケープ・ヨーロッパ・美の掠奪","藤田 治彦 著","講談社","1989.4 	","","","",""
"723.34","17-5","風景画家フリードリヒ","ヘルベルト・フォン・アイネム(Einem, Herbert von) 著, 藤縄 千艸 訳","高科書店","1991.10","","原タイトル: Caspar David Friedrich. 3.Aufl ","",""
"721.3","17-5","雪舟の芸術・水墨画論集","金澤 弘 著","秀作社出版","2002.3","","","",""
"721.3","17-5","雪舟の旅路　岡田喜秋　秀作社出版","岡田 喜秋 著","秀作社出版","2002.3","","","",""
"721.3","17-5","「美術手帖」vol.29 no.421　特集：絵画の原風景　日本の山水画　","","美術出版社","1977.6","","","",""
"721.3","17-5","雪舟の「山水長巻」 : 風景絵巻の世界で遊ぼう","雪舟 [画],  島尾新 著","小学館","2001.10","","雪舟, 1420-1506","",""
"721.3","17-5","雪舟 : 水墨画の巨人     (週刊 日本の美をめぐる  no.3  室町 1)","雪舟 [画]","小学館","2002.5","","雪舟, 1420-1506","",""
"721.3","17-5","長谷川等伯 : 没後400年","[長谷川等伯画] ; 東京国立博物館, 京都国立博物館, 毎日新聞社編集","毎日新聞社 : NHK : NHKプロモーション","2010.2","","図録","",""
"721.3","17-5","長谷川等伯 : 桃山画壇の変革者 : 没後四〇〇年記念　     (別冊太陽  日本のこころ  166)","**","平凡社","2010.2","","折り込図1枚","",""
"721.9","17-5","アサヒグラフ 増刊  近代日本画に見る風景","","朝日新聞社","1987.3.5","","","",""
"733.021","17-5","川瀬巴水　決定版　     (別冊太陽  日本のこころ  252)","**","平凡社","2017.7","","折り込図1枚","",""
"733.021","17-5","巴水の日本憧憬","川瀬 巴水 [画],  林 望 : 文","河出書房新社","2017.3","","","",""
"721.9","17-5","東山魁夷展 : 米寿記念","東山魁夷 [画],  長野県信濃美術館, 日本経済新聞社","長野県信濃美術館","1995","","折り込図5枚","",""
"721.9","17-5","山河遥か : 東山魁夷画文集
","東山 魁夷 画/著, 石田 達彦 編 ","求竜堂","1994.12","","布帙＋函","",""
"723.35","17-5","ユベール・ロベール = Hubert Robert : 時間の庭","ユベール・ロベール(Robert, Hubert) [画], 執筆: エレーヌ･スタにラス･ムーラン, 陳岡 めぐみ 他","国立西洋美術館","2012","","会期・会場: 2012年3月6日-5月20日 国立西洋美術館ほか
共同刊行: 西洋美術振興財団ほか","",""
"723.35","17-5","ドラクロワ「民衆を導く自由の女神」","ドラクロワ(Delacroix, Eugène) [画]","東京国立博物館","1999.2","","Etitle: Delacroix-la liberté guidant le peuple Delacroix-la liberte guidant le peuple
会期: 1999年2月26日-3月28日","",""
"723.36","17-5","PICASSO　　ーパブロ・ピカソ : 1881-1973","Carsten-Peter Warncke ; edited by Ingo F. Walther ","Taschen","1998","スペイン語","ISBN: 3-8228-5026-8","",""
"723.35","17-5","Thilo Westermann : Vanitas","Thilo Westermann 画"," Verlag für moderne Kunst Nürnberg (DE)","2014","独語","ISBN: 9783869845036","",""
"913.6","17-5","ニングル  Ningru : フォトストーリー      (Polystar books)","倉本 聡 作, 与 勇輝 人形, 宮沢 嘉彦 撮影","メディアワークス, 発売: 主婦の友社","1994.4","","","",""
"721.02","17-5","ボストン美術館　日本美術の至宝","東京国立博物館, 名古屋ボストン美術館, 九州国立博物館, 大阪市立美術館, ボストン美術館, NHK, NHKプロモーション 編","NHK","2012.3","","","",""
"520.2","17-5","林雅子  (現代の建築家)","SD編集部 編","鹿島出版会","1981","","","",""
"","","","","","","","","",""
"629.41","17-5","日本の国立公園 : 絵画集","ユーキャン企画, 国立公園協会 監修","ユーキャン","2000-","","","",""
"723","17-5","Pictures, by Austen Deans.","Alister Austen Deans OBE (1915.12.2–2011.10.18) ","A.H.&A.W. Reed","1967","英語","","",""
"726.5","17-5","天然　  (異邦人のまなざし 第10輯)","白幡 洋三郎 監修・文","国際日本文化研究センター(京都)発行, 制作: 思文閣出版","2014.3","","","",""
"","","","","","","","","",""
"","","","","","","","","",""
"291.62","17-6","洛中絵図　寛永14年7月2日 　（全62葉） 　(帙入)","宮内庁書陵部編
(解題 (24p ; 21cm): 洛中絵図解題)","吉川弘文館","1969","","限定版,  寛永14(1637)年7月2日に完成した洛中絵図の下絵図(宮内庁書陵部蔵)のコロタイプ複製全体図縮図(南北2葉), 原本の原寸大60分割図(60葉), 縮尺：1500:1","",""
"291.62","17-6","洛中絵図　寛永後 万治前　（全74葉）　(帙入)","解題者: 川上 貢（付 (別冊 33p 22cm))","臨川書店 (京都)","1979.9","","本絵図は寛永19年(1642)前後の洛中全域を、1368分の１の縮尺で記した地割図。京都大学附属図書館蔵、中井家旧蔵の複製","",""
"291.361","17-6","大東京鳥瞰写真地図（昭和8年東京空中写真地図: 飛行機撮影一萬分之一縮寫（復刻版））","解説: 日本国際地図学会, 大東京鳥瞰写真地図複製刊行編集委員会","(財) 日本地図センター","2004.7","","原本: 博文館昭和8年刊, 
付属資料: CD-ROM1枚
","",""
"","","","","","","","","",""
"","","","","","","","","",""
"","","","","","","","","",""
"","","","","","","","","",""
"","","","","","","","","",""
"","机上","唐大明宮勝境図","","","","","","",""
"―","机上","天橋立之景 ・日本三景天ノ橋立","","","1890/1896(明治23年/明治29年)","","日本画, 2枚","",""
"―","机上","楽山花鳥画譜：「八重椿にちやぼ（中春）」","土屋楽山 （楽山篁子生）","","1929(昭和4年)","","彩色木版刷","",""
"","","","","","","","","",""
"","",""," ","","","","","",""
"162.1","18-1","原日本の精神風土      (NTT出版ライブラリーレゾナント  45)","久保田 展弘 著","NTT出版","2008.7","","","",""
"210.3","18-1","神々の原像：『先代旧事本紀』に秘められた神々の伝承","大野 七三 著","批評社","2001.3","","","",""
"521.817","18-1","山に立つ神と仏：柱立てと懸造の心性史   　　(講談社選書メチエ 727)","松﨑 照明 著","講談社","2020.5","","","",""
"163.1","18-1","山の霊力：日本人はそこに何を見たか　　(講談社選書メチエ 261)","町田 宗鳳 著","講談社","2003.2","","","",""
"160.4","18-1","「現代宗教」２　特集　山岳宗教","佐々木 宏幹, 宮田 登, 山折 哲雄 編集同人","春秋社","1980.1","","","",""
"170","18-1","神道の常識がわかる小事典　　(PHP新書)","三橋 健 著","PHP研究所","2007.5","","","",""
"162.1","18-1","日本多神教の風土　　(PHP新書)","久保田 展弘 著","PHP研究所","1997.8","","","",""
"170","18-1","神道と日本人","葉室 賴昭 著","春秋社","2013.9","","","",""
"175.9","18-1","神社の系譜：なぜそこにあるのか　　　(光文社新書)","宮元 健次 著","光文社","2006.4","","","",""
"175","18-1","神社の起源と古代朝鮮　　(平凡社新書 704)  ","岡谷 公二 著","平凡社","2013.11","","","",""
"175.9","18-1","新羅の神々と古代日本：新羅神社の語る世界","出羽 弘明 著","同成社","2004.5","","","",""
"175.5","18-1","鳥居　　(光文社新書)","稲田 智宏 著","光文社","2002.10","","","",""
"172","18-1","なぜ八幡神社が日本でいちばん多いのか : 〈最強11神社〉八幡/天神/稲荷/伊勢/出雲/春日/熊野/祇園/諏訪/白山/住吉の信仰系統　　(幻冬舎新書 し-5-6)","島田 裕巳 著","幻冬舎","2013.11","","","",""
"172","18-1","謎多き神八幡様のすべて：石清水八幡宮の宮司が語る","田中 恆清 (石清水八幡宮宮司) 著","新人物往来社","2010.3","","","",""
"210.3 ","18-1","三輪山の神々","上田 正昭 , 門脇 禎二, 櫻井 治男, 塚口 義信, 和田 萃  著","学生社","2003.3","","大神神社が開催の文化講座「三輪山セミナー」をまとめたもの 
","",""
"175.965","18-1","大神神社　　","大神神社 (桜井市) 編, 中山 和敬 著","学生社","2013.12","","増補第３版","",""
"387","18-1","白の民俗学へ：白山振興の鍵を追って","前田 速夫 著","河出書房新社","2006.7","","","",""
"387 ","18-1","水の伝承 : 民間信仰にみる水神の諸相","石上 七鞘 著","新公論社","1979.4","","","",""
"220.04","18-1","境界･祭祀空間","井本 英一 著","平河出版社","1985.9 ","","","",""
"176","18-1","日本の祭と神賑：京都・摂河泉の祭具から読み解く祈りのかたち","森田 玲 著","創元社(大阪)","2015.7","","","",""
"386.1","18-1","日本だんじり文化論 : 摂河泉・瀬戸内の祭で育まれた神賑の民俗誌","森田 玲 著","創元社(大阪)","2021.6","","","",""
"768.2","18-1","神霊の音ずれ : 太鼓と鉦の祭祀儀礼音楽","朱 家駿 著","思文閣出版(京都)","2002.1","","博士論文, 授与大学名 	大阪大学","",""
"386","18-1","祭りの社会学　  (講談社現代新書)","松平 誠 著","講談社","1980.6","","","",""
"","","","","","","","","",""
"","","","","","","","","",""
"160.2","18-2","超越者と風土","鈴木 秀夫 著","大明堂","1976 ","","","",""
"718 ","18-2","すぐわかる図説日本の仏像","宮元 健次 著","東京美術","2003.3","","","",""
"702.098","18-2","南無佛陀（ナムブッダ）","町田 甲一 著","保育社(大阪)","1987.4","","","",""
"","","","","","","","","",""
"521.818","18-2","法隆寺の謎を解く      (ちくま新書)","武澤 秀一 著","筑摩書房","2006.6","","","",""
"188.6","18-2","浄土の世界","菊村紀彦 著","勁草書房","1983.5","","","",""
"188.62","18-2","法然伝と浄土宗史の研究       (思文閣史学叢書)","中井 真孝 著","思文閣出版(京都)","1994.12","","","",""
"188.52","18-2","空海","髙村 薫 著","新潮社","2015.9","","空海, 774-835","",""
"188.74","18-2","初めて出会う歎異抄","児玉 浩憲 著","朝日ソノラマ","1997.5","","","",""
"210.42","18-2","鎌倉大仏の中世史","馬淵和雄 著","新人物往来社","1998.11","","","",""
"188.42","18-2","円仁とその時代","鈴木 靖民 編","高志書院","2009.2","","円仁, 794-864","",""
"188.84","18-2","禅的生活　　　(ちくま新書)","玄侑宗久 著","筑摩書房","2003.12","","","",""
"361.5","18-2","禅という名の日本丸","山田 奨治 著","弘文堂","2005.4","","","",""
"188.8","18-2","禅マインドビギナーズ・マインド","鈴木 俊隆 著, 松永 太郎 訳","サンガ","2010.8","","","",""
"791.6","18-2","庭と建築の煎茶文化 : 近代数寄空間をよみとく","尼﨑 博正, 麓 和善, 矢ケ崎 善太郎 編著","思文閣出版(京都)","2018.12","","","",""
"383.889","18-2","中国喫茶文化史　   (岩波現代文庫)","布目 潮渢 著　","岩波書店","2001.3","","","",""
"129.74","18-2","チャクラ","C.W.リードビーター(Leadbeater, Charles Webster) 著,  本山 博, 湯浅 泰雄 共訳","平河出版社","1979.3","","Leadbeater, Charles Webster, 1854-1934
原タイトル: The chakras ","",""
"335","18-2","中国哲学と現代科学 : 気と理に導かれた「正しい経営」","唐沢 昌敬 著","慶應義塾大学出版会","2013.5","","","",""
"125.46","18-2","朱子の自然学","山田 慶児 著","岩波書店","1978.4","","","",""
"121.02","18-2","道教と日本文化","福永 光司 著","人文書院(京都)","1982.3","","","",""
"166.04","18-2","道教と共生思想 : 第3回日米道教研究会議論文集","田中文雄, テリー・クリーマン(Kleeman, Terry F) 編","大河書房","2009.10","","","",""
"","","","","","","","","",""
"","","","","","","","","",""
"","","","","","","","","",""
"612.1","18-3","風土 : 大地と人間の歴史","玉城 哲, 旗手 勲 著","平凡社","1974","","","",""
"361.5","18-3","文化としての時間","エドワード・T.ホール (Hall, Edward Twitchell, 1914-2009) 著, 宇波 彰 訳","TBSブリタニカ","1983.12","","原タイトル: The dance of life:the other dimension of time","",""
"164","18-3","原初の風景とシンボル　","金光 仁三郎 著","大修館書店","2001.6","","","",""
"380","18-3","風流の図像誌","郡司 正勝 著","三省堂","1987.6","","","",""
"704","18-3","こころと形","谷川 徹三 著","岩波書店","1975","","","",""
"","","","","","","","","",""
"148.5","18-3","図説風水大全","リリアン・トゥー (Too, Lillian) [著], 小林祥晃 監訳","東洋書林","1998.9","","原タイトル: The complete illustrated guide to feng shui ","",""
"122.04 ","18-3","風水思想と東アジア","渡邊 欣雄 著","人文書院","1990.7","","","",""
"221.4","18-3","ソウル : 世界の都市の物語　   (文春文庫)","姜 在彦 著","文藝春秋","1998.11","","","",""
"221.06","18-3","朝鮮一九三〇年代研究","むくげの会 編","三一書房","1982.10","","","",""
"148.5","18-3","韓国の風水師たち","野崎 充彦 著","人文書院(京都)","1994.8","","","",""
""," ","","","","","","","",""
"148.5","18-3","風水探源：中国風水の歴史と実際","何 暁昕 著, 宮崎 順子 訳, 監訳: 三浦 国雄 ","人文書院(京都)","1995.3","","","",""
"148.5","18-3","中国の風水思想 : 古代地相術のバラード","J.J.M.デ・ホロート(Groot, Jan Jakob Maria de) [著],  牧尾 良海 訳","第一書房","1986.6","","『風水』 (大正大学出版部昭和52年刊) の改題新装改版 ","",""
"148.5","18-3","華僑の風水学：成功をもたらす開運法のすべて","鮑 黎明 著","東洋経済新報社","1994.9","","","",""
"222.0032","18-3","中国五千年史地図年表　　　(陳舜臣中国ライブラリー   別巻）","稲畑耕一郎 編","集英社","2001.12","","","",""
"289.2","18-3","乾隆帝 : その政治の図像学 　　（文春新書 567)","中野美代子 著","文藝春秋","2007.4","","","",""
"","","","","","","","","",""
"220.04","18-3","アジアの形を読む     (形の文化誌 1)","形の文化会 編,  執筆: 杉浦康平ほか ","工作舎","1993.12","","","",""
"701","18-3","奇景の図像学","中野 美代子 著","角川春樹事務所、発売: ハルキ・コミュニケーション ","1996.4","","","",""
"702.22","18-3","中華図像遊覧","杉原 たく哉 著","大修館書店","2000.6","","","",""
"124.1","18-3","沈黙の宗教 - 儒教　（ちくまライブラリー　99）","加地 伸行 著","筑摩書房","1994.7","","","",""
"156","18-3","武士道 : いま、拠って立つべき""日本の精神""
    (PHP文庫)","新渡戸 稲造 著, 岬 龍一郎 訳","PHP研究所","2005.8","","","",""
"","","","","","","","","",""
"","","","","","","","","",""
"133","18-5","現代思想ピープル 101     (新装)","今村 仁司 編","新書館","1999.10","","今村, 仁司, 1942-2007","",""
"115","18-5","認識の風景　   (哲学叢書) ","沢田 允茂 著"," 岩波書店","1975","","","",""
"801","18-5","記号を哲学する　  (講座･記号論 2)","川本 茂雄〔ほか〕編","勁草書房","1982","","","",""
"401","18-5","自然的世界 : 自然認識の多重構造 ","大江 精三 著","南窓社","1969","","","",""
"116.9","18-5","構造と力 : 記号論を超えて　","浅田 彰 著","勁草書房","1983.9","","","",""
"304","18-5","哲学への回帰 : 資本主義の新しい精神を求めて","稲盛 和夫, 梅原 猛 著","PHP研究所","1995.9","","","",""
"801.4","18-5","意味論 : ことばの意味      (文庫クセジュ)","ピェール・ギロー(Guiraud, Pierre) 著,  佐藤 信夫 訳","白水社","1958","","","",""
"116","18-5","意味の論理 : 意味の論理学の構築について","ジャン・ピアジェ(Piaget, Jean), ローランド・ガルシア(Garcia, Rolando) 著,  芳賀 純, 能田 伸彦 監訳,  原田 耕平 [ほか] 訳","三和書籍","2022.7","","Piaget, Jean, 1896-1980
原タイトル : Vers une logique des significations","",""
"135.9","18-5","知覚の現象学　１","M・メルロー＝ポンティ (Merleau-Ponty, Maurice, 1908-1961)","みすず書房","1974","","原タイトル：Phénoménologie de la Perception, par Maurice Merleau-Ponty, ","",""
"135.9","18-5","知覚の現象学　２","M・メルロー＝ポンティ (Merleau-Ponty, Maurice, 1908-1961)","みすず書房","1974","","原タイトル：Phénoménologie de la Perception, par Maurice Merleau-Ponty, ","",""
"133.9","18-5","シンボルの哲学","S.K.ランガー著, 矢野 万里 ほか訳","岩波書店","1981.12","","原タイトル: Philosophy in a new key. 3rd ed","",""
"361.7","18-5","「思想の科学」No.104  集団の想像力　(別冊19   昭和63年6月臨時増刊)","「思想の科学」編集委員会 編","思想の科学社","1988.6.10","","","",""
"361.7","18-5","場と共創　NTT出版","清水 博 編著,久米 是志, 三輪 敬之, 三宅 美博 共著","NTT出版","2000.4 ","","","",""
"","","","","","","","","",""
"134.57","18-5","自然について　　(角川文庫)","ショーペンハウェル( 	Schopenhauer, Arthur) [著], 石井正 訳","角川書店","1966.10","","４版","",""
"135.34","18-5","ルソー　自然と社会","ルソー(Rousseau, Jean-Jacques) 著,  平岡 昇 編","白水社","1967","","","",""
"135.34","18-5","ルソー　   (岩波新書  473)","桑原 武夫 著","岩波書店","1991.10","","","",""
"135.48","18-5","孤独な散歩者の夢想　     (岩波文庫)","ルソー(Rousseau, Jean-Jacques) 著,  今野 一雄訳","岩波書店","1991","","別タイトル: Rêveries du promeneur solitaire.(1776-1778)","",""
"135.34","18-5","ルソー　  (Century Books, 人と思想  14 )","中里 良二 著","清水書院","2015.9","","Rousseau, Jean-Jacques, 1712-1778","",""
"133.424","18-5","J.S.ミル       (センチュリーブックス. 人と思想  18)","菊川 忠夫 著","清水書院","1966","","Mill, John Stuart, 1806-1873","",""
"154","18-5","アダム・スミス : 『道徳感情論』と『国富論』の世界      (中公新書)","堂目 卓生 著","中央公論新社","2009.1","","","",""
"331.321","18-5","アダム・スミス      (岩波新書)","高島 善哉 著","岩波書店","1968","","","",""
"331.42","18-5","国富論 : 国の豊かさの本質と原因についての研究 上 ","アダム・スミス(Smith, Adam) 著,  山岡 洋一 訳","日本経済新聞出版社","2007.3","","原タイトル: An inquiry into the nature and causes of the wealth of nations. (第6版) ","",""
"331.42","18-5","国富論 : 国の豊かさの本質と原因についての研究 下","アダム・スミス(Smith, Adam) 著,  山岡 洋一 訳","日本経済新聞出版社","2007.3","","","",""
"134.64","18-5","マルクスの自然概念　　 (叢書・ウニベルシタス)","アルフレート・シュミット(Schmidt, Alfred) 著,  元浜 清海 訳","法政大学出版会","1972.12","","","",""
"950.278","18-5","ヴァレリー : 知性と感性の相剋      (岩波新書  新赤版 1236)","清水 徹 著","岩波書店","2010.3","","Valéry Paul, 1871-1945","",""
"950.278","18-5","ヴァレリー 芸術と身体の哲学 　　(講談社学術文庫  2645)","伊藤 亜紗 著","講談社","2021.1","","Valéry, Paul, 1871-1945","",""
"954.7","18-5","精神の危機 : 他十五篇 　　(岩波文庫   32-560-5)　２冊","ポール・ヴァレリー(Valéry, Paul) 著,  恒川 邦夫 訳","岩波書店","2010.5","","","",""
"135.4","18-5","ベルクソンの哲学 : 生成する実在の肯定   　(講談社学術文庫  2716)","檜垣 立哉 著","講談社","2022.5","","勁草書房2000年刊の改訂 
Bergson Henri, 1859-1941","",""
"138","18-5","迷宮の哲学","シエストフ 著, 植野 修司 訳","雄渾社","1968.1","","","",""
"361.5","18-5","文化の政治学       (Selection21)","ミシェル・ド・セルトー(Certeau, Michel de) 著, 山田 登世子 訳","岩波書店","1990.1","","Certeau, Michel de, 1925-1986
原タイトル: La culture au pluriel","",""
"519.2","18-5","エコロジーの新秩序 : 樹木,動物,人間       (叢書・ウニベルシタス  451)","リュック・フェリ(Ferry, Luc) 著,  加藤 宏幸 訳","法政大学出版局","1994.8","","原タイトル:Le nouvel ordre écologique : l'arbre, l'animal et l'homme","",""
"","","","","","","","","",""
"","","","","","","","","",""
"","","","","","","","","",""
"361.5","18-6","本能 : その社会学的考察","ロジェ・カイヨワ(Caillois, Roger) 著,  野村 二郎, 中原 好文 訳","思索社","1974","","Caillois, Roger, 1913-1978","",""
"361","18-6","人間であるために","ルネ・デュボス 著,  野島 徳吉, 遠藤 三喜子 訳
著者標目 	Dubos, René Jules, 1901-1982","紀伊国屋書店","1970","","Dubos, René Jules, 1901-1982","",""
"112.2","18-6","人間と空間","オットー・フリードリッヒ・ボルノウ(Bollnow, Otto Friedrich) 著,  大塚 恵一 [ほか] 訳","せりか書房","1978.11","","","",""
"108","18-6","講座・現代の哲学   4   自然と反自然 ","田島 節夫 [等] 編集,  坂本 賢三,  後藤 邦夫,  加藤 芳慶,  中川 米造,  志貴 春彦,  岩津 洋二,  中岡 哲郎","弘文堂","1977.6","","","",""
"209.3","18-6","人類史の原風土","上野 登 著","大明堂","1985.7","","","",""
"420.4","18-6","限界を越えて","ハイゼンベルグ(Heisenberg, Werner) 著,  尾崎 辰之助 訳","蒼樹書房","1973","","Heisenberg, Werner, 1901-1976","",""
"460.4","18-6","多様性と個性 : 生物学基礎論への試み 
","飯島 衛 著","みすず書房","1978.4","","","",""
"112.1","18-6","時間と空間の哲学","イアン・ヒンクフス(Hinckfuss, Ian) 著, 村上 陽一郎, 熊倉 功二 訳","紀伊国屋書店","1979.4","","","",""
"401","18-6","科学と神 : サイバネティックスと宗教","ノーバート・ウィーナー(Wiener, Norbert) 著,  鎮目 恭夫 訳","みすず書房","1965","","Wiener, Norbert, 1894-1964","",""
"460.4","18-6","人間に未来はあるか : 爆発寸前の生物学      (みすず科学ライブラリー  14)","テイラー(Taylor, Gordon Rattray) 著,  渡辺 格, 大川 節夫 訳","みすず書房","1969","","Taylor, Gordon Rattray, 1911-","",""
"460.4","18-6","人間に未来はあるか  続   最後の審判 ","テイラー(Taylor, Gordon Rattray) 著,  大川 節夫 訳","みすず書房","1971","","","",""
"469.2","18-6","自然のなかの人間の位置","テイヤール・ド・シャルダン(Teilhard de Chardin, Pierre) 著,  島崎 通夫 訳","春秋社","1968","","Teilhard de Chardin, Pierre, 1881-1955","",""
"135.9 ","18-6","人間の未来       (テイヤール・ド・シャルダン著作集 2)","ピエール・テイヤール・ド・シャルダン(Teilhard de Chardin, Pierre) 著,  伊藤 晃,  渡辺 義愛 訳","みすず書房","1969.4","","自然における人間の位置 / 日高敏隆 訳人間のエネルギー / 高橋三義 訳（提供元: 国立国会図書館蔵書）","",""
"191","18-6","「理想」 第434号　テイヤール・ド・シャルダン","三雲 夏生, 江藤 太郎, 八杉 竜一, P ネメシェギ(Nemeshegyi, Peter) , 島崎 通夫, 周郷 博 著","理想社","1969.7","","部分タイトル: テイヤール・ド・シャルダン","",""
"420.4","18-6","現代物理学の自然像　","W.ハイゼンベルク(Heisenberg, Werner) 著,  尾崎 辰之助 訳, 1901-1976","みすず書房","1965","","","",""
"402","18-6","自然の歴史      (世界の思想  15)","C.F.ヴァイツェッカー(Weizsäcker, Carl Friedrich) 著,  西川 富雄 訳","法律文化社","1968","","Weizsäcker, Carl Friedrich, 1912-2007","",""
"304","18-6","自然の思想 : 東西文化比較研究","日本文化会議 編","研究社出版","1974","","日本文化会議主催, 1973年11月17-18日, 大磯で開催された「東西文化比較研究第4回セミナー」の内容をめとめたもの ","",""
"519","18-6","自然の富 : 環境の歴史とエコロジーの構想      (農政研究センター国際部会リポート  no.38)","ドナルド・ウォスター(Worster, Donald) 著,  小倉 武一 訳","農山漁村文化協会,  食料農業政策研究センター","1997.10","","原タイトル: The wealth of nature ","",""
"108","18-6","「季刊科学と思想」 (1) 　現代における自然と人間 (特集) ","新日本出版社 編","新日本出版社","1971.7","","","",""
"108","18-6","自然について     (「哲学雑誌」 第89巻761号)","哲学会","有斐閣","1974.10","","","",""
"519.5","18-6","環境と地学 : 大気と水と土","福岡 義隆 著","森北出版","1977.10","","","",""
"114","18-6","岩波講座 転換期における人間  2  自然とは ","宇沢 弘文 ほか編","岩波書店","1989.9","","","",""
"525.1","18-6","人間尺度論","戸沼 幸市 著","彰国社","1978.6","","","",""
"361.7","18-6","トポフィリア　人間と環境　イーフート　せりか書房","イーフー・トゥア(Tuan, Yi-fu) 著,  小野 有五, 阿部 一 共訳","せりか書房","1992.1","","原タイトル: Topophilia ","",""
"404","18-6","形の全自然学","ランスロット・L.ホワイト(Whyte, Lancelot Law, 1896-1972) 編, 斎藤 栄一 訳","工作舎","1985.5","","原タイトル: Aspects of form:a symposium on form in nature and art","",""
"361","18-6","かくれた次元","エドワード・ホール(Hall, Edward Twitchell, 1914-2009) 著, 日高 敏隆, 佐藤 敏行 訳","みすず書房","1970.10","","原タイトル: The hidden dimension","",""
"331","18-6","自然と人間のための経済学     (朝日選書)","中岡 哲郎 編, 執筆: 玉野井 芳郎 [等]","朝日新聞社","1977.11","","","",""
"","","","","","","","","",""
"","","","","","","","","",""
"","","","","","","","","",""
"136","18-7","オルテガ : 現代文明論の先駆者　   (中公新書)","色摩 力夫 著","中央公論社","2022.5","","Ortega y Gasset, José, 1883-1955","",""
"230","18-7","大衆の反逆　   (ちくま学芸文庫)","オルテガ・イ・ガセット(Ortega y Gasset, José) 著,  神吉 敬三 訳","筑摩書房","1995.6","","","",""
"136","18-7","反文明的考察       (東海大学文明研究所シリーズ ７)","ホセ・オルテガ・イ・ガセー(Ortega y Gasset, José) 著,  西沢 龍生 訳
著者標目 	Ortega y Gasset, José, 1883-1955","東海大学出版会","1966","","Ortega y Gasset, José, 1883-1955","",""
"904","18-7","喜劇としての人間　ー文学的エコロジー序説","ジョセフ・W.ミーカー(Meeker, Joseph W)著, 越智 道雄 訳, 序文:ローレンツ","文化放送開発センター出版部","1975.10","","原タイトル: The comedy of survival; Studies in Literary Ecology","",""
"143.8","18-7","鏡の背面　上　","K.ローレンツ 著 (Lorenz, Konrad, 1903-1989), 谷口 茂 訳","思索社","1974.8","","原タイトル: Die Rückseite des Spiegels
","",""
"143.8","18-7","鏡の背面　下","K.ローレンツ 著 (Lorenz, Konrad, 1903-1989), 谷口 茂 訳","思索社","1974.9","","原タイトル: Die Rückseite des Spiegels
","",""
"481.78","18-7","生命は学習なり : わが学問を語る","K.ローレンツ(Lorenz, Konrad), F.クロイツァー(Kreuzer, Franz) [述], 三島 憲一 訳","思索社","1982.3","","Lorenz, Konrad, 1903-1989
原タイトル: Leben ist Lernen","",""
"","","","","","","","","",""
"404","18-7","鏡の伝説 : カオスｰフラクタル理論が自然を見る目を変えた","J.ブリッグス (Briggs, John) ＋ F.D.ピート (Peat, F. David) 著,  高安 秀樹＋高安 美佐子 訳","ダイヤモンド社","1991.11","","原タイトル: Turbulent mirror","",""
"369.4","18-7","子どものシビル・ミニマム : 視点と生活実態","阿利 莫二 ほか編","弘文堂","1979.9","","","",""
"367.6","18-7","私の子ども文化論","かこ さとし 著","あすなろ書房","1981.11","","","",""
"414","18-7","フラクタル　","高安 秀樹 著","朝倉書店","1986.4","","","",""
"","","","","","","","","",""
"292.24","18-7","空想紀行","山本 七平 著, 編集: 第一出版センター ","講談社","1981.5","","","",""
"","","","","","","","","",""
"305","18-7","歴史と社会 : 人文学の方法 １ ","リブロポート 編, 著者：大塚 久雄・内田 義彦, 荒川 幾男, 丸山 圭三郎, 宮崎 犀一, 佐和 隆光, 八木 誠一, 中山 茂, 上山 安敏, 長 幸男, 梅原 猛・清水 九兵衛 [ほか]著","リブロポート","1982.10","","","",""
"361.4","18-7","孤独な群衆　","リースマン(Riesman, David) 著, 加藤 秀俊 訳","みすず書房","1964",""," Riesman, David, 1909-2002 
 加藤, 秀俊, 1930-2023","",""
"256","18-7","孤独の迷宮 : メキシコの文化と歴史      (叢書・ウニベルシタス)","オクタビオ・パス(Paz, Octavio) 著,  高山 智博, 熊谷 明子 訳","法政大学出版局","1982.10","","Paz, Octavio, 1914-1998","",""
"361.42","18-7","環境からの発想 : 日本社会の風土学","新津 靖 著","講談社","1982.5","","","",""
"702.1","18-7","ジャパネスクの見方","西岡 文彦 著","作品社","1989.10","","","",""
"361.78","18-7","「見物」の精神      (PHPブライテスト)","加藤 秀俊 著","PHP研究所","1990.12","","","",""
"120","18-7","日本の伝統的文化","田代 秀徳 著","東海大学出版会","1965","","","",""
"795","18-7","囲碁の民話学","大室 幹雄 著","せりか書房","1977.5","","","",""
"361.5","18-7","「縮み」志向の日本人","イー・オリョン(李, 御寧) 著","学生社","1982.1",""," ","",""
"389.1","18-7","菊と刀 : 日本文化の型   定訳","ルース・ベネディクト(Benedict, Ruth) 著,  長谷川 松治 訳","社会思想社","1972","","Benedict, Ruth, 1887-1948","",""
"204","18-7","文化史の課題　　(文明研究所シリーズ４)","ヨハン・ホイジンガ(Huizinga, Johan) 著, 里見 元一郎 訳","東海大学出版会","1978.9","","Huizinga, Johan, 1872-1945","",""
"790","18-7","遊びの文化史      (ベルブックス)","和歌森 太郎 著","日本交通公社出版事業局","1973","","和歌森, 太郎, 1915-1977","",""
"291.62","18-7","京都の壁 = Walls in Kyoto      (京都しあわせ倶楽部)","養老 孟司 著","PHP研究所(京都)","2017.5","","","",""
"380","18-7","宴と日本文化 : 比較民俗学的アプローチ      (中公新書)","伊藤 幹治 著","中央公論社","1984.12","","","",""
"520.4","18-7","イメージゲーム　ー異文化との遭遇","磯崎 新 著","鹿島出版会","1990.11","","磯崎, 新, 1931-2022","",""
"331","18-7","豊かさの文化経済学      (丸善ライブラリー  77)","松原 隆一郎 著","丸善","1993.2","","","",""
"210.75","18-7","魂 (こころ) のさけび : 鹿屋航空基地史料館10周年記念誌 : いまを生きている人へ特攻で散華された若者たちの最後の言葉","**","鹿屋航空基地史料館連絡協議会(鹿屋)","2003.12","","","",""
"954","18-7","日本の原像を求めて","ニコラ・ブーヴィエ 著,高橋 啓 訳","草思社","1994.11","","原タイトル: Chronique Japonaise
Nicolas Bouvier
ISBN：4794205759","",""
"","","","","","","","","",""
"","","","","","","","","",""
"141.5","18-8","創造活動の理論 上巻 : 芸術の源泉と科学の発見","アーサー・ケストラー (Koestler, Arthur, 1905-1983) 著, 大久保 直幹・中山 末喜・松本 俊夫 訳","ラテイス","1966","","","",""
"140.8","18-8","文化と人間　　（講座 現代の心理学）","祖父 江孝男 ほか著","小学館","1982.2","","","",""
"134.99","18-8","遊戯の存在論","E・フィンク (Fink, Eugen, 1905-1975) 著, 石原 達二 訳","せりか書房","1971","","","",""
"104","18-8","遊びと人間　   (講談社学術文庫)","ロジェ・カイヨワ(Caillois, Roger) 著, 多田 道太郎, 塚崎 幹夫 訳
著者標目 	Caillois, Roger","講談社","1990.4","","原タイトル: Les jeux et les hommes. 1967 ed ","",""
"104","18-8","遊びの遊び","ジャン・デュビニョー (Duvignaud, Jean, 1921- ) 著, 渡辺 淳 訳","法政大学出版会","1986.10","","原タイトル: Le jeu du jeu","",""
"104","18-8","遊び : 遊ぶ主体の現象学へ　（白水叢書　54）","ジャック・アンリオ (Henriot, Jacques, 1923-) 著, 佐藤 信夫 訳","白水社","1981.5","","原タイトル: Le jeu","",""
"104","18-8","遊び ー世界の象徴として","オイゲン・フィンク (Fink, Eugen, 1905-1975) 著, 千田 義光 訳","せりか書房","1976","","","",""
"210.3","18-8","古代日本の遊びの研究","荻野 恕三郎 著","南窓社","1982.2","","","",""
"304","18-8","遊びの研究","岡 敬三 他編","三一書房","1976","","","",""
"371.45","18-8","幼児心理学 第2 (遊びの心理学)
","ジャン・ピアジェ (Piaget, Jean, 1896-1980)著, 大伴 茂 訳","黎明書房","1967","","","",""
"371.45","18-8","人間はなぜ遊ぶか　ー遊びの総合理論","M.J.エリス (Ellis, Michael J, 1936- ) 著,  森 楙, 大塚 忠剛, 田中 亨胤 訳","黎明書房","1977.7","","原タイトル:  Why people play","",""
"376.157","18-8","シリーズ・子どもの遊び　１　遊びの動態","井口 尚之, 蛯谷 光司, 高杉 自子, 平井 信義 編","明治図書","1969.6","","","",""
"376.157","18-8","シリーズ・子どもの遊び　２　遊びの心情","井口 尚之, 蛯谷 光司, 高杉 自子, 平井 信義 編","明治図書","1969.6","","","",""
"376.157","18-8","シリーズ・子どもの遊び　３　遊びの創造","井口 尚之, 蛯谷 光司, 高杉 自子, 平井 信義 編","明治図書","1969.6","","","",""
"389","18-8","「遊び」の文化人類学   (講談社現代新書)","青柳 まちこ 著","講談社","1977.4","","","",""
"675","18-8","「遊び」の経済学 : 新しい消費社会の可能性を探る","粟田 房穂 著","PHP研究所","1986.11","","","",""
"704","18-8","遊びの論","安田 武 著","永田書房","1971","","","",""
"361.6","18-8","遊びの社会学     (世界思想ゼミナール)","井上 俊 著","世界思想社","1984.3","","","",""
"790.4","18-8","あそびの再発見","日本文化デザイン会議 編","紀尾井書房","1983.12","","","",""
"914.6","18-8","遊びの時代　","高内 壮介 著","八坂書房","1981.8","","","",""
"404","18-8","自然と遊戯 (ゲーム) : 偶然を支配する自然法則","M.アイゲン (Eigen, Manfred, 1927-), R.ヴィンクラー (Winkler, Ruthild, 1941-)著,  寺本 英, 伊勢 典夫 ほか訳","東京化学同人","1981.10","","原タイトル: Das Spiel:Naturgesetze steuern den Zufall","",""
"134.99","18-8","遊戯の存在論","オイゲン・フィンク (Fink, Eugen, 1905-1975) 著, 石原 達二 訳","せりか書房","1971","","原タイトル: Oase des Glücks : Gedanken zu einer Ontologie des Spiels

","",""
"141.6","18-8","楽しみの社会学 : 不安と倦怠を越えて","M.チクセントミハイ (Csikszentmihalyi, Mihaly, 1934- ) 著, 今村 浩明 訳","思索社","1979.5","","原タイトル: Beyond boredom and anxiety","",""
"365.7","18-8","余暇の社会学","加藤 秀俊 著","PHP研究所","1984.2","","","",""
"","","","","","","","","",""
"491.371","18-8","こころの量子論　ーこころの構造と脳","大木 幸介 著","日経サイエンス社","1984.6","","","",""
"146.8","18-8","箱庭療法入門","河合 隼雄 著","誠信書房　","1968.8","","","",""
"146.8","18-8","箱庭療法こころが見えてくる方法 : 不登校・情緒不安定・人間関係の悩み       (講談社+α新書)","田中 信市 著","講談社","2004.1","","","",""
"141.93","18-8","性格はいかにつくられるか      (岩波新書)","詫摩 武俊 著","岩波書店","1967.8","","","",""
"158","18-8","大人の友情","河合 隼雄 著","朝日新聞社","2005.2","","","",""
"361.5","18-8","モラトリアム人間の時代","小此木 啓吾 著","中央公論社","1978.10","","","",""
"361.4","18-8","ピーター・パン・シンドローム : なぜ、彼らは大人になれないのか","ダン・カイリー (Kiley, Dan, -1996) 著, 小此木 啓吾 訳","祥伝社","1984.5","","原タイトル: The Peter Pan syndrome","",""
"146.1","18-8","シゾイド人間 : 内なる母子関係をさぐる","小此木 啓吾 著","朝日出版社","1980.5","","","",""
"","","","","","","","","",""
"","","","","","","","","",""
"","","","","","","","","",""
"401","18-9","複雑系","M.ミッチェル･ワールドロップ 著,  田中 三彦, 遠山 峻征 訳","新潮社","1996.6","","原タイトル: Complexity, 
Waldrop, M. Mitchell","",""
"331.04","18-9","複雑系の経済学 : 入門と実践","週刊ダイヤモンド編集部, ダイヤモンド・ハーバード・ビジネス編集部 共編","ダイヤモンド社","1997.6","","","",""
"331.04","18-9","複雑系経済学入門","塩沢 由典","生産性出版","1997.9","","","",""
"401","18-9","「現代思想」1996.11, vol.24-13　　特集＝複雑系","**","青土社","1996.11","","","",""
"579.9","18-9","バイオエコノミー : 新しい経済法則がすべてのビジネスを変える","リチャード・W.オリバー(Oliver, Richard W, 1946- ) 著, 酒井 泰介 訳","ダイヤモンド社","2002.2","","原タイトル: The coming biotech age,
Oliver, Richard W, 1946- ","",""
"460.4","18-9","生命システム  　(シリーズ　複雑系の科学と現代思想)","金子 邦彦, 郡司 ペギオ・幸夫, 高木 由臣","青土社","1997.11","","","",""
"334.7","18-9","自然資本の経済 : 成長の限界を突破する新産業革命","ポール・ホーケン (Hawken, Paul)＋エイモリ・B.ロビンス (Lovins, Amory B,),  L.ハンター・ロビンス (Lovins, L. Hunter) 著,  佐和 隆光 監訳,  小幡 すぎ子 訳","日本経済新聞社","2001.10","","原タイトル: Natural capitalism","",""
"331","18-9","人間復興の経済","E.F.シュマッハー (Schumacher, Ernst Friedrich, 1911-1977) 著, 斉藤 志郎 訳","佑学社","1976","","原タイトル: Small is Beautiful: a Study of Economics as if people mattered
","",""
"331.7","18-9","人間の喜びと経済的価値 : 経済学と心理学の接点を求めて","T.シトフスキー (Scitovsky, Tibor) 著, 斉藤 精一郎 訳","日本経済新聞社","1979.1","","原タイトル: Natural capitalism The Joyless Economy: an inquiry into human satisfaction and consumer dissatisfaction","",""
"332.53","18-9","満足の文化","J.K.ガルブレイス 著, 中村 達也 訳","新潮社","1993.9","","原タイトル: The culture of contentment","",""
"361.5","18-9","贅沢の思想","C.G.クロコフ (Krockow, Christian) 著, 中野 孝次 訳・解説","作品社","1994.9","","原タイトル: Die Heimkehr zum Luxus","",""
"331 ","18-9","幸福の政治経済学 : 人々の幸せを促進するものは何か","ブルーノ・S.フライ (Frey, Bruno S), アロイス・スタッツァー (Stutzer, Alois,) 著, 監訳：佐和 隆光, 訳：沢崎 冬日","ダイヤモンド社","2005.1","","原タイトル: Happiness and economics","",""
"332.1","18-9","新・文化産業論      (東経選書)","日下 公人 著","東洋経済新報社","1978.9","","","",""
"330","18-9","文化としての経済　ー文化人類学からの接近","端 信行 著","ダイヤモンド社","1986.5","","","",""
"338.18 ","18-9","アメリカ経済終わりの始まり : 脱ペーパーマネー経済時代の超資産運用論","松藤 民輔 著","講談社","2006.11","","","",""
"338.21","18-9","バブルの経済学 : 日本経済に何が起こったのか","野口 悠紀雄 著","日本経済新聞社","1992.11","","","",""
"330.4","18-9","さらば！貧乏経済学 : 新しい「豊かさ」と「幸せ」を求めて","日下 公人 著","PHP研究所","1986.9","","","",""
"334.31 ","18-9","人口減少の経済学 : 少子高齢化がニッポンを救う!","原田 泰 著","PHP研究所","2001.12","","","",""
"304","18-9","人口減少で日本は繁栄する : 22世紀へつなぐ国家の道","日下 公人 著","祥伝社","2005.8","","","",""
"311.7 ","18-9","デモクラシーの崩壊と再生　ー学際的接近","南 亮進, 中村 政則, 西沢 保 編","日本経済評論社","1998.2","","","",""
"302.1 ","18-9","日本がアルゼンチン・タンゴを踊る日 : 最後の社会主義国家はいつ崩壊するのか?
(Kobunsha paperbacks ; 5)","ベンジャミン・フルフォード (Fulford, Benjamin, 1961- ) 著","光文社","2002.12","","並列タイトル等: The day Japan came crashing down","",""
"159","18-9","個性を以て貴しとす : ザ・ブライテスト・フォアラン ナー ","日下 公人 著","プレジデント社","1989.12","","","",""
"","","","","","","","","",""
"","","","","","","","","",""
"","","","","","","","","",""
"301","18-10","ひろばの創造 : 移動大学の実験      (中公新書)","川喜田 二郎 著","中央公論社","1977.5","","","",""
"317.1","18-10","計量行政学 : 公共システムのためのＯＲ","フィリップ・M.モース (Philip M. Morse), ローラ・W.ベーコン (Laura W. Bacon) 共編ほか, 訳：藤沢 袈裟利, 藤田 忠, 松行 康夫","鹿島研究所出版会","1972.12","","原タイトル: Operations Research for Public Systems","",""
"333","18-10","計画の思想　ー偶然性との闘い","P.マッセ (Massé, Pierre, 1898-1987)著, 岡山 隆, 寿里 茂 訳","ダイヤモンド社","1972.2","","原タイトル: Le Plan ou L'anti-hasard","",""
"361.4","18-10","システムの生態　ー組織・社会の哲学","R.ボーグスロー (Boguslaw, Robert) 著, 大友 立也 訳","ダイヤモンド社","1972","","原タイトル: New Utopians","",""
"335.9","18-10","計画と情報　(NHK情報科学講座 3)","松田 武彦 著","日本放送出版協会			","1969","","","",""
"335.9","18-10","調査の科学","中原 勲平 著","日刊工業新聞社","1970.6 (第７)","","","",""
"335.9","18-10","意思決定の科学　(マネジメント新書 3）","加瀬 谷忠 著","日本能率協会","1962.6","","","",""
"304","18-10","計画の倫理","鈴木 光男 著","東洋経済新報社","1975","","","",""
"389.04","18-10","創造人類学入門 : 《知》の折返し地点　　　(小学校創造選書 57)","岩田 慶治 著","小学館","1982.11","","","",""
"501.6","18-10","新・エネルギー論 : タテ型思考からヨコ型思考へ　　(NHKブックス 343)","太田 時男 著","日本放送出版協会","1979.5","","","",""
"141.5","18-10","創造の心理　増補","穐山 貞登 著","誠信書房","1962.6","","創造の研究文献: 巻末p[11]-37,  創造の研究年表: p[38]-43","",""
"304","18-10","日本がつくる新文明","入江 隆則 著","講談社","1992.8","","","",""
"304","18-10","そして日本が勝つ","日下 公人 著","PHPソフトウェア・グループ / PHP研究所 (発売)","2004.4","","","",""
"302","18-10","前兆 : 次代へのシグナルをつかむ","W.V.D.ウィシャード (Wishard, William Van Dusen) 著, 唐津 一 監 訳","日本規格協会","1990.11","","原タイトル: A perspective for the '90s: a world in search of meaning","",""
"330.4","18-10","成長の社会的限界","フレッド・ハーシュ (Hirsch, Fred) 著, 都留 重人 監訳","日本経済新聞社","1980.6","","原タイトル: Social limits to growth","",""
"330.4","18-10","生態的思考のすすめ : 人・企業・地球のリスクマネジメント","勝田 光俊 著","TBSブリタニカ","1993.7","","","",""
"361.5","18-10","文化生態学の冒険　ーヒト社会の進化と適応のネットワーク","西山 賢一 著","批評社","1994.2","","","",""
"361.5 ","18-10","越える文化、交錯する境界　ートランス・アジアを翔るメディア文化　（アジア理解講座 3）","岩渕 功一 編","矢吾川出版社","2004.3","","","",""
"316.15","18-10","情報法とプライバシー権","松尾 直 著","文真堂","1995.10","","","",""
"316.1","18-10","プライバシー保護と行政の対応 : 欧米4カ国の国際比較     (JICクレジット研究叢書 no.3)","コリン・J.ベネット (Bennett, Colin John) 著, 江夏 健一 監修, 土屋 彰久 訳","文真堂","1994.2","","原タイトル: Regulating privacy","",""
"319","18-10","国際秩序の解体と統合　　（付, フランシス・フクヤマ対談）","川上 高司 著","東洋経済新報社","1995.5","","","",""
"323.9","18-10","行政法学の構造的変革","大橋 洋一 著","有斐閣","1996.4","","","",""
"507","18-10","技術の創造と設計","畑村 洋太郎 著","岩波書店","2006.11","","","",""
"","","","","","","","","",""
"304","18-10","これからどうなる : 日本・世界・21世紀","岩波書店編集部 編","岩波書店","1983.5","","","",""
"159","18-10","お金・仕事に満足し、人の信頼を得る法 : 東京帝大教授が教える : 『わが処世の秘訣』より","本多 静六 著","三笠書房","2005.9","","","",""
"289.1","18-10","パラムナード：知の痕跡を求めて","前田 耕作 著","せりか書房","2014.1","","","",""
"914.6","18-10","「憧れ」の思想","執行 草舟 著","PHP研究所","2017.2","","執行草舟 実業家、著述家、歌人（提供元: 出版情報登録センター（JPRO））","",""
"","","","","","","","","",""
"","","","","","","","","",""
"","","","","","","","","",""
"141.21","19-1","錯視図形 : 見え方の心理学","今井 省吾 著","サイエンス社","1984.11","","","",""
"757","19-1","デザインの実習 
Pattern and Design  H.L. Cannon","N.I.キャノン(Cannon, N. I) [著],  新井 泉 訳","ダヴィッド社","1959.5","","普及版
原書名: Pattern and design ","",""
"525.1","19-1","パタン・ランゲージ : 町・建物・施工 環境設計の手引","クリストファー・アレグザンダー(Alexander, Christopher) ほか著,  平田 翰那 訳","鹿島出版会","1984.12","","原タイトル: A pattern language ","",""
"496.1","19-1","周辺視機能の精神物理学的研究","苧阪 直行 著","風間書房","1983.2","","","",""
"491.385","19-1","インテリジェント・アイ　  (	みすず科学ライブラリー)","グレゴリー(Gregory, Richard Langton) 著, 金子 隆芳 訳","みすず書房","1972.10","","付: 立体観察用眼鏡1枚","",""
"414","19-1","図形と文化　   (りぶらりあ選書)","ダン・ペドウ(Pedoe, Dan) 著,  磯田 浩 訳","法政大学出版局","1985.1","","原タイトル: Geometry and the liberal arts ","",""
"","","","","","","","","",""
"","","","","","","","","",""
"701.1","19-1","シュタイナー 芸術と美学","ルドルフ・シュタイナー(Steiner, Rudolf) 著,  西川 隆範 編訳","平河出版社","1987.5","","別タイトル: Vorträge über Kunst","",""
"507.6","19-1","創造性の科学 : -図解・等価変換理論入門-","市川 亀久弥 著"," 日本放送出版協会","1970","","市川 亀久弥, 1915-2000","",""
"414.02 ","19-1","世界は幾何学で作られている","アミーア・(Alexander, Amir R) [著],  松浦 俊輔 訳","柏書房","2020.9","","原タイトル: PROOF! ","",""
""," ","","","","","","","",""
"767.6","19-1","校歌の誕生","須田 珠生 著","人文書院(京都)","2020.3","","博士学位論文「近代日本の学校にみる校歌の成立史」 (京都大学, 2018年) を加筆修正したもの ","",""
"761.14","19-1","モーツァルトを科学する : 心とからだをいやす偉大な音楽の秘密に迫る","アルフレッド・トマティス(Tomatis, Alfred) [著],  窪川 英水 訳","日本実業出版社","1994.10","","原タイトル: Pourquoi Mozart? ","",""
"762.34","19-1","ワーグナー　  (岩波新書)","高辻 知義 著","岩波書店","1986.2","","","",""
""," ","","","","","","","",""
"760.49","19-1","すべては音楽から生まれる : 脳とシューベルト　　(PHP新書)","茂木健一郎 著","PHP研究所","2008.1","","","",""
"762.1","19-1","カフェ・タケミツ : 私の武満音楽","岩田 隆太郎 著","海鳴社","1992.11","","Wagner, Richard, 1813-1883","",""
"760.4","19-1","時間の園丁","武満 徹 著","新潮社","1996.3","","","",""
"761.12","19-1","音感覚論 ー音楽理論の生理学的基礎 ","ヘルマン・フォン・ヘルムホル (Helmholtz, Hermann von, 1821-1894)  著, 辻 伸浩 訳","銀河書籍","2014.12","","    原タイトル: Die Lehre von den Tonempfindungen als Physiologische Grundlage für die Theorie der Musik 原著第5版の翻訳","",""
"704","19-1","学芸記者〈哲〉セレクション　ー文学と音楽のあいだ","黛 哲郎 著,  朝日新聞学芸部 編","河出書房新社","1994.7","","","",""
"764.3","19-1","オーケストラの社会史 : ドイツのオーケストラと楽員たちの歩み","Chr.-H.マーリンク(Mahling, Christoph Hellmut),  大崎 滋生 共著","音楽之友社","1990.8","","","",""
"762","19-1","世界の名指揮者","小石 忠男 著","音楽之友社","1974","","","",""
"761.9","19-1","指揮者という仕事","シャルル・ミュンシュ (Munch, Charles, 1891-1968) 著, 福田 達夫 訳","春秋社","1994.10","","","",""
"761.9","19-1","指揮者の仕事術　（光文社新書）","伊東 乾 著","光文社","2011.1","","","",""
"764.3","19-1","オーケストラとは何か　（新潮選書）","みつとみ 俊郎 著","新潮社","1992.1","","","",""
"764.3","19-1","オーケストラ　（文庫クセジュ 703）","アラン・ルヴィエ (Louvier, Alain, 1945- ) 著, 山本 省, 小松 敬明 訳","白水社","1990.3","","原タイトル: L'orchestre","",""
"764.3 ","19-1","オーケストラのマネジメント : 芸術組織における共創環境","大木 裕子 著","文眞堂","2004.1","","博士論文, 早稲田大学,博士 (学術)

","",""
"","","","","","","","","",""
"","","","","","","","","",""
"704","19-2","日本美の周辺","水尾 比呂志 著","PHP研究所(京都)","1981.1","","","",""
"702.1","19-2","吉村貞司著作集  1  (日本美の特質.日本美の構造) ","吉村 貞司 著","泰流社","1979.6","","","",""
"704","19-2","吉村貞司著作集  2  (沈黙の日本美) ","吉村 貞司 著","泰流社","1980.3","","","",""
"908","19-2","加藤周一著作集  12  (芸術の精神史的考察 2)","加藤 周一 著","平凡社","1978.11","","装幀: 池田 満寿夫","",""
"701.1","19-2","美のバロキスム : 芸術学講義      (MAUライブラリー  4)","谷川 渥 著","武蔵野美術大学出版局","2006.12","","","",""
"701.1","19-2","崇高の美学　   (講談社選書メチエ  413)","桑島 秀樹 著","講談社","2008.5","","","",""
"723.04","19-2","風景画論　   (美術名著選書  4)","ケネス・クラーク(Clark, Kenneth McKenzie) 著,  佐々木 英也 訳","岩崎美術社","1967","","","",""
"721.3","19-2","長谷川等伯 : 真にそれぞれの様を写すべし      (ミネルヴァ日本評伝選)","宮島 新一 著","ミネルヴァ書房(京都)","2003.11","","","",""
"723.1","19-2","永遠の画家 佐伯祐三","朝日 晃 著","講談社","1978.9","","","",""
"726.5","19-2","空想工房","安野 光雅 著","平凡社","1979.6","","","",""
"721.9","19-2","風景との対話　  (新潮選書)","東山 魁夷 著","新潮社","1967","","","",""
"723.3","19-2","風景画の出現 : ヨーロッパ美術史講義      (岩波セミナーブックス  S1)","越 宏一 著","岩波書店","2004.10","","書き込み多数","",""
"401","19-2","形・モデル・構造 : 現代科学にひそむ美意識と直観","ジュディス・ヴェクスラー(Wechsler, Judith) 編,  金子 務 監訳, 訳: 竹沢 攻一, 木原 英逸","白揚社","1986.4","","原タイトル: On aesthetics in science ","",""
"141.21","19-2","新視覚新論　   (講談社学術文庫; 2684)","大森 荘蔵 著","講談社","2021.9","","東京大学出版会 1982年刊の再刊 ","",""
"720.4","19-2","視覚のいたずら","長尾 みのる 著","ダイヤモンド社","1980.9","","","",""
"723","19-2","まなざしのレッスン  1  西洋伝統絵画","三浦 篤 著","東京大学出版会","2001.4","","","",""
"414 ","19-2","黄金分割","ハンス・ヴァルサー(Walser, Hans) 著,  蟹江 幸博 訳・解説","日本評論社","2002.9","","原タイトル: Der Goldene Schnitt. (第2版 重訳) ","",""
"414","19-2","黄金比はすべてを美しくするか? : 最も謎めいた「比率」をめぐる数学物語","マリオ・リヴィオ(Livio, Mario) 著,  斉藤 隆央 訳","早川書房","2005.12","","原タイトル: The golden ratio ","",""
"723","19-2","絵画を読む : イコノロジー入門      (NHKブックス  668)","若桑 みどり 著","日本放送出版協会","1993.8","","","",""
"930.29","19-2","「聖母子像」の変容 : アメリカ文学にみる「母子像」と「家族のかたち」","別府 惠子 著
別府 恵子","大阪教育図書","2019.6","","別タイトル: ""The Madonna and Child""through the Years","",""
"704","19-2","キッチュの聖と俗 : 続・日本的庶民の美意識","石子 順造 著","太平出版社","1974","","","",""
"702.37","19-2","レオナルド・ダ・ヴィンチ : ミラノ宮廷のエンターテイナー      (集英社新書  1003)","斎藤 泰弘 著","集英社","2019.12","","","",""
"","","","","","","","","",""
"721.3","19-2","天の橋立とその絵画の考察   (観光資源「天の橋立の研究」その3）　(大阪成蹊女子短期大学研究紀要第14号  抜刷)","小川 寿一・三井 朋子 著","大阪成蹊女子短期大学","1977","","","",""
"721.3","19-2","天の橋立とその絵画・綴錦の考察　その2(終編)　   (観光資源「天の橋立の研究」その4）　(大阪成蹊女子短期大学研究紀要第15号  抜刷)","小川 寿一・三井 朋子 著","大阪成蹊女子短期大学","1978","","","",""
"","","","","","","","","",""
"332.3","19-2","名画で学ぶ経済の世界史","田中 靖浩 著","マガジンハウス","2020.7","","","",""
"","","","","","","","","",""
"","","","","","","","","",""
"","","","","","","","","",""
"702.1","19-3","日本美術の歴史","辻 惟雄 著","東京大学出版会","2005.12","","","",""
"720.1","19-3","絵画空間の哲学 : 思想史の中の遠近法　","佐藤 康邦 著","三元社","1992.3","","","",""
"701.1","19-3","芸術はなぜ必要か    (叢書・ウニベルシタス)","エルンスト・フィッシャー (275p ; 20cm) 著, 河野 徹 訳","法政大学出版局","1967.10","","","",""
"701.1","19-3","心のイメージ : 美術における未完成の問題 西欧の視覚から日本の心象へ　","ヨーゼフ・ガントナー(Gantner, Joseph) 著,  中村 二柄 訳","玉川大学出版部","1983.3","","原タイトル: Das Bild des Herzens ","",""
"757.3","19-3","色を心で視る : 色彩心理学素描","千々岩 英彰 著","福村出版","1984.10","","","",""
"701.1","19-3","美の方程式 : 美=完璧×破れ　","布施 英利 著","講談社","2010.10","","","",""
"723","19-3","画家たちの原風景 : 絵画鑑賞入門","中山 公男 著","実業之日本社","1982.11","","","",""
"291.62","19-3","京都異国遺産　","鶴岡 真弓 編著, 磯部 直希, 野口 良平, 美馬 弘 著","	平凡社","2007.6","","","",""
"902.09","19-3","幻想の地誌学 : 空想旅行 文学渉猟         (ちくま学芸文庫)","谷川 渥 著","筑摩書房","2000.10","","一般注記：
トレヴィル1996年刊の増補","",""
"","","","","","","","","",""
"220.04","19-3","アジアの形を読む      (形の文化誌  1)","形の文化会 編,  執筆: 杉浦 康平 ほか ","工作舎","1993.12","","","",""
"388","19-3","図説 龍とドラゴンの世界      (遊子館歴史選書  6)","笹間 良彦 著,  瓜坊 進 編","遊子館","2008.4","","","",""
"702","19-3","植物とデザイン      (植物と文化双書)","吉田 光邦 著","八坂書房","1980.4","","","",""
"702.01","19-3","イコノグラフィー入門","ルーロフ・ファン・ストラーテン(Straten, Roelof van) 著,  鯨井 秀伸 訳","星雲社 / ブリュッケ","2002.11","","原タイトル: Inleding in de iconografie ","",""
"702.05","19-3","イコノロジー研究 : ルネサンス美術における人文主義の諸テーマ","エルヴィン・パノフスキー(Panofsky, Erwin) 著,  浅野 徹 ほか訳","美術出版社","1987.9","","新装版
原タイトル: Studies in iconology ","",""
"701.1","19-3","美の幾何学 : 天のたくらみ、人のたくみ       (ハヤカワ文庫  NF370. 〈数理を愉しむ〉シリーズ)","伏見 康治, 安野 光雅, 中村 義作 著","早川書房","2010.8","","","",""
"701.1","19-3","美について      (講談社現代新書)","今道 友信 著","講談社","1973","","","",""
"757","19-3","美の構成学 : バウハウスからフラクタルまで      (中公新書)","三井 秀樹 著","中央公論社 	","1996.4","","","",""
"914.6 ","19-3","人はなぜ「美しい」がわかるのか      (ちくま新書)","橋本 治 著","筑摩書房","2002.12","","","",""
"723 ","19-3","廃墟の美学      (集英社新書)","谷川 渥 著","集英社","2003.3","","","",""
"701.1","19-3","プラスチックの木でなにが悪いのか : 環境美学入門","西村 清和 著","勁草書房","2011.12","","","",""
"","","","","","","","","",""
"702.03","19-3","ケルト美術への招待","鶴岡 真弓 著","筑摩書房","1995.6","","","",""
"","","","","","","","","",""
"","","","","","","","","",""
"083","19-4","エドマンド・バーク著作集　１ 現代の不満の原因・崇高と美の観念の起原","Burke, Edmund 著, 中野好之 訳","みすず書房","1973",""," Edmund Burke: 1729.1.12 - 1797.7.9, アイルランド王国生まれのイギリスの政治思想家、哲学者、政治家","",""
"701.1","19-4","美学   第1部  美的なものの特性 3 ","G.ルカーチ(Lukács, György) [著],  後藤 狷士 訳","勁草書房","1978.12","","","",""
"701.08","19-4","講座美学  第1巻  (美学の歴史) ","今道 友信 編集","東京大学出版会","1984.5","","","",""
"701.08","19-4","講座美学  第2巻  (美学の主題) ","今道 友信 編集","東京大学出版会","1984.7","","","",""
"701.08","19-4","講座美学  第3巻  (美学の方法) ","今道 友信 編集","東京大学出版会","1984.9","","","",""
"701.08","19-4","講座美学  第5巻  (美学の将来) ","今道 友信 編集","東京大学出版会","1985.5","","","",""
"701.1","19-4","エステティカ : やさしい美学","望月 登美子 著","文化出版局","1985.4","","","",""
"701","19-4","美と芸術の論理","木幡 順三 著","勁草書房","1980.1","","","",""
"701.4","19-4","美術と視覚 : 美と創造の心理学. 上　　(美術選書)","アルンハイム (Arnheim, Rudolf, 1904-2007) 著, 波多野 完治, 関 計夫 訳","美術出版社","1963","","","",""
"701.4","19-4","美術と視覚 : 美と創造の心理学. 下　　(美術選書)","アルンハイム (Arnheim, Rudolf, 1904-2007) 著, 波多野 完治, 関 計夫 訳","美術出版社","1964","","","",""
"702.1","19-4","「切れ」の構造 : 日本美と現代世界     (中公叢書)","大橋 良介 著","中央公論社","1986","","","",""
"701.1","19-4","「いき」の構造","九鬼 周造 著","岩波書店","1981.10","","","",""
"704","19-4","日本の美学","安田 武, 多田 道太郎 編","ぺりかん社","1978.12","","","",""
"702.1","19-4","日本の美のかたち","神林 恒道 編","世界思想社","1991.12","","","",""
"720.1","19-4","絵画美の構造　（現代美学双書  8）","金田 晉 著","勁草書房","1984.2","","","",""
"723","19-4","油絵のみかた","伊藤 廉 著","美術出版社","1983.8","","","",""
"723.04","19-4","絵画の見かた","ケネス・クラーク (Clark, Kenneth McKenzie, 1903-1983) 著, 高階 秀爾 訳","白水社","1977.4","","原タイトル: Looking at pictures","",""
"724.56","19-4","風景の描き方","田辺 三重松 著","美術出版社","1975","","","",""
"721.9","19-4","私の窓 : 東山魁夷画文集 ２　","東山 魁夷 著","新潮社","1978.11","","","",""
"721.9","19-4","美の訪れ : 東山魁夷画文集 5","東山 魁夷 著","新潮社","1979.2","","","",""
"","","","","","","","","",""
"491.385","19-4","視覚の科学　","渡部 叡 ほか共著","写真工業出版社","1975","","","",""
"704","19-4","視覚の瞬間　（叢書・ウニベルシタス）","ケネス・クラーク (Clark, Kenneth McKenzie, 1903-1983) 著, 北条 文緒 訳","法政大学出版局","1984.8","","原タイトル: Moments of vision","",""
"141.2","19-4","視覚の法則","W.メッツガー(Metzger, Wolfgang, 1899-1979 ) 著, 大智 浩, 金沢 養 訳","白揚社","1962","","","",""
"141.21","19-4","シーイング : 錯視-脳と心のメカニズム","ジョン・P・フリスピー (Frisby, John P)著, 村山 久美子 訳","誠信書房","1982","","原タイトル: Seeing:illusion,brain and mind","",""
"141.93","19-4","色彩とパーソナリティー 　―色でさぐるイメージの世界 ","松岡 武","金子書房","1983.3","","","",""
"757.3","19-4","""ｉｓ""　増刊号　　総特集・色
IS : Panoramic magazine : Intellect & sensitivity
","**","ポーラ文化研究所","1982.6","","","",""
"141.74","19-4","ANEMOS 11　特集・欲望の迷路","長谷工総合研究所 編","長谷工コーポレーション総合研究所","1994.4","","367.9？","",""
"518.8","19-4","「現代思想」Vol.3-10　特集＝都市のグラマトロジー","**","青土社","1975.10","","","",""
"","","","","","","","","",""
"","","","","","","","","",""
"723.53","19-5","バーネット・ニューマン : アメリカ抽象絵画の巨匠","バーネット・ニューマン [作]","川村記念美術館","2010","","会期・会場: 2010年9月4日-12月12日 川村記念美術館
年譜あり
文献あり","",""
"702.1","19-5","大倉集古館所蔵名品百選 = 100 masterpieces of Okura Museum of Art","大倉集古館学芸部 編集","大倉集古館","2019.9","","","",""
"523.1","19-5","建築家林雅子 : 1928-2001","林雅子 [作]
「建築家林雅子」委員会 編","新建築社","2002.8","","付属資料: 1枚 : 林雅子年譜
肖像あり
文献あり","",""
"752.2","19-5","URUSHI　漆芸の可能性","原田 城二 著","ハースト夫人画報社","2014.10","日本語・英語併記","","",""
"723.35","19-5","ジョルジュ・ルオー　未完の旅路","ジョルジュ・ルオー [画]","日経BP企画","2002","","","",""
"723.36","19-5","Picasso y sus Objetos","Edward Quinn 著","H Kliczkowski","2002","イタリア語","ISBN: 84-89439-43-5,
ピカソと彼の作品","",""
"","","","","","","","","",""
"","","","","","","","","",""
"","","","","","","","","",""
"","","","","","","","","",""
"","","","","","","","","",""
"081.5","19-6","続羣書類従　補遺３　お湯殿の上の日記 (9)
(続群書類従)","塙保己一編纂、補・太田藤四郎","続群書類従完成会","1995.8","","初版:昭和9.8(1934.8), 
訂正３版, 函あり","",""
"081.5","19-6","続羣書類従　補遺３　お湯殿の上の日記 (10)
(続群書類従)","塙保己一編纂、補・太田藤四郎","続群書類従完成会","1995.8","","初版:昭和9.8(1934.8), 
訂正３版, 函あり","",""
"081.5","19-6","続羣書類従　補遺３　お湯殿の上の日記 (11)
(続群書類従)","塙保己一編纂、補・太田藤四郎","続群書類従完成会","1995.8","","初版:昭和9.8(1934.8), 
訂正３版, 函あり","",""
"911.6","19-6","新訂  梁塵秘抄　   (岩波文庫 30-022-1)","後白河法皇 編,  佐々木 信綱 校訂","岩波書店","1979?","","改版 新訂
第31刷(第1刷：1933年) ","",""
"911.63","19-6","梁塵秘抄　  (ちくま学芸文庫)","西郷 信綱 著","筑摩書房","2004.10","","","",""
"701.1","19-6","日本的感性 : 触覚とずらしの構造　　(中公新書 2072)","佐々木 健一 著","中央公論新社","2010.9","","書き込みあり","",""
"915.5 ","19-6","おくのほそ道　萩谷恭男校注　岩波文庫","松尾 芭蕉 著,  萩原 恭男 校注","岩波書店","1979.1","","付 曾良旅日記 奥細道管菰抄  蓑笠庵梨一著 ","",""
"924.5","19-6","陶庵夢憶　  (岩波文庫)","張岱 著, 松枝茂夫 訳","岩波書店","1981.8","","張 岱, 1597-1676","",""
"216.04","19-6","椿井文書 : 日本最大級の偽文書      (中公新書  2584)","馬部 隆弘 著","中央公論新社","2020.3","","","",""
"","","","","","","","","",""
"810.4","19-6","私の日本語雑記","中井 久夫 著","岩波書店","2010.5","","","",""
"913.6","19-6","『細雪』とその時代","川本 三郎 著","中央公論新社","2020.12","","","",""
"910.23","19-6","風景と共感覚 : 王朝文学試論","高橋 文二 著","春秋社","1985.9","","","",""
"914.45","19-6","『徒然草』の歴史学      (朝日選書  577)","五味 文彦 著","朝日新聞社","1997.5","","","",""
"913.6","19-6","みやじま物語　  (ガリバーbooks)","碓井 静照 著","ガリバープロダクツ(広島)","2004.12","","","",""
"210.3","19-6","「徐福」の謎 : 続不老長寿考     (ガリバーbooks. ベストヒットシリーズ. 古代史シリーズ)","碓井 静照 著","ガリバープロダクツ(広島)","2000.12","","","",""
"913.6","19-6","楊貴妃伝","井上 靖","中央公論社","1980.2","","","",""
"222.004","19-6","楊貴妃後伝","渡辺 龍策 著","秀英書房","1980.9","","","",""
"920.8","19-6","西湖拾遺　1-3","陳樹基　撰者清、編集者：各大書局","新興書局有限公司(台北市)","1984.6(中華民国73年6月)","中国語","","",""
""," ","","","","","","","",""
"929.71","19-6","ギルガメシュ叙事詩","矢島 文夫 訳","山本書店","1965.7","","","",""
"","","","","","","","","",""
"023.1 ","19-6","本は自分の出版社からだす。","浅田 厚志, 丑丸 博樹 共著","出版共同販売","2010.7","","","",""
"007.5","19-6","アーカイブの思想 : 言葉を知に変える仕組み","根本 彰 著","みすず書房","2021.1","","","",""
"","","","","","","","","",""
"913.6","19-6","幻想薔薇都市 : まぼろしのばらのまちにて","加藤 修一 著","新潮社","1973","","","",""
"289.3","19-6","ヒラリー自伝　吉沢一郎　草思社","吉沢 一郎 訳, Hillary, Edmund","草思社","1977.10","","","",""
"914.6","19-6","北の森から: 辻邦生第2エッセー集　1971~1972","辻 邦生 著","新潮社","1974","","","",""
"913.6","19-6","飴色の窓：彷徨の色彩","野元 正 著","編集工房ノア","2010.11","","第3回神戸エルマール文学賞受賞","",""
"913.6","19-6","海の萌え立ち","野元 正 著","審美社","2000.9","","","",""
"913.6","19-6","待っていてくれた父","小西 伸武 著","小西　伸武","2010.10","","","",""
"726","19-6","落葉の子守歌　－代々木野ねぎ物語","伊藤 昌輝 著","講談社","1985.4","","","",""
"","","","","","","","","",""
"","","","","","","","","",""
"175.999","19-7","沖縄の神社     (おきなわ文庫 92)","加治 順人 著","ひるぎ社(那覇)","2000.10","","","",""
"291.09","19-7","野性への旅   第5   原始の島 : 日本の最南端・西表","戸川 幸夫 著","新潮社","1966","","","",""
"219.9","19-7","アジアの海の古琉球 : 東南アジア・朝鮮・中国     (琉球弧叢書  20)","内田 晶子, 高瀬 恭子, 池谷 望子 著","榕樹書林(宜野湾)","2009.7","","付属資料: 12p : 月報 no.58 ","",""
"219.9","19-7","大航海時代の海域アジアと琉球  : レキオスを求めて
= MARITIME ASIA AND RYUKYU IN THE AGE OF COMMERCE","中島 楽章 著","思文閣出版(京都)","2020.8","","","",""
"219.9 ","19-7","冊封使 : 中国皇帝の使者","沖縄県立博物館 編","沖縄県立博物館友の会","1989.3","","第3版：1998","",""
"210.0254","19-7","今帰仁の文化財 : 今帰仁城跡  　(今帰仁の文化財  第1集)","今帰仁村文化財保存調査委員会 編","今帰仁村教育委員会","1979.3","","","",""
"210.0254","19-7","今帰仁城跡発掘調査報告  1  志慶真門郭の調査    (今帰仁村文化財調査報告  第9集)","今帰仁村教育委員会 ","今帰仁村教育委員会 (沖縄県)","1983.3","","折り込3枚 ","",""
"454.66","19-7","沖縄県洞穴実態調査報告 1　 　(沖縄県天然記念物調査ｼﾘｰｽﾞ第14集)","沖縄県教育委員会 編","沖縄県教育委員会","1978.3","","","",""
"454.66","19-7","沖縄県洞穴実態調査報告  2　　(沖縄県天然記念物調査ｼﾘｰｽﾞ第16集)","沖縄県教育委員会 編","沖縄県教育委員会","1979.3","","","",""
"629.21","19-7","名勝識名園環境整備事業報告書","文化財建造物保存技術協会 編","那覇市教育委員会","1996.3","","","",""
"753.8 ","19-7","首里城への坂道 : 鎌倉芳太郎と近代沖縄の群像","与那原 恵 著","筑摩書房","2013.7","","大正末期から昭和初期、大々的な琉球芸術調査を行い、貴重かつ膨大な資料を残した研究者・鎌倉芳太郎。河合隼雄学芸賞、石橋湛山記念早稲田ジャーナリズム大賞受賞作。","",""
"219.9","19-7","八重山文化論集","八重山文化研究会 編","八重山文化研究会(石垣)","1976.12","","","",""
"219.9","19-7","沖縄県八重山の総合的研究     (平成6年度～平成8年度 科学研究費補助金 (基盤研究･A･1) 研究成果報告書)","沖縄県八重山調査委員会（代表: 武者 英二）編  (研究代表者 武者 英二(法政大学))","法政大学沖縄文化研究所","1997.10","","","",""
"402.9197","19-7","世界遺産屋久島 : 亜熱帯の自然と生態系","大澤 雅彦, 田川 日出夫, 山極 寿一 編","朝倉書店","2006.10","","291.97 : 日本
注記 	西部林道周辺地域と屋久島をめぐる近代年表: p[262]-271 ","",""
"462.197","19-7","世界遺産奄美 = World heritage Amami","小野寺 浩 著","南方新社(鹿児島)","2022.1",""," / 519.8197
　402.9197 : 科学史・事情","",""
"402.9136","19-7","南硫黄島の自然 : 南硫黄島原生自然環境保全地域調査報告書","環境庁自然保護局編","日本野生生物研究センター","1983.6","","1982.12、環境庁発行の複製","","#小笠原"
"462.199　","19-7","マングローブ生態系に関する生理生態学的研究     (昭和56-58年度 文部省科学研究費補助金 (一般研究 A) 研究成果報告書)","研究代表者:池原貞雄(昭和56年), 池原規勝(昭和57-58年)(琉球大学理学部) ","琉球大学理学部","1984.3","","471.77 : 一般植物学","",""
"489.49","19-7","アマミノクロウサギ : 生きた化石　　 (日本の野生動物 5)","桐野 正人 著","汐文社","1977.7","","","",""
"489.48","19-7","アマミノクロウサギ　　 (動物の記録 4)","岡本 文良 著,  市川 禎男 等絵","学習研究社","1971.12","","函あり。","",""
"","","","","","","","","",""
"382.199","19-7","琉球弧 : 海洋をめぐるモノ・人、文化      (シリーズ名: 歴博フォーラム民俗展示の新構築)","松尾恒市編国立歴史民俗博物館, 松尾 恒一 編","岩田書院","2012.3",""," + DVD-Video 1枚 (12cm) _収録: 沖縄西表島祖納(そない)稲の祭り, 沖縄西表島干立(ほしたて)の節祭(しち) ","",""
"219.9","19-7","琉球の王権とグスク     (日本史リブレット  42)","安里 進 著","山川出版社","2006.12","","","",""
"291.99","19-7","琉球 : 建築文化","伊集 忠太 著","東峰書房","1942.11","","函あり,  伊東 忠太, 1867-1954","",""
"211.9","19-7","千島小笠原島史考","大熊 良一 著","しなの出版","1969.9","","限定版 , 函あり","","#小笠原"
"","","","","","","","","",""
"316.81","19-7","アイヌ通史 : 「蝦夷」から先住民族へ
原タイトル: RACE, RESISTANCE AND THE AINU OF JAPAN ","リチャード・シドル (Siddle, Richard) [著]、マーク・ウインチェスター (Winchester, Mark) 訳","岩波書店","2021.7","","原著(Abingdon : Routledge, 1996)の全訳にアイヌ文化振興法についての論文'An epoch-making event? The 1997 Ainu Cultural Promotion Act and its impact'(Japan Forum, v.14(3), 2002)を補章として付け加えたもの 、211 : 北海道地方
","",""
"389.11","19-7","アイヌと古代日本 :  シンポジウムー北方文化を考える","江上 波夫, 梅原 猛, 上山 春平 著","小学館","1982.12","","","",""
"382.11","19-7"," いま学ぶアイヌ民族の歴史 ","加藤 博文, 若園 雄志郎 編","山川出版社","2018.4","","","",""
"291.0189","19-7","アイヌ語地名と日本列島人が来た道","筒井 功 著","河出書房新社","2017.10","","","",""
"382.11","19-7","アイヌ民族の軌跡    (日本史リブレット 50)","浪川 健治 著","山川出版社","2004.8","","","",""
"210.3","19-7","アイヌは原日本人か : 新しい日本人論のために        (小学館創造選書  53)","梅原 猛, 埴原 和郎 著","小学館","1982.10","","","",""
"210.3","19-7","古代蝦夷を考える","高橋 富雄 著","吉川弘文館","1991.12","","","",""
"","","","","","","","","",""
"","","","","","","","","",""
"629.21","19-8","京の庭　(京都叢書 3)","重森 三玲 著 ; 京都市文化課 編","高桐書院(京都)","1946(昭和21.7)","","","",""
"629.21","19-8","大和の庭園","重森 三玲 著","天理時報社(奈良)","1943(昭和18)","","","",""
"629.21","19-8","日本庭園歴覧","重森 三玲 著","晃文社(京都)","1943(昭和18.6)","","、＋昭和18.11(再版)","",""
"629.21","19-8","日本庭園","重森 三玲 著","一条書房(京都)","1943(昭和18.6)","","","",""
"629.21","19-8","圖録 日本庭園小史  　 (函入り)","重森 三玲 著","河原書店(京都)","1939(昭和14.10)","","","",""
"629.21","19-8","日本庭園の鑑賞  　 (函入り)","重森 三玲 著","スズカケ出版部(京都)","1937(昭和12.3)","","","",""
"629.21","19-8","日本庭園の発達  　 (函入り)","重森 三玲 著","晃文社(京都)","1942(昭和17.7)","","","",""
"629.21","19-8","京都皇居の御庭園  　 (函入り)","重森 三玲 著","晃文社(京都)","1942(昭和17.7)","","","",""
"629.21","19-8","社寺の庭園","重森 三玲 著","河原書店(京都)","1940(昭和15.7)","","","",""
"629.21","19-8","枯山水　(古文化叢刊  27)","重森 三玲 著","大八州出版(京都)","1946(昭和21.12)","","","",""
"629","19-8","近畿名園の鑑賞","重森 三玲 著","京都印書館","1946","","","",""
"629.21","19-8","古都百庭. 観賞篇　（趣味の京阪叢書 7)","重森 三玲 著","京阪電気鉄道(大阪)","1942(昭和17)","","","",""
"629.21","19-8","平安時代庭園の研究","森 蘊 著","桑名文星堂(京都)","1945(昭和20.7)","","","",""
"629.21","19-8","庭園の旅 : 僻地の古園を訪ねて  　 (函入り)","森 蘊 著","芸艸社","1975.11","","森 蘊, 1905-1988","",""
"629.21","19-8","日本の庭園    (創元選書 259)","森 蘊 著","東京創元社","1961.5","","附: 庭園実測図8p ","",""
"629.21","19-8","日本の庭園   ","森 蘊 著","吉川弘文館","1964.11
1967.7(３版)","","","",""
"629.21","19-8","図説日本庭園大鑑 : 附・日本庭園古書籍集録","吉村 巌 著","文書堂","1935(昭和10.2)","","函入り。","",""
"653","19-8","造林學要論","本多 静六 著","三浦書店","1928(昭和3.4)","","函入り。","",""
"629","19-8","理論実際　造園學","氷見 健一 著 ","養賢堂","1932(昭和7.2)","","函入り。","",""
"","","","","","","","","",""
"","","","","","","","","",""
"","","","","","","","","",""
"629.22","19-9","支那庭園論　(東亜建築撰書  第6)","岡 大路 著","彰国社","1943(昭和18.8)","","","",""
"629.22","19-9","支那庭園論　(東亜建築撰書 6)","岡 大路 著","彰国社","1943(昭和18)","","","",""
"629","19-9","世界造園図集","田村 剛 著","嵩山房","1929(昭和4)","","","",""
"629","19-9","庭園鑑賞法","田村 剛 著","成美堂書店","1919(大正8)","","","",""
"629","19-9","実用主義の庭園 ","田村 剛 著","成美堂書店","1919(大正8)","","","",""
"629","19-9","実用庭園學　植物編","田村 剛 著","成美堂書店","1930(昭和5.2)","","","",""
"629","19-9","造園概論","田村 剛 著","成美堂書店","1918(大正7)","","","",""
"629.4","19-9","国立公園講話","田村 剛 著","明治書院","1948(昭和23.8)","","田村 剛, 1890-1979","",""
"629","19-9","造園學概論","田村　剛 著者代表, 成美堂編輯部 編","成美堂書店","1928(昭和3.4)","","田村 剛, 1890-1979
2冊ある。","",""
"629","19-9","庭園藝術　(日本趣味藝術叢書 第3)","田村 剛 著者代表, 成美堂編輯部 編","成美堂書店","1936(昭和11.2)","","","",""
"629","19-9","庭園の鑑賞と築造","上原 敬二 著","金星堂","1931(昭和6)","","上原 敬二, 1889-1981","",""
"629.1","19-9","日本風景美論","上原 敬二 著","大日本出版","1943(昭和18)","","","",""
"","19-9","風景読本","上原 敬二 著","暁書房","1949(昭和24)","","","",""
"629.21","19-9","庭石と岩組  　 (函入り)","上原 敬二 著","成美堂書店","1936(昭和11.8)","","","",""
"629.2 ","19-9","支那の風景と庭園　(造園叢書　第17巻)","後藤 朝太郎 著","雄山閣","1928(昭和3.3)","","","",""
"629","19-9","日本造庭圖鑑","森永 達男 著","金竜堂出版部","1935.5","","和装","",""
"629","19-9","歐洲造園史　（欧州造園史）","岡本 茂武 著","造園芸術社","1930","","","",""
"629","19-9","庭園新考","斎藤　勝雄 著","成美堂書店","1943(昭和18.7)","","斎藤 勝雄, 1893-1989　【酸性紙】","",""
"629.21","19-9","石庭林泉","北川 桃雄 著","筑摩書房","1952","","","",""
"","","","","","","","","",""
"","","","","","","","","",""
"291","19-10","日本郷土景観通説","耕崎 正男 著","古今書院","1933(昭和8)","","","",""
"629","19-10","森林美学","新島 善直, 村山 醸造 著
","成美堂書店","1918.9(大正7)","","新島 善直, 1871-1942
村山 醸造, 1889-1976","",""
"629.4","19-10","日本の国立公園","厚生省国立公園部 監修 (編集 兼 発行者 : 田村 剛)","財団法人 国立公園協会","1951.10","","国立公園法制定二十周年記念出版","",""
"910","19-10","日本文学植物美観"," 志田 義秀 著, 三宅 克巳 画","晴光館","1908(明治41.10)","","","",""
"291","19-10","日本山水論","小島 烏水 著","隆文館","1905(明治38.7)","","","",""
"","","","","","","","","",""
"651","19-10","東山國有林風致計画","大阪営林局 編","大阪営林局 ","1936.9(昭和11.9)","","","",""
"709.1","19-10","滋賀縣名勝調査報告　第１冊","滋賀県史蹟名勝天然記念物調査会","滋賀縣","1937(昭和12.3)","","","",""
"","","","","","","","","",""
"702.1","19-10","古寺巡礼　","和辻 哲郎 著","岩波書店","1947","","改版１８刷","",""
"215.3","19-10","稲葉山城史","村瀬 茂七 編","博文堂書店(岐阜)","1937(昭和12.4)","","","",""
"710.4","19-10","造型美論","高村 光太郎 著","筑摩書房","1942.1(昭和17.1)","","","",""
"462.137","19-10","箱根の樹木と自然","木原 均 編","箱根樹木園 (神奈川県箱根町)","1971.8","","","",""
"472.164","19-10","六甲山系植物誌","神戸市農政局編","六月社(大阪)","1955","","","",""
"291","19-10","日本風景読本 ","風景協会 編","古今書院","1949(昭和24.10)","","","",""
"388.9199","19-10","校訂　おもろさうし 1　第1ー第8","伊波 普猷 校訂","南島談話会 [首里]","1925(大正14年)校訂刊行","","","",""
"388.9199","19-10","校訂　おもろさうし 2　第9ー第13","伊波 普猷 校訂","南島談話会 [首里]","1925(大正14年)校訂刊行","","","",""
"388.9199","19-10","校訂　おもろさうし 3　第14ー22","伊波 普猷 校訂","南島談話会 [首里]","1925(大正14年)校訂刊行","","","",""
"219.7","19-10","枇椰島の研究","","","","","枇榔島（びろうじま）は、鹿児島県志布志市志布志町帖に属し、志布志湾に所在する島。
「ダグリ岬公園計画書」(鹿児島県水産商工部觀光課,昭和39?)を含む。","",""
"","","","","","","","","",""
"","","","","","","","","",""
"","","","","","","","","",""
"210.04","20-1","君は弥生人か縄文人か　［梅原日本学講義］","梅原 猛, 中上 健次","朝日出版社","1984.2","","","",""
"210.4","20-1","天皇はなぜ万世一系なのか　（文春新書）","本郷 和人 著","文藝春秋","2010.11","","","",""
"334.2","20-1","日本二千年の人口史 : 経済学と歴史人類学から探る生活と行動のダイナミズム　　(二十一世紀図書館 6)","鬼頭 宏 著","PHP研究所","1983.2","","","",""
"469.91","20-1","日本人はどこから来たのか？","海部 陽介 著","文藝春秋","2016.2","","","",""
"469.91","20-1","日本人の起源 : 人類誕生から縄文・弥生へ      (講談社学術文庫  2538)","中橋 孝博 著","講談社","2019.1","","","",""
"210.1","20-1","読むだけですっきりわかる日本史     (宝島社文庫)","後藤 武士 著","宝島社","2008.6","","「読むだけですっきり頭に入る日本史」 (2006年刊) の改題 ","",""
"210.3 ","20-1","渡部昇一の古代史入門 : 頼山陽「日本楽府」を読む　　(PHP文庫 わ2-18)","渡部 昇一 著","PHP研究所","2013.4","","","",""
"210.1","20-1","日本史の論点 : 邪馬台国から象徴天皇制まで　　(中公新書 2500)","中公新書編集部 編","中央公論新社","2018.8","","","",""
"451.91","20-1","気候で読む日本史　　　(日経ビジネス文庫  た11-1)","田家 康 著","日本経済新聞出版社","2019.1","","「気候で読み解く日本の歴史」(2013年刊)の改題 ","",""
"291.018","20-1","日本史の謎は「地形」で解ける　　(PHP文庫  た94-1)","竹村 公太郎 著","PHP研究所","2013.10","","「土地の文明」(2005年刊)と「幸運な文明」(2007年刊)の改題、再編集 ","",""
"210.3","20-1","古代史の謎は「海路」で解ける : 卑弥呼や「倭の五王」の海に漕ぎ出す　　(PHP新書  968)","長野 正孝 著","PHP研究所","2015.1","","","",""
"210.1","20-1","復原模型で見る日本の歴史","五味 文彦 監修, 坂井 秀弥 編集","山川出版社","2021.10","","","",""
"210.1 ","20-1","神話から歴史へ      (天皇の歴史 01)","大津 透 著","講談社","2010.11","","","",""
"","","","","","","","","",""
"164.1","20-1","神話の森 : イザナキ・イザナミから羽衣の天女まで","山本 節 著","大修館書店","1989.4","","","",""
"210.273","20-1","天皇家の卑弥呼 : 誰も気づかなかった三世紀の日本","深田 浩市 著","鳥影社","2018.3","","","",""
"164.1","20-1","アマテラスの誕生：古代王権の源流を探る　　(岩波新書  新赤版1171)","溝口 睦子 著","岩波書店","2009.2","","","",""
"210.3 ","20-1","アマテラスの正体 : 伊勢神宮はいつ創られたか","林 順治 著","彩流社","2014.6","","","",""
"164.1","20-1","女帝論 : 「天皇制度」の源流を訪ねて","呉 善花著","PHP研究所","2004.6","","","",""
"210.3","20-1","国民のための日本建国史 : 神武東征から邪馬台国「謎」の時代を解き明かす","長浜 浩明 著","アイバス出版","2017.2","","","",""
"210.3 ","20-1","「歴史と旅」28-9　輝ける日本の女帝：巫女王から女帝への世紀　　","**","秋田書店","2001.9","","","",""
"219.302","20-1","倭の境界 對馬国 : 平成30年度 伊那国歴史博物館秋季特別展　　　(伊那国から倭人伝の国々を探るシリーズ 1)","糸島市立伊都国歴史博物館編","糸島市立伊都国歴史博物館 [糸島]","2018.10","","","",""
"164.1 ","20-1","オオクニヌシ 出雲に封じられた神","戸矢 学 著","河出書房新社","2017.8","","","",""
"210.3","20-1","ヤマト王権と十大豪族の正体　　(PHP文庫  せ3-18)","関 裕二 著","PHP研究所","2013.8","","","",""
"210.3","20-1","出雲と大和：古代国家の原像をたずねて　　(岩波新書  新赤版 1405)","村井 康彦 著","岩波書店","2013.1","","","",""
"210.3","20-1","「出雲抹殺」の謎 : ヤマト建国の真相を解き明かす　   (PHP文庫)","関 裕二 著","PHP研究所","2007.1","","「出雲神話」の真実」 (2004年刊) の増訂 ","",""
"210.3","20-1","神話に隠されている日本創世の真実","関 裕二 著","文芸社","2005.8","","","",""
"913.2","20-1","古事記 : 口語訳 神代篇 　　(文春文庫)","三浦 佑之 訳・注釈","文藝春秋","2006.12","","","",""
"913.2","20-1"," 古事記 : 口語訳 人代篇 　　(文春文庫)","三浦佑之　訳・注釈","文藝春秋","2006.12","","","",""
"210.3","20-1","地図で読む『古事記』『日本書紀』　　(PHP文庫  た17-14)","武光 誠 著","PHP研究所","2011.5","","","",""
"913.2","20-1","眠れないほど面白い『古事記』　　(王様文庫  D12-8)","由良弥生","三笠書房","2013.1","","","",""
"210.3","20-1","あらすじとイラストでわかる古事記・日本書紀     (文庫ぎんが堂)","知的発見!探検隊 編著","イースト・プレス","2011.10","","","",""
"210.3","20-1","読み替えられた日本書紀　　(角川選書 642)","斎藤 英喜 著","KADOKAWA","2020.10","","","",""
"210.3","20-1","日本書紀 : 全現代語訳  上　　(講談社学術文庫)","宇治谷 孟 著","講談社","1988.6","","","",""
"210.3","20-1","日本書紀 : 全現代語訳  下 　　(講談社学術文庫)","宇治谷 孟 著","講談社","1988.8","","","",""
"","","","","","","","","",""
"","","","","","","","","",""
"","","","","","","","","",""
"202.5","20-2","考古学は愉しい","藤本 強 編","日本経済新聞社","1994.12","","","",""
"210.3","20-2","太古日本の史実を考古学で探る","舩越 長遠 著","冬青社","2005.11","","英語併記 ","",""
"202.5","20-2","海の考古学　水底にさぐる歴史と文化","小江 慶雄　著","新人物往来社","1971","","","",""
"210.3","20-2","私の日本古代史  上   (天皇とは何ものか-縄文から倭の五王まで) 　　(新潮選書)","上田 正昭 著","新潮社","2012.12","","","",""
"291","20-2","地形と日本人 : 私たちはどこに暮らしてきたか 　　(日経プレミアシリーズ  438)","金田 章裕 著","日経BP日本経済新聞出版本部, 発売:日経BPマーケティング","2020.9","","","",""
"216.5","20-2","三輪山と日本古代史","石野 博信, 上野 誠, 岡本 健一, 菅野 雅雄, 辰巳 和弘, 塚口 義信, 森 浩一 著","学生社","2008.4","","","",""
"210.3 ","20-2","三輪山と卑弥呼・神武天皇","笠井 敏光, 金関 恕, 千田 稔, 塚口 義信, 前田 晴人, 和田 萃 著","学生社","2008.8","","","",""
"210.25 ","20-2","縄文時代の歴史　　(講談社現代新書 2510)","山田 康弘 著","講談社","2019.1","","","",""
"210.25","20-2","縄文の列島文化","岡村 道雄 著","山川出版社","2018.7","","","",""
"210.25","20-2","つくられた縄文時代 : 日本文化の原像を探る　　(新潮選書)","山田 康弘 著","新潮社","2015.11","","","",""
"163","20-2","縄文の神 : よみがえる精霊信仰","戸矢 学 著","河出書房新社","2016.9","","","",""
"210.3","20-2","古代王権の空間支配","広瀬 和雄,  小路田 泰直 編","青木書店","2003.3","","","",""
"210.32","20-2","前方後円墳・墳丘構造の研究","櫃本 誠一 著","学生社","2001.5","","函あり","",""
"210.32","20-2","前方後円墳の世界　　(岩波新書  新赤版 1264) ","広瀬 和雄 著","岩波書店","2010.8","","","",""
"210.32","20-2","死の機能 : 前方後円墳とは何か","小路田 直 編著,  大久保 徹也, 北條 芳隆, 佐藤 弘夫 ほか著","岩田書院","2009.3","","","",""
"210.25","20-2","土偶を読む : 130年間解かれなかった縄文神話の謎","竹倉 史人 著","晶文社","2021.4","","","",""
"210 ","20-2","巨大古墳 : 前方後円墳の謎を解く　　(日本人はどのように建造物をつくってきたか 6)","森 浩一 著,  イラストレーション: 穂積和夫 ","草思社","1985.4","","","",""
"210.3","20-2","「歴史人」No.8　【保存版特集】激論！古代史の謎　","**","KKベストセラーズ","2011.5","","","",""
"210.32","20-2","古墳時代の水利社会研究","若狭 徹 著","学生社","2007.8","","函あり","",""
"210.3","20-2","漢倭奴国王から日本国天皇へ: 国号「日本」と称号「天皇」の誕生　　(京大人文研東方学叢書 4）","冨谷 至 著","臨川書店","2018.3",""," = The birth of the name of country ""Nihon""and the title of ""Tennou"" ","",""
"210.273","20-2","邪馬台国 : 唐古・鍵遺跡から箸墓古墳へ","水野 正好, 白石 太一郎, 西川 寿勝 著","雄山閣","2010.11","","","",""
"216.5 ","20-2","箸墓古墳","大阪府立弥生文化博物館 編,  石野 博信, 岸本 直文, 福尾 正彦, 今尾 文昭, 森岡 秀人 著","学生社","2015.10","","函あり","",""
"210.273","20-2","邪馬台国論争       (岩波新書)","佐伯 有清 著","岩波書店","2006.1","","","",""
"210.2","20-2","遺跡保存を考える　　(中公新書)","椎名 慎太郎 著","中央公論社","1994.1","","","",""
"521.86","20-2","歴史的環境 : 保存と再生　　(岩波新書　216)","木原 啓吉 著","岩波書店","1982.12","","","",""
"210.2","20-2","発掘を科学する      (岩波新書)","田中 琢, 佐原 真 編","岩波書店","1994.10","","","",""
"","","","","","","","","",""
"","","","","","","","","",""
"210.33","20-3","宮都飛鳥","奈良県立橿原考古学研究所附属博物館 編","学生社","2011.3","","","",""
"210.33","20-3","宮都飛鳥　　(奈良県立橿原考古学研究所附属博物館特別展図録　第70冊)","奈良県立橿原考古学研究所附属博物館 編","奈良県立橿原考古学研究所附属博物館編","2008.10","","","",""
"210.33","20-3","飛鳥発掘物語","河上邦彦 著","産経新聞ニュースサービス","2004.10","","","",""
"210.33","20-3","飛鳥の宮と寺      (日本史リブレット 71)","黒崎 直 著","山川出版社","2007.12","","","",""
"216.5","20-3","飛鳥池遺跡と亀形石：発掘の成果と遺跡に学ぶ","直木 孝次郎, 鈴木 重治 編","ケイ･アイ･メディア(春日部)","2001.11","","","",""
"","","","","","","","","",""
"","","","","","","","","",""
"210.3","20-3","古代日本の都　　(講談社現代新書)","八木 充 著","講談社","1974","","","",""
"210.33","20-3","飛鳥：歴史と風土を歩く　　(岩波新書)","和田 萃 著","岩波書店","2003.8","","","",""
"210.33","20-3","飛鳥の都　(岩波新書  新赤版1273.  シリーズ日本古代史 3)","吉川 真司 著","岩波書店","2011.4","","","",""
"216.5","20-3","飛鳥：水の王朝　　(中公新書)","千田 稔 著","中央公論社","2003.11","","第３版","",""
"210.32","20-3","継体大王の時代 : 百舌鳥・古市古墳群の終焉と新時代の幕開け　　(平成22年度春季特別展図録)  (大阪府立近つ飛鳥博物館図録 51)","大阪府立近つ飛鳥博物館 編","大坂府立近つ飛鳥博物館(河南町 (大阪府))","2010.4","","会期: 平成22年4月24日-6月27日 ","",""
"210.3","20-3","継体大王と渡来人 : 枚方歴史フォーラム","森 浩一, 上田 正昭 編","大巧社","1998.12","","","",""
"","","","","","","","","",""
"210.02","20-3","長岡京跡発掘調査報告　京都市埋蔵文化財研究所調査報告      (京都市埋蔵文化財研究所調査報告 第2冊 )","京都市埋蔵文化財研究所 編","京都市埋蔵文化財研究所","1978.2","","","",""
"210.0254","20-3","長岡京跡二条大路ほか     (向日市埋蔵文化財調査報告書  第53集)","向日市埋蔵文化財センター 編","財団法人　向日市埋蔵文化財センター(向日)","2001.12","","","",""
"210.35","20-3","よみがえる長岡京　  (朝日カルチャーブックス  41)","中山 修一 編","大阪書籍(大阪)","1984.11","","","",""
"222.048","20-3","唐から見た遣唐使：混血児たちの大唐帝国　　(講談社選書メチエ 125)","王 勇 著","講談社","1998.3","","","",""
"210.3","20-3","最後の遣唐使　　(講談社学術文庫)","佐伯 有清 著","講談社","2007.11","","","",""
"220","20-3","シルクロード世界史      (講談社選書メチエ  733)","森安 孝夫 著","講談社","2020.9","","","",""
"","","","","","","","","",""
"210.35","20-3","平城京：その歴史と文化 : 平城遷都一三〇〇年","奈良県平城遷都1300年記念2010年委員会 編　監修：樋口 隆康, 千田 稔, 中西 進, 町田 章 監修","小学館","2001.12","","","",""
"216.204","20-3","摂関政治から院政へ　　(京都の中世史 1)","元木 泰雄  [ほか] 企画編集委員,  美川 圭, 佐古 愛己, 辻 浩和 著","吉川弘文館","2021.12","","","",""
"","","","","","","","","",""
"517.6","20-3","行基と長屋王の時代 : 行基集団の水資源開発と地域総合整備事業","尾田 栄章 著","現代企画室","2017.1","","","",""
"","","","","","","","","",""
"291.018","20-3","古代の方位信仰と地域計画","山田 安彦 著","古今書院","1986.4","","","",""
"288.46","20-3","陵墓地形図集成　縮小版","宮内庁書陵部陵墓課 編","学生社","2014.9","","初版のタイトル: 宮内庁書陵部陵墓地形図集成 ","",""
"","","","","","","","","",""
"709.1","20-3","古代荘園絵図群による歴史景観の復元的研究   (1999(平成11)年度〜2002(平成14)年度 科学研究費補助金 基盤研究(A) (2)研究成果報告書)","研究代表者 佐藤 信(東京大学), 研究分担者: 綾村 宏 ほか  ","**","2003.3","","1999(平成11)年度〜2002(平成14)年度 科学研究費補助金 基盤研究(A)(2)研究成果報告書","",""
"322.1","20-3","日本史に出てくる官職と位階のことがわかる本","新人物往来社 編","新人物往来社","2009.10","","『官位と組織のしくみがわかる本』 (2001年刊) の加筆・修整、再編集 ","",""
"","","","","","","","","",""
"","","","","","","","","",""
"",""," ","","","","","","",""
"510.921","20-7","日本土木史総合年表","三浦 基弘, 岡本 義喬 編","東京堂出版","2004.6","","函あり。","",""
"210.6","20-7","写真で見る 100年前の日本２　風景　　(100年前シリーズ)","マール社編集部, 渡辺 真理子 編","マール社","1996.8","","","",""
"210.1","20-4","日本国起","百田 尚樹 著","幻冬舎","2018.11",""," ","",""
"210.1","20-4","天皇の国史","竹田 恒泰 著","PHP研究所","2020.8","","","",""
"216.2","20-4","京都の近代と天皇 : 御所をめぐる伝統と革新の都市空間 : 1868～1952","伊藤 之雄 著","千倉書房","2010.9","","","",""
"682.1","20-4","日本古代の都城と交通","中村 太一 著","八木書店出版部","2020.10","","","",""
"210.3","20-4","古代日本の景観 : 方格プランの生態と認識","金田 章裕 著","吉川弘文館","1993.3","","","",""
"612","20-4","古代社会経済史: 古代農業事情","マックス・ウェーバー(Weber, Max),  渡辺 金一, 弓削 達 共訳,  上原 専禄, 増田 四郎 監修 ","東洋経済新報社","1959","","","",""
"684.021","20-4","日本古代の運河と水上交通","鈴木 靖民, 川尻 秋生, 鐘江 宏之 編","八木書店","2015.5","","","",""
"682.1","20-4","日本古代の道路と景観 : 駅家・官衙・寺","鈴木 靖民, 荒木 敏夫, 川尻 秋生 編","八木書店","2017.5","","","",""
"384.3","20-4","道の文化","山田 宗睦  [ほか]著","講談社","1979.9","","","",""
"209","20-4","道の文化史 : 一つの交響曲","シュライバー (Schreiber, Hermann) [著], 関 楠生 訳","岩波書店","1962","","","",""
"685.21","20-4","古代の道路事情 	(歴史文化ライブラリー  108)","木本 雅康 著","吉川弘文館","2000.12","","","",""
"332.1","20-4","新版 比較史の遠近法     (社会科学の冒険  2-9)","斎藤 修 著","書籍工房早山","2015.2","","","",""
"502.1","20-4","日本近代技術の形成 :〈伝統〉と〈近代〉のダイナミクス       (朝日選書  809)","中岡 哲郎 著","朝日新聞社","2006.11","","","",""
"686.21","20-4","鉄道がつくった日本の近代","高階 秀爾, 芳賀 徹, 老川 慶喜, 高木 博志  編・著,  東日本鉄道文化財団 監修","成山堂書店","2014.11","","","",""
"685.21","","国道の謎      (祥伝社新書  160)","松波 成行 著","祥伝社","2009.6","","","",""
"686.21","20-4","鉄道と地図 : 時刻表と地形図が描いた鉄道の歩み     (DJ鉄ぶらブックス  032　:  線路端のたのしみを誘う本 )","須田 寛,  野々村 邦夫 著","交通新聞社","2021.5","","","",""
"232","20-4","ケントゥリア地割と条里","山田 安彦 著","大明堂","1999.6","","","",""
"290.38","20-4","地図のたのしみ","堀 淳一 著","河出書房新社","1977.2","","","",""
"291.09","20-4","歴史廃墟を歩く旅と地図 : 水路・古道・産業遺跡・廃線路    　(講談社+α新書)","堀 淳一 著","講談社","2004.8","","","",""
"","","","","","","","","",""
"669","20-4","日本塩業のあゆみ","岡 光夫 著","国書刊行会","1982.11","","","",""
"","","","","","","","","",""
"","","","","","","","","",""
"","","","","","","","","",""
"210.4 ","20-5","中世社会のはじまり     (岩波新書 新赤版 1579.  シリーズ日本中世史 1)","五味 文彦 著","岩波書店","2016.1","","","",""
"209.4","20-5","中世の風景  (上)　(中公新書)","阿部 謹也,  網野 善彦,  石井 進,  樺山 紘一 著","中央公論社","1986.2","","7版","",""
"210.1","20-5","武士の日本史     (岩波新書 新赤版 1718)","髙橋 昌明 著","岩波書店","2018.5","","","",""
"210.36","20-5","武士論       (講談社選書メチエ 748)","五味 文彦 著","講談社","2021.5","","","",""
"210.36","20-5","武士の起源を解きあかす : 混血する古代、創発される中世      (ちくま新書  1369)","桃崎 有一郎 著","筑摩書房","2018.11","","","",""
"210.1","20-5","日本史サイエンス : 蒙古襲来、秀吉の大返し、戦艦大和の謎に迫る      (ブルーバックス  B-2149)","播田 安弘 著","講談社","2020.9","","","",""
"210.42","20-5","鎌倉殿と執権北条氏  : 義時はいかに朝廷を乗り越えたか     (NHK出版新書 661)","坂井 孝一 著","NHK出版","2021.9","","","",""
"272","20-5","木曾義仲と埴生の八幡宮","埴生 雅章 著","護国八幡宮社務所歴史文化調査室（小矢部市）","2011.11","","","",""
"210.19","20-5","戦乱と民衆       (講談社現代新書  2488)","磯田 道史, 倉本 一宏, フレデリック・クレインス(Cryns, Frederik),  呉座 勇一 著","講談社","2018.8","","","",""
"210.47","20-5","鎌倉大仏の中世史","馬淵 和雄 著","新人物往来社","1998.11","","","",""
"210.025","20-5","京都の城、乙訓の城 : よみがえる戦国の城郭 : 第６回企画展","福島 克彦 編 ","大山崎町歴史資料館(京都)","1998.10","","会期: 平成10年(1998)10月20日-11月23日 ","",""
"216.204","20-5","平氏政権と源平争乱     (京都の中世史  2)","元木 泰雄, 佐伯 智広, 横内 裕人 著","吉川弘文館","2022.2","","","",""
"216.204","20-5","公武政権の競合と協調     (京都の中世史  3)"," 野口 実, 長村 祥知, 坂口 太郎 著, 元木泰雄 [ほか] 企画編集委員","吉川弘文館","2022.7","","","",""
"216.204","20-5","南北朝内乱と京都     (京都の中世史  4)","山田 徹 著, 元木泰雄 [ほか] 企画編集委員","吉川弘文館","2021.8","","","",""
"216.204 ","20-5","首都京都と室町幕府     (京都の中世史  5)"," 早島 大祐, 吉田 賢司, 大田 壮一郎, 松永 和浩 著, 元木泰雄 [ほか] 企画編集委員","吉川弘文館","2022.3","","","",""
"216.204","20-5","戦国乱世の都     (京都の中世史  6)","尾下 成敏, 馬部 隆弘, 谷 徹也 著","吉川弘文館","2021.9","","","",""
"216.204","20-5","変貌する中世都市京都     (京都の中世史  7)","山田 邦和 著, 元木泰雄 [ほか] 企画編集委員","吉川弘文館","2023.1","","","",""
"210.46","20-5","室町幕府論　　(講談社選書メチエ  486)","早島 大祐 著","講談社","2010.12","","","",""
"289.1","20-5","バロックの王 織田信長","渡辺 豊和 著","悠書館","2009.5","","","",""
"210.47","20-5","応仁の乱 : 戦国時代を生んだ大乱     (中公新書  2401)","呉座 勇一 著","中央公論新社","2016.10","","","",""
"210.48","20-5","明智光秀と本能寺の変      (ちくま新書  1426)","渡邊 大門 著","筑摩書房","2019.8","","","",""
"791.2","20-5","利休切腹 : 豊臣政権と茶の湯","中村 修也 著","洋泉社","2015.4","","","",""
"913.6","20-5","洛中洛外画狂伝 : 狩野永徳","谷津 矢車 著","学研パブリッシング","2013.3","","","",""
"791.2","20-5","武将茶人、上田宗箇 : 桃山茶の湯の逸材","矢部 良明 著","角川学芸出版","2006.12","","","",""
"791.7","20-5","秀吉の智略「北野大茶湯」大検証","竹内 順一, 矢野 環, 田中 秀隆, 中村 修也 著","淡交社(京都)","2009.6","","","",""
"791.2","20-5","武将茶人の世界展　上田宗箇：生誕450年記念　","NHK出版編集制作, 広島県, ひろしま美術館, NHK広島放送局, 中国新聞社","NHKプロモーション","2021.12","","会期: 東京展2011年12月30日-2012年1月16日. 広島展2012年2月11日-3月25日","",""
"913.6","20-5","風流武辺       (朝日文庫)","津本 陽 著","朝日新聞社","2002.2","","","",""
"023.3 ","20-5","「知の商人」たちのヨーロッパ近代史       (講談社学術文庫  2686)","水田 洋 著 ","講談社","2021.10","","「知の商人」(筑摩書房 1985年刊)の改題、加筆修正 ","",""
"","","","","","","","","",""
"210.47","20-5","城郭考古学の冒険      (幻冬舎新書  せ-4-1)","千田 嘉博 著","幻冬舎","2021.1","","","",""
"210.1","20-5","城の日本史　  (NHKブックス カラー版  C7)","内藤 昌 著","日本放送出版協会","1979.11","","","",""
"521.823","20-5","城の見方 : 歴史がわかる、腑に落ちる      (ポケットサライ)","佐藤 俊一, 『サライ』編集部 編","小学館","2003.4","","","",""
"","","","","","","","","",""
"210.48","20-5","完訳フロイス日本史  1～3  (織田信長篇 1-3)　　　(中公文庫)","ルイス・フロイス (Fróis, Luís) [著],  松田 毅一, 川崎 桃太 訳","中央公論新社","2000.1","","Fróis, Luís,  -1597","",""
"210.58","20-5","史料公用方秘録     (彦根城博物館叢書 / 彦根藩資料調査研究委員会編集 7)","彦根藩資料調査研究委員会 編集, 佐々木 克 編集代表","彦根城博物館(	彦根), サンライズ出版 (発売)","2007","","","",""
"709.1","20-5","文化財学の構想","三輪 嘉六 編","勉誠出版","2003.2","","","",""
"","","","","","","","","",""
"","","","","","","","","",""
"213.61","20-6","首都江戸の誕生 : 大江戸はいかにして造られたのか　　(角川選書 346)","大石 学 著","角川書店","2002.10","","","","#江戸べらぼう"
"213.61","20-6","江戸：平安時代から家康の建設へ　　(中公新書  2675)","齋藤 慎一 著","中央公論新社","2021.12","","","","#江戸べらぼう"
"210.5","20-6","江戸空間：100万都市の原景","石川 英輔 著","コナミ出版","1987.12","","","","#江戸べらぼう"
"213.61","20-6","江戸の大普請 : 徳川都市計画の詩学","タイモン・スクリーチ(Screech, Timon) [著],  森下正昭 訳","講談社","2007.11","","原タイトル: The great building of Edo ","","#江戸べらぼう"
"210.5","20-6","江戸を知る : 江戸学事始め","竹内 誠 著,  石山秀和 [ほか] 編集委員","敬文舎","2022.10","","","","#江戸べらぼう"
"210.5","20-6","大名屋敷の謎　　(集英社新書)","安藤 優一郎 著","集英社","2008.6","","","","#江戸べらぼう"
"383","20-6","大江戸　生活体験事情","石川 英輔,  田中 優子 著","講談社","1999.3","","","","#江戸べらぼう"
"210.55","20-6","旗本の経済学 : 御庭番川村修富の手留帳      (新潮選書)","小松 重男 著","新潮社","1991.1","","","","#江戸べらぼう"
"382.1","20-6","大江戸えねるぎー事情　　　(講談社文庫)","石川 英輔 著","講談社","1993.7","","","","#江戸べらぼう"
"518.1 ","20-6","江戸・東京水道史　　(講談社学術文庫  2629)","堀越 正雄 著","講談社","2020.9","","「水道の文化史」(鹿島出版会 1981年刊)の改題 ","","#江戸べらぼう"
"911.45","20-6","江戸の下水道","栗田 彰 著 	","青蛙房","2012.1","","新装版","","#江戸べらぼう"
"291.09","20-6","""きよのさん""と歩く江戸六百里","金森 敦子 著","バジリコ","2006.11","","","","#江戸べらぼう"
"","","","","","","","","",""
"210.61","20-6","徳川家が見た幕末維新　　(文春新書  741)","徳川 宗英 著","文藝春秋","2010.2","","","","#江戸べらぼう"
"289.1","20-6","松陰日記　　　（岩波文庫   黄(30)-279-1）","正親町 町子 著, 上野 洋三 校注","岩波書店","2004.7","","正親町 町子, 1676?－1724, 柳沢吉保, 1658-1714","","#江戸べらぼう"
"031.2","20-6","嬉遊笑覧１－５　　　（岩波文庫）","喜多村 筠庭(いんてい, 信節) 著,  長谷川 強, 江本 裕, 渡辺 守邦, 岡 雅彦, 花田 富二夫, 石川 了 校訂","岩波書店","2002.4, 2004.2, 2004.7, 2005.8, 2009.3","","静嘉堂文庫蔵の複製,  
喜多村 信節, 1784-1856","","#江戸べらぼう"
"914.5","20-6","耳嚢   上・中・下　　  (岩波文庫)","根岸 鎮衛 著, 長谷川 強 校注","岩波書店","1991.1","","根岸 守信, 1737-1815","","#江戸べらぼう"
"210.52","20-6"," 寛永文化のネットワーク : 「隔蓂記」の世界 ","冷泉 為人 監修, 岡 佳子, 岩間 香 編","思文閣出版(京都)","1998.3","","","","#江戸べらぼう"
"210.55","20-6","定信お見通し : 寛政視覚改革の治世学","タイモン・スクリーチ (Screech, Timon) 著,  高山 宏 訳","青土社","2003.9","","原タイトル: The Shogun's painted culture ","","#江戸べらぼう"
"210.55","20-6","徳川昭武 : 松戸に住んだ幻の将軍","松戸市(広報課) 編","松戸市教育委員会(戸定歴史館)","","","別タイトル: Prince Tokugawa : Tokugawa Akitake","","#江戸べらぼう"
"","","","","","","","","",""
"","","","","","","","","",""
"518.8","20-7","日本統治下朝鮮都市計画史研究     (Kashiwa学術ライブラリー  8)","孫 禎睦 著, 西垣 安比古, 市岡 実幸, 李 終姫 訳","柏書房","2004.12","","","",""
"518.8","20-7","満州国の首都計画 : 東京の現在と未来を問う      (都市叢書)","越沢 明 著","日本経済評論社","1988.12","","","",""
"210.7","20-7","満州事変      (講談社学術文庫  2626)","臼井 勝美  著","講談社","2020.9","","中央公論社 1974年刊の再刊 ","",""
"289.1","20-7","山県有朋：愚直な権力者の生涯      (文春新書  684)","伊藤 之雄 著","文藝春秋","2009.2","","","",""
"289.1","20-7","後藤新平略史","八田 晃夫 著","[八田晃夫]出版地不明","1995","","","",""
"369.37","20-7","海外引揚の研究 : 忘却された「大日本帝国」","加藤 聖文 著","岩波書店","2020.11","","","",""
"910.263","20-7","昭和精神史","桶谷 秀昭 著　","扶桑社　","2020.8","","文藝春秋 1992年刊の再刊 ","",""
"175.936","20-7","靖國神社 遊就館 図録","靖國神社 編集","靖國神社　","2008.2","","","",""
"227.1","20-7","アフガニスタンを想う : 往還半世紀","前田 耕作 著","明石書店","2010.10","","","",""
"201","20-7","ブルクハルトの世界 : 美術史家・文化史家・歴史哲学者","下村 寅太郎 著","岩波書店","1983.3","","","",""
"304","20-7","「歴史の終わり」と世紀末の世界","浅田 彰 著","小学館","1994.3","","","",""
"918.68","20-7","堺屋太一著作集　第17巻　東大講義録 : 文明を解く","堺屋 太一 著","東京書籍","2018.6","","","",""
"332.06","20-7","世界経済の成長史1820～1992年 : 199ヵ国を対象とする分析と推計","アンガス・マディソン(Maddison, Angus) 著, 金森 久雄 監訳, 政治経済研究所 訳","東洋経済新報社","2000.8","","原タイトル: Monitoring the world economy 1820-1920","",""
""," "," ","","","","","","",""
"210.1","20-7","地形で読む日本 : 都・城・町は、なぜそこにできたのか　　(日経プレミアシリーズ  467)","金田 章裕 著","日経BP日本経済新聞出版本部","2021.11","","","",""
"526.9","20-7","千メートルビルを建てる : 超々高層のハードとソフト　（講談社選書メチエ）","尾島 俊雄 著","講談社","1997.11","","","",""
"289.1 ","20-7","歴史人口学事始め : 記録と記憶の九〇年　　　(ちくま新書  1475)","速水 融 著","筑摩書房","2020.2","","","",""
"","","","","","","","","",""
"538.9 ","20-7","国産ロケットはなぜ墜ちるのか : H-2A開発と失敗の真相","松浦 晋也 著","日経BP社","2004.2","","","",""
"606.91","20-7","博覧会の時代 : 明治政府の博覧会政策","國 雄行 著","岩田書院","2005.5","","博士論文を修正, 授与大学名 : 中央大学","",""
"","","","","","","","","",""
"319.1 ","20-7","日本の国境問題 : 尖閣・竹島・北方領土　　　(ちくま新書  905)","孫 崎享 著","筑摩書房","2011.5","","","",""
"312.238","20-7","ビルマ式社会主義 : 自立発展へのひとつの実験    （入門新書　時事問題解説 no.287）","桐生 稔 著","教育社","1979.9","","","",""
"222.06","20-7","人民中国への道　(講談社現代新書 　新書東洋史 5. 中国の歴史 5)","小野 信爾 著","講談社","1977.5","","","",""
"312.21","20-7","これからの韓国 : 全斗煥大統領と先進祖国政策","鳥羽 欽一郎 著","サイマル出版会","1984.4","","","",""
"312.237","20-7","クーデターとタイ政治 : 日本大使の1035日","小林 秀明 著","ゆまに書房","2010.4","","","",""
"334.32","20-7","老いてゆくアジア : 繁栄の構図が変わるとき　　(中公新書)","大泉 啓一郎 著","中央公論社","2007.9","","","",""
"135.9","20-7"," テイヤール・ド・シャルダン : 未来への問いかけ      (講談社現代新書)","山崎 庸一郎 著","講談社","1971","","Teilhard de Chardin, Pierre, 1881-1955","",""
"280.4","20-7","嫉妬の世界史　  (新潮新書)","山内 昌之 著","新潮社","2004.11","","","",""
"332.06","20-7","恋愛と贅沢と資本主義　    (講談社学術文庫)","ヴェルナー・ゾンバルト(Sombart, Werner) 著,  金森 誠也 訳
著者標目 	Sombart, Werner, 1863-1941","講談社","2000.8","","Sombart, Werner, 1863-1941
原タイトル: Liebe,Luxus und Kapitalismus ","",""
"","","","","","","","","",""
"","","","","","","","","",""
"","","","","","","","","",""
"","","","","","","","","",""
"397.8","20-8","海軍特別攻撃隊戦闘記録  航空隊編 ","アテネ書房編集部 編","アテネ書房","2001.8","","複製 ","",""
"210.18","20-8","境界史の構想      (日本歴史私の最新講義  12)","村井章介 著","敬文舎","2014.10","","","",""
"332.105","20-8","日本経済史1600-2000 : 歴史に読む現代","浜野 潔, 井奥 成彦, 中村 宗悦, 岸田 真, 永江 雅和, 牛島 利明 著","慶應義塾大学出版会","2009.3","","","",""
"914.6","20-8","失楽園測量地図","種村 季弘 著","イザラ書房","1974","","","",""
"601.1","20-8","戦後国土計画への証言","下河 辺淳 著","日本経済評論社","1994.3","","","",""
"332.106","20-8","1940年体制 : さらば戦時経済  ","野口 悠紀雄 著","東洋経済新報社","2002.12","","新版","",""
"316.2","20-8","靖国問題　   (ちくま新書)","高橋 哲哉 著","筑摩書房","2005.4","","","",""
"332.106","20-8","なぜ日本は行き詰ったか","森嶋 通夫 著, 村田 安雄, 森嶋 瑶子 訳","岩波書店","2004.3","","","",""
"312.1","20-8","2025年日本の死 : 近未来シミュレーション","水木 楊 著","文藝春秋","1994.2","","","",""
"204 ","20-8","訪れる没落 : 「原型史観」が示した日韓米の盛衰","金 要雲 著","情報センター出版局","1988.9","","","",""
"310.4","20-8","日本は「神の国」ではないのですか       (小学館文庫)","加地 伸行 編著","小学館","2000.8","","","",""
""," ","","","","","","","",""
"332.53","20-8","ゼロ・サム社会","レスター・C.サロー (Thurow, Lester C, 1938-) 著, 岸本 重陳","TBSブリタニカ","1981.5","","原タイトル: The zero-sum sosiety","",""
"333.8","20-8","ガルブレイス世界を読む : 富と英知の使い方 　","ジョン・K.ガルブレイス(Galbraith, John Kenneth) 著,  松田 銑 訳","TBSブリタニカ","1984.11","","原タイトル: The voice of the poor ","",""
"338.1","20-8"," バブルの物語 : 暴落の前に天才がいる ","ジョン・K.ガルブレイス(Galbraith, John Kenneth) 著,  鈴木 哲太郎 訳","ダイヤモンド社","1991.5","","Galbraith, John Kenneth, 1908-2006
原タイトル: A short history of financial euphoria ","",""
"289.2","20-8","ロッテを創った男 重光武雄論","松崎 隆司 著","ダイヤモンド社","2020.11","","","",""
"289.1","20-8","山本五十六 : アメリカの敵となった男      (中公選書  135)","相澤 淳 著","中央公論新社","2023.3","","","",""
"234","20-8","ドイツを読めば日本がみえる","加来 耕三 著","二見書房","1991.2","","","",""
"338.2","20-8","バブルの世界史 : ブーム・アンド・バストの法則と教訓","ウィリアム・クイン( Quinn, William), ジョン・D・ターナー( Turner, John D.) 著","日経BP,  日本経済新聞出版","2023.3","","原タイトル: BOOM AND BUST","",""
"538.09","20-8","大いなる一歩 : アポロ11号全記録　","ニール・アームストロング(Armstrong, Neil), マイケル・コリンズ(Collins, Michael), エドウィン・E.オルドリン Jr.(Aldrin, Edwin E) 著,  日下 実男 訳","早川書房","1973","","解説: アーサー・C.クラーク (Clarke, Arthur Charles, 1917-2008)","",""
"322.953","20-8","常識の死 : 法は如何にしてアメリカをだめにしてきたか","フィリップ・ハワード 著
廣瀬 克哉 監訳, 山根 玲子 共訳","リブロス","1998.2","","原タイトル: The death of common sense","",""
"","","","","","","","","",""
"332.107","20-8","正義と嫉妬の経済学　","竹内 靖雄 著","講談社","1992.9","","","",""
"334.2","20-8","人口で語る世界史　ポール・モーランド　文藝春秋","ポール・モーランド(Morland, Paul) 著,  渡会 圭子 訳","文藝春秋","2019.8","","原タイトル: The Human Tide ","",""
"049.3","20-8","二十年後の世界　1, 2","N.コールダー(Calder, Nigel) 著,   赤木 昭夫,  須之部 淑男 共訳　","紀伊國屋書店","1966-1968","","VOL1,2の原書名: The world in 1984
VOL3の原書名:  Unless peace comes:「未来を脅かすもの」 ","",""
"316.2","20-8","朝日総研リポート(No. 168) 　総研セミナー：ナショナリズム再考","朝日新聞社総合研究本部 編","朝日新聞社総合研究本部","2004.5","","","",""
" 673.96","20-8","喜多床百三十五年史","[舩越 千代 著]","[舩越]","2006.1",""," ヘアサロン喜多床・5代目 舩越千代さん","",""
"404.9","20-8","ハンマー１０話　","吉川 謙造 著","吉川 謙造 ","2004.9","","寄贈","",""
"288.6 ","20-8","家紋からあなたのルーツをさぐる : 家紋ポケット","インデックス編集部 編著","イースト・プレス","2004.1","","","",""
"","","","","","","","","",""
"","","","","","","","","",""
"164","20-9","神話の力      (ハヤカワ文庫  NF368)","ジョーゼフ・キャンベル(Campbell, Joseph), ビル・モイヤーズ(Moyers, Bill D) 著,  飛田 茂雄 訳
","早川書房","2010.6","","Campbell, Joseph, 1904-1987
原タイトル: The power of myth ","",""
"164","20-9","千の顔をもつ英雄　上      (ハヤカワ文庫 NF  452)","ジョゼフ・キャンベル(Campbell, Joseph) 著,   倉田 真木, 斎藤 静代, 関根 光宏 訳
","早川書房","2015.12","","新訳版,  
原タイトル: The hero with a thousand faces ","",""
"164","20-9","千の顔をもつ英雄　下      (ハヤカワ文庫 NF  453)","ジョゼフ・キャンベル(Campbell, Joseph) 著,   倉田 真木, 斎藤 静代, 関根 光宏 訳
","早川書房","2015.12",""," ","",""
"","","","","","","","","",""
"209","20-9","環境と文明の世界史 : 人類史20万年の興亡を環境史から学ぶ      (新書y  030)","石 弘之, 安田 喜憲, 湯浅 赳男 著","洋泉社","2001.5","","","",""
"456.89","20-9","気候変動の文明史　　　(NTT出版ライブラリーレゾナント 6)","安田喜憲 著","NTT出版","2004.12","","","",""
"209","20-9","遊牧民から見た世界史 : 民族も国境もこえて","杉山 正明 著","日本経済新聞社","2011.7","","","",""
"222.7","20-9","世界史を変貌させたモンゴル : 時代史のデッサン　（角川叢書　13）","杉山 正明 著","角川書店","2000.12","","","",""
"362.3","20-9","肉食の思想 : ヨーロッパ精神の再発見      (中公新書 92)","鯖田 豊之 著","中央公論社","1966.1","","","",""
"209","20-9","石の文化史","M.シャックリー (Shackley, Myra L) 著, 鈴木 公雄 訳","岩波書店","1982.3","","原タイトル: Rocks and man","",""
"569.8","20-9","砂と人類 : いかにして砂が文明を変容させたか","ヴィンス・バイザー(Beiser, Vince) 著,  藤崎 百合 訳","草思社","2020.3","","原タイトル: The World in a Grain : the story of sand and how it transformed civilization","",""
"230.5","20-9","空間の世紀","樋口 謹一 編","筑摩書房","1988.3","","","",""
"361.65","20-9","秘密結社の世界史 : フリーメーソンからトランプまで、その謎と陰謀      (朝日文庫  う23-1)","海野 弘 著","朝日新聞出版","2017.6","","平凡社 2006年刊の一部加筆 ","",""
"230.038","20-9","ヨーロッパ大陸歴史地図       (大陸別世界歴史地図 1)","イアン・バーンズ(Barnes, Ian), ロバート・ハドソン(Hudson, Robert) [著],  武井 摩利 訳","東洋書林","2001.6","","原タイトル: The history atlas of Europe ","",""
"230","20-9","ヨーロッパ   1  古代","ノーマン・デイヴィス(Davies, Norman) 著,  別宮 貞徳 訳","共同通信社","2000.2","","","",""
"293 ","20-9","ヨーロッパ：文化地域の形成と構造","T.G.ジョーダン=ビチコフ(Jordan-Bychkov, Terry G), B.B.ジョーダン(Bychkova Jordan, Bella) [共著],  山本 正三, 石井 英也, 三木 一彦 共訳","二宮書店","2005.10","","原タイトル: The European culture area. (4th ed.) ","",""
"361","20-9","文明の生態","J.H.ストラー (Storer, John Humphries, 1888-) 著, 岡崎 陽一 訳","鹿島研究所出版会","1971","","","",""
"361","20-9","気候と文明","ハンチントン (Huntington, Ellsworth, 1876-1947) 著","岩波書店","1938(昭和13)","","原タイトル: Civilization and climate","",""
"451.85","20-9","気候変化と人間 : 1万年の歴史","鈴木 秀夫 著","大明堂","2000.1","","","",""
"226.6","20-9","三日月の世紀 : 「大航海時代」のトルコ、イラン、インド　（新潮選書）","那谷 敏郎 著","新潮社","1990.5","","","",""
"319","20-9","文明の衝突","サミュエル・ハンチントン(Huntington, Samuel P) [著],  鈴木 主税 訳
著者標目 	","集英社","1998.6","","原タイトル: The clash of civilizations and the remaking of world order ","",""
"209.5　","20-9","大国の興亡 : 1500年から2000年までの経済の変遷と軍事闘争 上巻","ポール・ケネディ (Kennedy, Paul M, 1945-) 著","草思社","1988.8","","原タイトル: The rise and fall of the great powers","",""
"209.5　","20-9","大国の興亡 : 1500年から2000年までの経済の変遷と軍事闘争 下巻

","ポール・ケネディ (Kennedy, Paul M, 1945-) 著","草思社","1988.8","","原タイトル: The rise and fall of the great powers","",""
"226.6","20-9","トプカプ宮殿の光と影　　(りぶらりあ選書)","N.M.ペンザー(Penzer, Norman Mosley, 1892-1960) 著, 岩永 博 訳","法政大学出版会","1992.1","","原タイトル: The harem","",""
"319.10273","20-9","砂漠の戦争 : イラクを駆け抜けた友、奥克彦へ","岡本 行夫 著","文藝春秋","2004.7","","","",""
"227 ","20-9","イスラム世界はなぜ没落したか？: 西洋近代と中東","バーナード・ルイス (Lewis, Bernard, 1916-2018) 著, 臼杵 陽 監訳, 訳: 今松泰, 福田義昭","日本評論社","2003.7","","タイトル: What went wrong?","",""
"","","","","","","","","",""
"282.74 ","20-9","オスマン帝国英傑列伝 : 600年の歴史を支えたスルタン、芸術家、そして女性たち      (幻冬舎新書  お-29-1)","小笠原 弘幸 著","幻冬舎","2020.9","","","",""
"","","","","","","","","",""
"289.3","20-9","歴史学の慰め：アンナ・コムネナの生涯と作品","井上 浩一 著","白水社","2020.7","","","",""
"280.8","20-9","世界を創った人びと　13　コルテス : メキシコ征服者の栄光と挫折"," 寺田 和夫 編訳, 監修：堀米 庸三, 木村 尚三郎 ","平凡社","1978.8","","Cortés, Hernán, 1485-1547, 
その他のタイトル: コルテス:メキシコ征服者の栄光と挫折 コルテス","",""
"332","20-9","経済成長の世界史","E.L.ジョーンズ(Jones, Eric Lionel) 著,  天野 雅敏, 重富 公生, 小瀬 一, 北原 聡 訳","名古屋大学出版会","2007.1","","原タイトル: Growth recurring. (第2版) ","",""
"253.01","20-9","忘れられたアメリカ史      (丸善ライブラリー  293)","大島 良行 著","丸善","1999.5","","","",""
"253.01","20-9","ニューヨーク黄金時代 : ベルエポックのハイ・ソサエティ","海野 弘 著","平凡社","2001.7","","","",""
"","","","","","","","","",""
"","","","","","","","","",""
"519.12","21-1","Environmental policy and NEPA : past, present, and future","edited by Ray Clark and Larry Canter","St. Lucie Press","1997","英語","","",""
"519.12","21-1","Conflict and compromise, congress makers a Law   The Passage of the National Environmental Plicy Act","","Georgetown University Graduate School","","英語","","",""
"519.12","21-1","The Passage of the National Environmental Policy Act  Part 2   351-683P","","Georgetown University Graduate School","","英語","","",""
"","","","","","","","","",""
"519.1","21-1","環境政策史 : なぜいま歴史から問うのか      (法政大学大原社会問題研究所叢書)","西澤 栄一郎, 喜多川 進 編著,  佐藤 圭一, 水野 祥子,  伊藤 康, 小野 一,  辻 信一 著","ミネルヴァ書房(京都)","2017.3","","","",""
"519.12","21-1","アメリカの環境保護法","畠山 武道 著","北海道大学図書刊行会(札幌)","1992.6","","","",""
"519.12","21-1","アメリカ環境訴訟法","山本 浩美 著","弘文堂","2002.9","","","",""
"323.9953","21-1","アメリカ行政法","宇賀 克也 著","弘文堂","1988.12","","","",""
"316.1","21-1","情報公開法の理論","宇賀 克也 著","有斐閣","1998.6","","","",""
"519.853","21-1","アメリカの環境主義 : 環境思想の歴史的アンソロジー","R.F.ナッシュ(Nash, Roderick) 編著,  松野弘 監訳, 栗栖 聡, 藤川 賢, 川島 耕司 共訳","同友館","2004.7","","","",""
"519.1","21-1","Man and Environment : Crisis and the Strategy of Choice","Robert Arvil","Penguin Books","1976","英語"," ","",""
"519.253","21-1","環境保護主義の時代 : アメリカにおける環境思想の系譜","J.E.ド・スタイガー(De Steiguer, Joseph Edward) 著,  新田 功, 藏本 忍, 大森 正之 訳","多賀出版","2001.6","","原タイトル: Age of environmentalism ","",""
"519.1","21-1","アメリカは環境に優しいのか : 環境意思決定とアメリカ型民主主義の功罪","諏訪 雄三 著","新評論","1996.6","","","",""
"519.5","21-1","環境問題と世界史","大場 英樹 著","公害対策技術同友会","1979.5","","","",""
"361.7","21-1","遥かなる楽園 : 環境破壊と文明　","ジョン・セイモアー(Seymour, John), ハーバート・ジラルデット(Girardet, Herbert) [著],  加藤 辿, 大島 淳子 訳","日本放送出版協会","1988.10","","原タイトル: Far from paradise ","",""
"162.1 ","21-1","アトムの誘惑 : 原発問題を神道・仏教・キリスト教・新宗教はどう見たか","島崎 義孝 著","ノンブル社","2018.11","","","",""
"331","21-1","私的企業と社会的費用: 現代資本主義社会における公害問題","カップＫ.W. (Kapp, Karl William, 1910-1976) 著, 篠原 泰三 著","岩波書店","1970","","","",""
"902","21-1","Forests : the shadow of civilization"," Robert Pogue Harrison (ロバート・P.ハリスン) 著","University of Chicago Press","1993.3","英語","Reprint版, 翻訳版：森の記憶 : ヨーロッパ文明の影","",""
"519.253","21-1","アメリカの環境保護運動      (岩波新書)","岡島 成行 著","岩波書店","1990.10","","","",""
"482.53","21-1","アメリカの野生動物保護      (中公新書)","藤原 英司 著","中央公論社","1976","","","",""
"361.7","21-1","現代思想としての環境問題 : 脳と遺伝子の共生      (中公新書)","佐倉 統 著","中央公論社","1992.5","","","",""
"","","","","","","","","",""
"","","","","","","","","",""
"","","","","","","","","",""
"519.8","21-2","世界環境保全戦略：自然と開発の調和をめざして","ロバート・アレン(Allen, Robert) 著,  竹内 均 訳","財団法人日本生産性本部","1982.1","","別タイトル: How to save the world:strategy for world conservation","",""
"519.8","21-2","自然保護年鑑  昭和62年版","自然保護年鑑編集委員会 編, 	協力: 環境庁自然保護局 ","自然保護年鑑刊行会","1987.8","","昭和62年版: 付: 植生自然度図 (1枚) ","",""
"519.8","21-2","自然保護年鑑 ２   (平成1・2年版 )","自然保護年鑑編集委員会 編,  	協力: 環境庁自然保護局 ","自然保護年鑑刊行会","1989.12","","","",""
"519.8","21-2","自然保護年鑑 ３   (平成4・5年版 )   世界と日本の自然は今　","自然保護年鑑編集委員会 編, 協力 : 環境庁自然保護局","自然保護年鑑刊行会,  	発売 : 日正社","1992.12","","498.43, 昭和62年版から4までの頒布者: 日正社, 5の出版者: インタラクション/環境緑化新聞 ","",""
"519.81","21-2","自然保護のあゆみ : 尾瀬から天神崎まで、日本自然保護協会三十年史","日本自然保護協会三十年史編集委員会 著","日本自然保護協会","1985.5","","年表で見る日本自然保護協会の活動と自然保護の歩み: p387～448 ","",""
"519.81","21-2","自然保護行政のあゆみ : 自然公園五十周年記念","環境庁自然保護局","環境庁自然保護局","1981.10","","","",""
"290.12","21-2","自然保護の思想","吉良 竜夫 著","人文書院(京都)","1976","","","",""
"468","21-2","自然保護を考える","信州大学教養部自然保護講座 編","共立出版","1973","","","",""
"468","21-2","続  自然保護を考える","信州大学教養部自然保護講座 編","共立出版","1978.7","","","",""
"468","21-2","「地理」Vol.29, No.5, 1984　特集：自然保護と日本人","執筆者：只木 良也, つばた しゅういち, 横山 秀司, 中山 正民, 木原 啓吉, 小森 泰三ほか","古今書院","1984.5","","","",""
"361.7","21-2","講座 環境社会学  第3巻　自然環境と環境文化","鳥越 皓之 編,  シリーズ著者: 飯島伸子 [ほか]企画編集","有斐閣","2001.5","","","",""
"328.741","21-2","平成元年度 公害の状況に関する年次報告","環境庁 編","大蔵省印刷局","1990.1","","別タイトル: 第118回国会（特別会）提出","",""
"328.741","21-2","平成2年度において講じようとする公害の防止に関する施策","環境庁 編","大蔵省印刷局","1990.1","","別タイトル: 第118回国会（特別会）提出","",""
"","","","","","","","","",""
"501.6","21-2"," エネルギー環境史  1  	第一次エネルギー革命","田中 紀夫 著","ERC出版","2001.8","","","",""
"501.6","21-2"," エネルギー環境史  2  	第二次エネルギー革命","田中 紀夫 著","ERC出版","2001.12","","","",""
"519.15","21-2","世界の環境アセスメント","地球・人間環境フォーラム 編, 監修: 環境庁環境アセスメント研究会 ","ぎょうせい","1996.9","","","",""
"519.81","21-2","「ジュリスト増刊総合特集」4　開発と保全 : 自然・文化財・歴史的環境","執筆者: 大井 道夫, 品田 穣, 只木 良也, 平野 侃三ほか","有斐閣","1976.7","","","",""
"328.741 ","21-2","環境アセスメント年鑑　1989･90年版","武蔵野書房 [編]","武蔵野書房","1991","","","",""
"519.15","21-2","日本の環境アセスメント史 : 社団法人日本環境アセスメント協会設立25周年記念事業","設立25周年記念事業実行委員会環境アセスメント史執筆小委員会 編　","日本環境アセスメント協会","2003.10","","","",""
"519.15 ","21-2"," 環境影響評価制度の現状と課題について : 環境影響評価制度総合研究会報告書 ","環境庁企画調整局 編,  環境影響評価制度総合研究会","大蔵省印刷局","1996.7","","","",""
"519.15 ","21-2","「環境影響評価制度に関する国際シンポジウム」＝ International Symposium on Environmantal Impact Assessment","講演: Pierre Senecal, 高部 正男 ほか","主催: 環境庁, 共催: 国際影響評価学会(IAIA),  地球・人間環境フォーラム","1996.9","","会期: 1996.9.25-26
英語、日本語","",""
"519.15 ","21-2","「環境影響評価制度に関する国際シンポジウム」＝ International Symposium on Environmantal Impact Assessment","講演: Pierre Senecal, 高部 正男 ほか","主催: 環境庁, 共催: 国際影響評価学会(IAIA),  地球・人間環境フォーラム","1996.9","","日本語への翻訳版","",""
"","","","","","","","","",""
"361","21-2","自然は管理できるか　生態学者の深刻な提言","生態学研究所 編, セブン・テンタクルズ 訳","サイマル出版","1974","","注記: ウィスコンシン大学で開催された「地球的規模の生態学的問題に関するワークショップ」 (Workshop on Global Ecological Problems) の記録をとりまとめたもの ","",""
"914.6","21-2","自然・制度・想像力　","饗庭 孝男 著","小沢書店","1980.11","","","",""
"468","21-2","自然保護という思想      (岩波新書)","沼田 真 著","岩波書店","1994.3","","沼田 真, 1917-2001","",""
"460.2","21-2","ナチュラリストの系譜 : 近代生物学の成立史      (中公新書)","木村 陽二郎 著","中央公論社","1983.2","","","",""
"519.21","21-2","ゴルフ場は自然がいっぱい      (ちくま新書  804)","田中 淳夫 著","筑摩書房","2009.9","","","",""
"158","21-2","環境倫理学のすすめ       (丸善ライブラリー  32)","加藤 尚武 著","丸善","1991.12","","","",""
"519.5","21-2","環境政策を考える","華山 謙 著","岩波書店","1978.3","","","",""
"","","","","","","","","",""
"","","","","","","","","",""
"","","","","","","","","",""
"519.15","21-3","実践ガイド　環境アセスメント","環境アセスメント研究会　編","（株）ぎょうせい　","2007.8","","","",""
"519.15","21-3","環境アセスメントはヘップ(HEP)でいきる : その考え方と具体例","監修: (財)日本生態系協会","ぎょうせい","2004.6","","","",""
"519.15","21-3","環境アセスメントの実務","鹿島建設環境開発部 編","鹿島出版会","1987.9","","","",""
"519.15","21-3","わかりやすい環境アセスメント","寺田 達志 著","東京環境工科学園出版部","1999.9","","","",""
"519.8","21-3","世界環境保全戦略 : 自然と開発の調和をめざして","ロバート・アレン (Allen, Robert) 著, 竹内 均 訳","日本生産性本部","1982.1","","原タイトル: How to save the world:strategy for world conservation","",""
"519.12","21-3","環境法入門　(日経文庫)","畠山 武道, 大塚 直, 北村 喜宣","日本経済新聞出版社","2007.5","","","",""
"519","21-3","環境思想の出現　（環境思想の系譜 1）","監修：小原 秀雄,  解説：阿部 治, リチャード・エバノフ (Evanoff, Richard), 鬼頭 秀一","東海大学出版会","1995.5","","","",""
"519","21-3","環境思想と社会　（環境思想の系譜 2）","監修：小原 秀雄, 解説：リチャード・エバノフ (Evanoff, Richard), 戸田 清","東海大学出版会","1995.5","","","",""
"519.5","21-3","環境思想の多様な展開　（環境思想の系譜 3）","監修：小原 秀雄,  解説：鬼頭 秀一, 森岡 正博, リチャード・エバノフ (Evanoff, Richard), 戸田 清","東海大学出版会","1995.5","","","",""
"519.8","21-3","環境創造の思想","武内 和彦 著","東京大学出版会","1994.7","","","",""
"519 ","21-3","環境と倫理 : 自然と人間の共生を求めて    (有斐閣アルマ : Interest)","加藤 尚武 編","有斐閣","1998.8","","","",""
"519","21-3","環境学への道","末石 冨太郎 著","思考社","1982.4","","","",""
"519.1","21-3","環境計画・政策研究の展開 : 持続可能な社会づくりへの合意形成","原科 幸彦 著","岩波書店","2007.1","","","",""
"","","","","","","","","",""
"460.49","21-3","生態学の窓から","吉良 竜夫 著","河出書房新社","1973","","","",""
"468 ","21-3","持続不可能性 : 環境保全のための複雑系理論入門","サイモン・レヴィン (Levin, Simon A) 著, 重定 南奈子, 高須 夫悟 訳","文一総合出版","2003.10","","原タイトル: Fragile dominion","",""
"519","21-3","市民のための環境講座　上　","日本環境教育フォーラム 安田火災海上保険 編","中央法規出版","1997.10","","","",""
"519","21-3","市民のための環境講座　下　","日本環境教育フォーラム 安田火災海上保険 編","中央法規出版","1997.10","","","",""
"519","21-3","環境経済学","宮本 憲一 著","岩波書店","1989.6","","","",""
"601 ","21-3","新・環境はいくらか","ジョン・ディクソン (Dixon, John A, 1946- ) 他共著, 環境経済評価研究会 訳","築地書館","1998.10","","原タイトル: Economic analysis of the environmental impacts of development projects. (2nd ed.)","",""
"519","21-3","環境経済入門　  (日経文庫) ","三橋 規宏 著","日経文庫","2007.9","","第3版","",""
"519","21-3","環境資源と情報システム","武内 和彦, 恒川 篤史 編","古今書院","1994","","","",""
"519","21-3","エコ経済革命 : 地球と経済を救う5つのステップ    (未来ブックシリーズ)","レスター・R.ブラウン(Brown, Lester Russell, 1934-) 著, 枝廣 淳子 訳, 菱研 監修","たちばな出版","1998.4","","原タイトル: How environmental trends are reshaping the global economy","",""
"468","21-3","エコロジー : 起源とその展開","アンナ・ブラムウェル (Bramwell, Anna) 著, 金子 務 監訳","河出書房新社","1992.9","","原タイトル: Ecology in the 20th century","",""
"361.7","21-3","エコロジーと社会　","マレイ・ブクチン (Bookchin, Murray, 1921-2006) 著, 藤堂 麻里子, 戸田 清, 萩原 なつ子 訳","白水社","1996.7","","原タイトル: Remaking society","",""
"361.7","21-3","エコロジストの実験と夢   (編者とブリス・ラロンド, セルジュ・モスコヴィシ, ルネ・デュモンとの対話集)","ジャン=ポール・リブ (Ribes, Jean Paul, 1939-)編,  ラロンド, モスコヴィシ,  デュモン 著, 辻 由美 訳","みすず書房","1982.3","","原タイトル: Pourquoi les écologistes font-ils de la politique?","",""
"361.7","21-3","エコロジスト宣言","アンドレ・ゴルツ (Gorz, André, 1924-2007) 著, 高橋 武智 訳","技術と人間","1980.5","","","",""
"519 ","21-3","日本社会を不幸にするエコロジー幻想 : 「環境にやさしい」が環境を破壊する","武田 邦彦 著","青春出版社","2001.5","","","",""
"519 ","21-3","エコロジーだけが経済を救う","フランツ・アルト (Alt, Franz, 1938-)著, 村上 敦 訳","洋泉社","2003.3","","原タイトル: Das okologische Wirtschaftswunder. (改訂版)","",""
"337 ","21-3","エコマネーはマネーを駆逐する : 環境に優しい「エコマネー資本主義」へ","加藤 敏春 著","勁草書房","2002.8","","","",""
"","","","","","","","","",""
"518.24","21-3","トイレットからの発想　ー人と自然をよみがえらせる法","ヴァン・デァ・リン (Van der Ryn, Sim) 著, 西村 肇, 小川 彰 訳","講談社","1980.3","","原タイトル: The toilet papers","",""
"519.1","21-3","地球の未来のため僕が決断したこと : 気候大災害は防げる","ビル・ゲイツ(Gates, Bill) 著, 山田 文 訳","早川書房","2021.8","","原タイトル: HOW TO AVOID A CLIMATE DISASTER","",""
"498.4","21-3","Environmental Quality 1970-1990 (; twentieth Annual Report)","**","The Council on Environmental Quality  ","","英語","","",""
"","","","","","","","","",""
"","","","","","","","","",""
"","","","","","","","","",""
"404","21-4","自然美と其驚異      (岩波文庫  899-900)","ラバック(Lubbock, John, 1834-1913 著, 板倉 勝忠 訳","岩波書店","1933(昭和8.7刊の6刷)","","","",""
"934","21-4","森の生活 : ウォールデン   上,下巻　   (岩波文庫)","ソーロー(Thoreau, Henry David, 1817-1862) 著, 神吉三郎 訳","岩波書店","1970.9(1951刊の21刷)","","原タイトル: Walden,or,Life in the woods","",""
"481.78","21-4","ソロモンの指環 : 動物行動学入門","コンラート・ローレンツ (Lorenz, Konrad, 1903-1989) 著, 日高 敏隆 訳","早川書房","1975","","改訂版","",""
"519.79","21-4","沈黙の春　   (新潮文庫)","レイチェル・カーソン(Carson, Rachel, 1907-1964) [著],  青樹 簗一 訳","新潮社","2004.6","","原タイトル: Silent spring ,  62刷改版","",""
"334.7","21-4","The Quiet Crisis","by Stewart L. Udall, with an introduction by John F. Kennedy","An Avon Book","1963","英語","","",""
"519.5","21-4","サイレント・スプリングの行くえ : 自然の保護と人間の生態","フランク・グレアム・ジュニア (Graham, Frank, 1925- )著,  田村 三郎, 上遠 恵子 訳","東京同文書院","1971","","","",""
"930.28","21-4","レイチェル・カーソン　（『生命の棲家』 (1974年刊) の改題） ","ポール・ブルックス (Brooks, Paul, 1909-1997) 著, 上遠 恵子 訳","新潮社","1994.2","","原タイトル: The house of life","",""
"382.53","21-4","植物と叡智の守り人 : ネイティブアメリカンの植物学者が語る科学・癒し・伝承","ロビン・ウォール・キマラー(Kimmerer, Robin Wall) 著, 三木 直子 訳","築地書館","2018.8","","原タイトル: Braiding Sweetgrass","",""
"361","21-4","環境の人間性 : 行動科学的アプローチ(現代の心理科学)","ルドルフ・H.モース(Moos, Rudolf H.) 著,  望月 衛 訳","朝倉書店","1979.1","","原著: The Human context: environmental determinants of behavior.","",""
"","","","","","","","","",""
"404","21-4","科学は21世紀をつくれるか : コスモス賢人会議 '95","有馬 朗人, H.リーヴ, 岡田 節人,  W.アーバー,  P.H.レーブン,  C.ラメル / (財)国際花と緑の博覧会記念協会 編","春秋社","2000.6","","","",""
"104","21-4","近代的自然観と哲学　（現代の科学と哲学）","根井 康之 著","農山漁村文化協会","1984.11","","","",""
"104","21-4","環境哲学への招待 : 生きている自然を哲学する","西川 富雄 著","こぶし書房","2002.4","","","",""
"462.38","21-4","自然環境の保護 : 公害理論と実際","A.I.ヴァロンツォフ (Vorontsov, Aleksei Ivanovich), N.Z.ハリトノーバ (Kharitonova, Nadezhda Zakharo),  杉山 利子 訳","ラテイス","1972","","","",""
"468","21-4","ネイチャーズ・エコノミー : エコロジー思想史","ドナルド・オースター (Worster, Donald, 1941-)著,  中山 茂・成定 薫・吉田 忠 訳","リブロスポート","1989","","原タイトル: Nature's economy. new ed","",""
"519.04","21-4","シム・ヴァンダーリンとスチュワート・コーワンのエコロジカル・デザイン","シム・ヴァンダーリン(Van der Ryn, Sim), スチュアート・コーワン(Cowan, Stuart) 著,  林 昭男, 渡 和由 訳","ビオシティ/ 信山社サイテック","1997.5","","","",""
"519","21-4","環境危機をあおってはいけない : 地球環境のホントの実態ントの実態","ビョルン・ロンボルグ (Lomborg, Bjørn, 1965-)著, 山形 浩生 訳","文藝春秋","2003.6","","    原タイトル: Verdens sande tilstand. (重訳)原タイトル: The skeptical environmentalist","",""
"481.7","21-4","動物生態学 (上) 個体生態学","エヌ・ペー・ウモフ (Naumov, Nikolay Pavlovich) 著, 山岸 宏 訳","ラテイス","1968","","第2版","",""
"468","21-4","侵略の生態学","チャールズ・S.エルトン (Elton, Charles Sutherland, 1900-1991) 著,  川那部 浩哉・大沢 秀行・阿部 琢哉 訳","思索社","1988","","原タイトル: The ecology of invasion by animals and plants, 
新装版","",""
"614.4","21-4","土地利用の生態学","E.H.グレーアム (Graham, Edward Harrison, 1902-1966) 著,  上野 福男, 山本 正三 訳","㈶農林統計協会","1974.4","","原タイトル: Natural Principles of Land Use.","",""
"480.4","21-4","動物と人間","NHK取材班","日本放送出版協会","1979.12","","","",""
"384.3","21-4","なわばりの文化史 : 海・山・川の資源と民俗社会","秋道 智彌 著","小学館","1995.3","","","",""
"519.8","21-4","魚の裁判","辻田 啓志 著","日本評論社","1984.1","","","",""
"481.3","21-4","ゾウの時間ネズミの時間 : サイズの生物学　　(中公新書)","本川 達雄 著","中央公論社","1992.8","","第９回講談社科学出版賞受賞","",""
"488.99","21-4","カラスはどれほど賢いか : 都市鳥の適応戦略　　(中公新書)","唐沢 孝一 著","中央公論社","1988.5","","","",""
"489.9","21-4","森林がサルを生んだ : 原罪の自然誌","河合 雅雄 著","平凡社","1979.9","","","",""
"615.7","21-4","生と死の妙薬 : 自然均衡の破壊者化学薬品","レーチェル・カーソン （Carson, Rachel, 1907-1964) 著,  青樹 簗一 訳","新潮社","1964","","原タイトル：Silent Spring by Rachel Carson on 1962.","",""
"453","21-4","動物が地震を知らせた","中国科学院生物物理研究所地震グループ 編,  現代中国科学研究会 訳","長崎出版","1979.5","","原タイトル：動物与地震","",""
"","","","","","","","","",""
"","","","","","","","","",""
"","","","","","","","","",""
"462.163","21-5","明治の森箕面国定公園：自然のしおり","日本自然保護協会, 協力: 箕面生物研究会","日本自然保護協会","1970.3","","","",""
"462.163","21-5","森林への招待 : 明治の森高尾国定公園 : 自然研究路のしおり","日本自然保護協会 編","日本自然保護協会","1970.3","","","",""
"462.163","21-5","自然への招待 : 阿蘇国立公園長者原地区 : 自然研究路のしおり","大分県 編","日本自然保護協会","1971.3","","","",""
"629.4103","21-5","国立公園術語集","**","(財)国立公園協会","1970.6","","","",""
"689.9","21-5","国民休暇村ガイドブック　昭和62年度","(財)国民休暇村協会広報課 編","(財)国民休暇村協会","1987","","","",""
"689.9","21-5","国民保養温泉地ガイド","環境庁自然保護局 監修","国民保養温泉地協議会","1987.5","","","",""
"629.41","21-5","自然保護と戦後日本の国立公園 : 続『国立公園成立史の研究』","村串 仁三郎 著","時潮社","2011.7","","","",""
"629.41","21-5","国立公園論 : 国立公園の80年を問う","国立公園研究会, 自然公園財団 編,   阿部宗広, 小野寺浩 ほか著","南方新社(鹿児島)","2017.3","","","",""
"629.41","21-5","国立公園と風景の政治学 : 近現代日本の自然風景の権威付けはどのように行われてきたのか","西田 正憲 編著,  佐山 浩, 水谷 知生, 岡野 隆宏 著","京都大学学術出版会(京都)","2021.2","","","",""
"629.41","21-5","日本の自然公園 : 自然保護と風景保護      (相模選書)","田中 正大 著","相模書房","1981.10","","","",""
"629.41","21-5","国立公園成立史の研究 : 開発と自然保護の確執を中心に","村串 仁三郎 著","法政大学出版局","2005.4","","","",""
"689.9","21-5","自然公園における休暇村成立の意義と公園利用への効果に関する研究","加治 隆 著","東京環境工科学園出版部","2009.11","","","",""
"629.41","21-5","再生する国立公園 : 日本の自然と風景を守り、支える人たち      (Asahi eco books  25)","瀬田 信哉 著","アサヒビール / 清水弘文堂書房","2009.3","","並列シリーズ名: アサヒ・エコブックス ","",""
"216","21-5","阪神間モダニズム : 六甲山麓に花開いた文化、明治末期-昭和15年の軌跡","「阪神間モダニズム」展実行委員会 編著,  兵庫県立近代美術館 [ほか]企画・監修","淡交社(京都)","1997.10","","会期・会場: 平成9年10月18日-12月7日 兵庫県立近代美術館ほか","",""
"","","","","","","","","",""
"291.97","21-5","屋久島の国立公園問題","国立公園協会","国立公園協会","1955","","部分タイトル: 屋久島の重要性と問題点(国立公園協会) / 生態学的に見たる屋久島の森林と其の施業(河田杰) / 屋久島の植物相(正宗厳敬) / 屋久島の自然科学的重要性(佐竹義輔) / アメリカの巨樹林を見る(千家哲麿) / 屋久島国立公園候補地現地調査報告<抜萃>(大井道夫)/  屋久杉の巨樹林は国家の至宝国民の遺産として永遠に保存すべきである(田村剛)  / 附表:屋久杉材積一覧表","",""
"291.02","21-5","北海道の國立公園と景勝地
北海道の国立公園と景勝地","北海道景勝地協會 編 ","北海道景勝地協會(札幌)  北海道景勝地協会","1936.10","","折り込み図1枚 ","",""
"629.4","21-5","大井道夫著作集","大野道夫著作集刊行会","大野道夫著作集刊行会","2007.12","","２冊あり、→8-7","",""
"629.4","21-5","鹿野久男著作集　","鹿野久男資料集作成委員会","鹿野久男資料集作成委員会","2021.3","","２冊,  連絡先（自然公園財団）","",""
"629.4","21-5","池ノ上容著作目録と自然公園論","池ノ上容著作目録刊行会","（千葉大学園芸学部風景計画学研究室）","2004.12","","","",""
"629.4","21-5","池ノ上容先生「国立公園を語る」　（連載対談 第1回～第17回)","池ノ上 容（(財) 国立公園協会副会長）","**","","","２冊あり→図書管理DB登録","",""
"629.4","21-5","国立公園に魅せられて：自然公園行政に関わった三十年の追憶","宇野 佐 著","宇野 佐(熊谷)","2013.7","","","",""
"454","21-5","景観の地理       (辻村太郎著作集  4)","辻村　太郎 著","平凡社","1986.9","","辻村 太郎, 1890-1983","",""
"629.4","21-5","国立公園施設整備に携わって　自然公園行政と造園教育の半世紀　","永嶋正信先生に感謝の意を表わす会　編","（東京農業大学農学部造園学科風景計画学研究室内）","1997.4","","","",""
"629.4","21-5","自然美の理論","中村 一 著","中村 一 ","1975.8","","博士論文(京都大学), 非売品
付:中村一先生京都大学退職記念シンポジウム基調講演","",""
"629.4","21-5","持続性概念による自然保護の理論的実証的研究      (筑波大学農林社会経済研究 第8号別刷)","糸賀 黎 著","筑波大学農林学系 ","1990.3","","","",""
"629.41","21-5","男たちの祭り：自然保護レンジャーの熱き想い","[中島 良吾]","中島 栄子","1992.4","","","",""
"629.4","21-5","「FRONT」Vol.14(1)　特集・国立公園のいま：日本の自然保護を再考する","編集協力：日本自然保護協会、海中公園センターほか","リバーフロント整備センター","2001.10","","","",""
"629.41","21-5","日本の国立公園 : 絵画集","ユーキャン企画, 国立公園協会 監修","ユーキャン","2000-","","","",""
"","","","","","","","","",""
"","","","","","","","","",""
"","","","","","","","","",""
"291","21-6","国立公園 パークガイド シリーズ　28冊","自然公園財団 編","自然公園財団","2000年代-","","立山･黒部／那須･塩原／雲仙, 小笠原, 上高地, 大山, 阿蘇, を含む","",""
"","","","","","","","","",""
"291.12","21-6","自然公園の手びき　1993, 1994, 2004","自然公園財団 編","自然公園財団, アイフィス","1900年代-","","３冊: 1993-1994, 2004","",""
"","","","","","","","","",""
"291.12","21-6","自然公園への招待 : 国立公園・国定公園ガイド","監修: 環境省自然環境局, 国立公園協会, 自然公園財団編","国立公園協会 : 自然公園財団","2012.8","","第4版","",""
"","","","","","","","","",""
"519.85","21-6","公園緑地制度の研究 : 米国篇 1","シー･イー･ドウェル, ピー・ジェー･ソンプソン 著、佐藤　昌　訳","公園緑地協会","1955.3","","非売品, 1300404
米国篇 1 公園政策","",""
"629.4","21-6","自然公園等関係法規集　第3集","国立公園協会 編, 監修：厚生省大臣官房国立公園部","(財)国立公園協会","1968.7(第３版)","","1820084","",""
"629.4","21-6","自然公園等関係法規集","環境庁自然保護局 監修","(財)国立公園協会","1974.6","","1820072","",""
"629.4","21-6","公園計画等事務必携 : 自然環境保全法及び自然公園法に基づく地域指定及び計画作成等に関する通達集）","環境庁自然保護局計画課 監修","(財)国立公園協会","1968.7","","1330027","",""
"","","","","","","","","",""
"","","","","","","","","",""
"","","","","","","","","",""
"","","","","","","","","",""
"293.95","21-7","クレタ、神々の山へ","真保 裕一 著","岩波書店","2004.6","","","",""
"910.268","21-7","アルプ　特集：櫛田孫一","山口耀久, 三宅修, 大谷一良 編","山と溪谷社","2007.7","","串田, 孫一, 1915-2005","",""
"","","","","","","","","",""
"291","21-7","日本風景論　　(日本山岳会創立70周年記念出版 復刻 日本の山岳名著)","志賀 重昂 著, 企画･編集：日本山岳会(会長 今西錦司)","政教社","1975.10","","初版：明治27.10, 政教社発行
志賀 重昂 (1863-1927)","",""
"291.5","21-7","日本アルプス　第1巻～第4巻","小島 烏水 著","前川文栄閣","1910-1915","","","",""
"290.9","21-7","氷河と万年雪の山　(復刻日本の山岳名著 )","小島烏水 著 (小島 久太 著), 企画編集:(社)日本山岳会","梓書房","1975.10(原著:1932.6)","","小島烏水 (1873-1948)","",""
"290.9","21-7","山岳省察　（覆刻 日本の山岳名著,  日本山岳会創立七十周年記念出版)
","今西 錦司 著,  企画･編集: 日本山岳会 (会長 今西錦司)","大修館書店","1975.10","","今西 錦司 (1902-1992)","",""
"290.9","21-7","黒部谿谷　（覆刻 日本の山岳名著,  日本山岳会創立七十周年記念出版)","冠松 次郎 著, 日本山岳会 企画･編集","大修館書店","1975.10","","アルス(ARS)  昭和3年刊の複製 ","",""
"290.9 ","21-7","尾瀬と鬼怒沼　（覆刻 日本の山岳名著,  日本山岳会創立七十周年記念出版)","武田 久吉 著, 企画・編集: 日本山岳会","大修館書店","1975.10","","武田, 久吉, 1883-1972
梓書房, 昭和5年刊の複製
付 (地図1枚) ","",""
"292.09","21-7","ヘディン探検紀行全集　13　シルクロード","ヘディン (Hedin, Sven Anders, 1865-1952) 著、西　義之 訳","白水社","1978.12","","Hedin, Sven Anders, 1865-1952","",""
"","","","","","","","","",""
"292.58","21-7","チベット・エベレスト・ネパール : 自然と文明の紀行","鴨井 信政 著","シビナ国際文化研究・交流会","1989.2","","","",""
"743.5","21-7","風景写真研究      (現代カメラ新書  no.25)","田中 雅夫 著","朝日ソノラマ
","1976","","","",""
"291.5","21-7","シェルパ斉藤の東海自然歩道全踏破 : 213万歩の旅      (小学館文庫)","斉藤 政喜 著","小学館","2001.1","","「213万歩の旅」 (1992年刊) の改題 ","",""
"","21-7","南米大陸ぶらり一人旅      (異文化を知る一冊)","洛山 陽一 著","三修社","1985.11","","","",""
"689.2151 ","21-7","富士北麓観光開発史研究","内藤 嘉昭 著","学文社","2002.3","","","",""
"",""," ","","","","","","",""
"913.6","21-7","龍山囍譚 : クロヨンダム工事記録","宇佐美 省吾 著","[森井書店]","1966.5","","和装, 帙入 限定版, 特装版 ","",""
"","","","","","","","","",""
"629.41","21-7","日光地域の野外レクリエーション利用の変遷に関する研究","永嶋 正信 著","東京農業大学出版会","1989.11","","","",""
"748","21-7","わたしの尾瀬 : 心に残る四季折々の尾瀬の風景 : 新井幸人写真集      (ブティックムック  no.293)","新井 幸人 著","ブティック社
","2000.6","","「風景写真」特別編集 ","",""
"402.9","21-7"," 尾瀬の自然 : 保護と利用      (風景計画学研究, No.9)","**","千葉大学園芸学部緑地・環境学科環境デザイン学講座 風景計画学研究室","2000.1","","","",""
"","","","","","","","","",""
"653.6","21-7","屋久島やくすぎ物語 : 屋久杉自然館ビジュアルテキスト : 屋久杉自然館総合案内誌","屋久島町立屋久杉自然館 編集","屋久島町立屋久杉自然館 (鹿児島県)","2015.7","","","",""
"291.09","21-7","週刊日本遺産 no.3 屋久島      (朝日ビジュアルシリーズ  v.3)","**","朝日新聞社","2002.11","","","",""
"291.97","21-7","Diagram Yakushima : Yakushima Environmental Culture Village guide","Conservation Division (Kagoshima Prefectural Government)","Yakushima Environmental Culture Foundation","2000.5","英語","","",""
"","","","","","","","","",""
"","","","","","","","","",""
"","","","","","","","","",""
"230.04","21-8","風景の現象学 : ヨーロッパの旅から      (中公新書)","内田 芳明 著","中央公論社","1985.7","","","",""
"302.3","21-8","風景は生きた書物 : 体験的ヨーロッパ論      (中公文庫)","木村 尚三郎 著","中央公論社","1986.7","","","",""
"361.78","21-8","風景とは何か : 構想力としての都市      (朝日選書  445)","内田 芳明 著","朝日新聞社","1992.3","","","",""
"361.04","21-8","風景とはなにか : 都市・人間・日常的世界      (NHKブックス  673)","山岸 健 著","日本放送出版協会","1993.10","","","",""
"629.1","21-8","風景のコスモロジー      (SD選書  230)","吉村 元男 著","鹿島出版会","1997.7","","","",""
"629.1","21-8","農の美学 : 日本風景論序説","勝原 文夫 著","論創社","1979.9","","","",""
"629.1","21-8","村の美学 : 原風景と修景の座標","勝原 文夫 著","論創社","1986.8","","","",""
"629.1","21-8","風景と景観 : 景観甦生の論と技","田村 麗丘 著","公害対策技術同友会","1999.5","","","",""
"380.4","21-8","景観のなかの暮らし : 生産領域の民俗","香月 洋一郎 著","未来社","1983.1","","","",""
"914.6","21-8","文学における原風景 : 原っぱ・洞窟の幻想","奥野 健男 著","集英社","1972","","『すばる』の第2号-6号 (1970年10月-71年11月) に連載されたものに加筆したもの ","",""
"629.1","21-8","景観の作法 : 殺風景の日本      (学術選書  068)","布野 修司 著","京都大学学術出版会(京都)","2015.1","","","",""
"518.8","21-8","風土自治 : 内発的まちづくりとは何か","中村 良夫 著","藤原書店","2021.4","","","",""
"468.04 ","21-8","景観生態学 : 生態学からの新しい景観理論とその応用","モニカ・G.ターナー (Turner, Monica Goigel), ロバート・H.ガードナー (Gardner, R. H), ロバート・V.オニール (O'Neill, Robert V) 著,  中越 信和, 原 慶太郎 監訳","文一総合出版","2004.9","","原タイトル: Landscape ecology in theory and practice,  訳: 名取睦ほか ","",""
"237","21-8","風景の誕生 : イタリアの美しき里","ピエーロ・カンポレージ (Camporesi, Piero, 1926-) 著,  中山 悦子 訳
","筑摩書房","1997.6","","原タイトル: Le belle contrade ","",""
"290.13","21-8","風景と人間","アラン・コルバン (Corbin, Alain, 1936- )  著,  小倉 孝誠 訳","藤原書店","2002.6","","原タイトル: L'homme dans le paysage ","",""
"468","21-8","日本的自然観の方法 : 今西生態学の意味するもの      (人間選書  167)","丹羽 文夫 著","農山漁村文化協会","1993.4","","","",""
"518.8 ","21-8","失われた景観 : 戦後日本が築いたもの      (PHP新書)","松原 隆一郎 著","PHP研究所","2002.11","","","",""
"452.932","21-8","日本の湖 : その自然と科学　（日経新書 11）","堀江 正治 著","日本経済新聞社","1964.12","","","",""
"454","21-8","風景を読む : 身近な自然の科学       (ブルーバックス  B-264)","稲森 潤, 木村 達明 著","講談社","1975.5","","","",""
"455.91","21-8","日本列島　第2版      (岩波新書)","湊 正雄, 井尻 正二 著","岩波書店","1967.9","","","",""
"450","21-8","風景の見方   （自然選書）","V. コーニッシュ(Cornish, Vaughan) 著, 東 洋恵 訳","中央公論社","1980.4","","","",""
"454.43","21-8","自然環境の変貌 : 平野を中心として ","多田 文男 著","東京大学出版会","1964.11","","","",""
"380.4","21-8","""流れ""の思想 : 川と日本人の関係考","飛岡 健 著","PHP研究所","1981.4","","","",""
"","","","","","","","","",""
"217.4","21-8","瀬戸内海の近代的風景の発見と定着 : 風景観の変遷過程に関する研究","西田 正憲 [著]","京都大学","1996","","博士論文 :  京都大学,  博士 (農学)","",""
"688","21-8","若狭湾地域観光レクリエーション基地開発計画調査","運輸省第一港湾建設局, 若狭湾地域開発経過于調査委員会","財団法人 運輸経済研究センター","1975","","","",""
"","","","","","","","","",""
"","","","","","","","","",""
"","","","","","","","","",""
"295.1","21-9","Yukon ","Jack Hope ; photos. by Paul von Baich.","Prentice-Hall","1976","英語","ISBN：0139825959, ユーコン準州は、カナダの準州の一つ","",""
"786","21-9","風雪のビバーク  (山岳名著シリーズ)","松濤 明 著","二見書房","1971","","","",""
"290.9","21-9","アルペン行   (覆刻日本の山岳名著)","鹿子木 員信 著","大修館書店","1975",""," 企画・編集: 日本山岳会
政教社大正3年刊の複製
日本山岳会創立七十周年記念出版","",""
"293.45","21-9","初恋の山","川森 左智子 著","平凡出版","1958","","","",""
"291.09","21-9","霧の山稜   (朋文堂山岳文庫 ; 第4巻)","加藤 泰三 著","朋文堂","1956","","","",""
"291.09","21-9","原野から見た山   (朋文堂山岳文庫 ; 第7巻)","坂本 直行 著","朋文堂","1957","","","",""
"","","","","","","","","",""
"","","","","","","","","",""
"","","","","","","","","",""
"610.4","22-1","文明の農業的基礎","栗原 藤七郎","家の光協会","1976","","","",""
"612","22-1","稲作空間の生態　（農耕の世界、その技術と文化　3）","渡部 忠世 監修, 農耕文化研究振興会 編","大明堂","1996.11","","","",""
"291.013","22-1","植生からよむ日本人のくらし　ー明治期を中心に","小椋 純一","雄山閣出版","1996.9","","","",""
"652.1","22-1","総合年表 日本の森と木と人の歴史","国土緑化推進機構 企画・監修, 日本林業調査会 編","日本林業調査会","1997.10","","","",""
"289.1","22-1","本多静六 日本の森林を育てた人","遠山 益 著","実業之日本社","2006.10","","本多  静六, 1866-1952","",""
"726.1","22-1","森を滅ぼした男 : ギルガメシュ叙事詩より   　(マンガ林業白書 : ミレニアム特別版)","橋本 陽子 作","日本林業調査会","2000.4","","","",""
"209.3","22-1","森を守る文明・支配する文明      (PHP新書)","安田 喜憲 著","PHP研究所","1997.10 ","","","",""
"519.83","22-1","森なしには生きられない : ヨーロッパ・自然美とエコロジーの文化史","ヨースト・ヘルマント(Hermand, Jost) [編著],  山縣光晶 訳","築地書館","1999.6","","原タイトル: Mit den Bäumen sterben die Menschen ","",""
"519.8","22-1","森と水の思想　（社会科学選書）","福岡 克也","世界書院","1983.7","","","",""
"193","22-1","「森林文化論」とキリスト教","小林 裕 著","キリスト教図書出版社","1997.2","","","",""
"470","22-1","樹木と共に五十年","林弥栄先生の古稀を祝う会 編","林弥栄先生の古稀を祝う会","1981.4","","","",""
"650.2","22-1","森と人間の歴史","ジャック・ウェストビー (Westoby, J. C.) 著,  熊崎 実 訳","築地書館","1990.12","","Westoby, Jack C, 1912-1988,  原タイトル: Introduction to world forestry ","",""
"652.1","22-1","緑と文明の構図　   (UP選書  236)","筒井 迪夫 著","東京大学出版会","1985.5","","","",""
"653.29","22-1","森林の荒廃と文明の盛衰 : ユーラシア大陸東西のフィールドから","安田 喜憲 著","思索社","1988.6","","","",""
"389.04","22-1","フィールド・ノート [野帖]  : 文化人類学・思索の旅","泉 靖一 著","新潮社","1967","","折り込図1枚 ","",""
"629.1","22-1","雑木林が創り出した景色 : 文学・絵画・庭園からその魅力を探る","岡島 直方 著","郁朋社","2005.12","","","",""
"653.2","22-1","森林をみる心 : 「森林と文化」国際シンポジウムからの報告","四手井 綱英, 林 知己夫 編著","共立出版","1984.10","","","",""
"652.77","22-1","森 : 自然と人間      (玉川選書  96)","ジョン･ステュワート･コリス(Collis, John Stewart) [著],  福本 剛一郎 訳","玉川大学出版部","1979.3","","","",""
"652.1","22-1","日本人はどのように森をつくってきたのか","コンラッド･タットマン(Totman, Conrad D) 著,  熊崎 実 訳","築地書館","1998.8","","原タイトル: The green archipelago ","",""
"651.2","22-1","森のきた道 : 明治から昭和へ・日本林政史のドラマ","手束 平三郎 著","日本林業技術協会","1989.4","","","",""
"652.1","22-1","林野庁解体 : 疲弊する一山村から","植村 武司 著","日本経済評論社","1994.11","","","",""
"650.4","22-1","森林はモリやハヤシではない : 私の森林論","四手井 綱英 著","ナカニシヤ出版(京都)","2006.6","","","",""
"653.27","22-1","森の文化史　  (講談社現代新書)","只木 良也 著","講談社","1981.4","","","",""
"210.2","22-1","日本文化の基層を探る : ナラ林文化と照葉樹林文化","佐々木 高明 著","日本放送出版協会","1993.10","","","",""
"472.1","22-1"," 亜寒帯および温帯林生態系の生物生産力 : 志賀山特別研究地域  昭和43年度研究報告","北沢 右三 編","JIBP-PT","1969.3","","文部省科学研究費特定研究 : 生物圏の動態,  S.43-47年度","",""
""," ","","","","","","","",""
"160.4","22-1","<森の思想>が人類を救う : 二十一世紀における日本文明の役割","梅原 猛 著","小学館","1991.10","","","",""
"160.4","22-1","「仏教」 no.28　特集:森の哲学","梅原 猛 ほか著","法藏館","1994.7","","","",""
"629","22-1","森林美学","新島 善直, 村山 醸造 著
","成美堂書店","1918.9(大正7)","","新島 善直, 1871-1942
村山 醸造, 1889-1976","",""
"726.5","22-1","真鍋博の植物園","真鍋博 著","中央公論社","1976","","","",""
"475","22-1","こけの世界　（カラー自然ガイド　21）","長田 武正 著","保育社","1974","","","",""
"","","","","","","","","",""
"402.938","22-1","ロシアの自然誌 : 森の詩人の生物気候学","ミハイル・プリーシヴィン(Prishvin, Mikhail Mikhaĭlovich) [著],  ジョン・アップダイク(Updike, John) 序,  太田正一 訳","パピルス","1991.9","","Prishvin, Mikhail Mikhaĭlovich, 1873-1954,  別タイトル: Календарь природы,  翻訳には英訳書""Nature's diary""(Penguin Books)を参照 ","",""
"","","","","","","","","",""
"","","","","","","","","",""
"","","","","","","","","",""
"472.8","22-2","大隅屋久島の植物区系的植物地理学的研究　","台北帝国大学理農学部　編纂","台北帝国大学理農学部","1934.12(昭和9)","","ビス止めダイヤスカーフ製本（黒金）","",""
"470.38","22-2","原色日本樹木図鑑      (保育社の原色図鑑  第19)","岡本 省吾 著, 北村 四郎 補","保育社(大阪)","1959.3","","","",""
"651.2","22-2","森林の江戸学 : 徳川の歴史再発見","徳川林政史研究所 編","東京堂出版","2012.2","","","",""
"651.1","22-2"," 森林で日本は蘇る : 林業の瓦解を食い止めよ      (新潮新書  909)","白井 裕子 著","新潮社","2021.6","","","",""
"654","22-2","自然保護・森林・森林生態","四手井 綱英 著","農林出版","1974","","","",""
"651","22-2","世界の森林資源　","アレキサンダー・メイサー(Mather, Alexander Smith) [著],  熊崎 実 訳","築地書館","1992.2","","原タイトル: Global forest resources ","",""
"650.5","22-2","森林環境 2004   特集: 日本の森林と温暖化防止","森林文化協会 編著,  竹内 敬二, 松下 和夫 責任編集,  執筆: 天野 正博ほか ","築地書館","2004.3","","森林環境 2004 ; 創刊号","",""
"653.27","22-2","森林の生活 : 樹木と土壌の物質循環      (中公新書)","堤 利夫 著","中央公論社","1989.10","","","",""
"519.3","22-2","森とCO[2]の経済学 : 地球温暖化対策への新提言","三橋 規宏 著","PHP研究所","1997.10","","","",""
"518.85","22-2","都市に森をつくる : 私の公園学","半田 真理子 著","朝日新聞社","1985.10","","","",""
"650.5","22-2","森の明日を考える12章 : 国際森林年","森林環境研究会 編著 ; 桜井 尚武, 松下 和夫 責任編集","森林文化協会 / 朝日新聞出版 (発売)","2011.3","","","",""
"650.8 ","22-2","現代林学講義  8  森林風景計画学","塩田 敏志 著","地球社","2008.11","","","",""
"652.1","22-2","絶望の林業","田中 淳夫 著","新泉社","2019.8","","","",""
"652.77","22-2","雑木林の博物誌      (新潮選書)","足田 輝一 著","新潮社","1977.4 	","","","",""
"652.1","22-2","森林飽和 : 国土の変貌を考える      (NHKブックス  1193)","太田 猛彦 著","NHK出版","2012.7","","","",""
"652.1","22-2","森林異変 : 日本の林業に未来はあるか     (平凡社新書  583)","田中 淳夫 著","平凡社","2011.4","","","",""
"651.1353 ","22-2","アメリカ国有林管理の史的展開　人と森林の共生は可能か？","大田 伊久雄 著","京都大学学術出版会(京都)","2000.1","","","",""
"","","","","","","","","",""
"","","","","","","","","",""
"","","","","","","","","",""
"651.16","22-3","社叢学研究　第４号","**(ｵｰｷﾞｭｽﾀﾝ･ﾍﾞﾙｸ 他著）","社叢学会(京都)","2006.3","","","",""
"651.16","22-3","社叢学研究　第５号","**(山折 哲雄 他著）","社叢学会(京都)","2007.3","","","",""
"651.16","22-3","社叢学研究　第６号","**(進士 五十八 他著）","社叢学会(京都)","2008.3","","","",""
"651.16","22-3","社叢学研究　第７号","**(上田 正昭 他著）","社叢学会(京都)","2009.3","","","",""
"651.16","22-3","社叢学研究　第８号","**(上田 篤 他著）","社叢学会(京都)","2010.2","","","",""
"651.16","22-3","社叢学研究　第９号","**(上田 正昭 他著）","社叢学会(京都)","2011.3","","","",""
"518.85","22-3","農林地の環境保全機能に関する研究　（「緑地学研究」第13号）","横張　真 著","東京大学大学院緑地学研究室","1994","","博士論文, 授与大学名: 東京大学","",""
"472","22-3","植生地理学","シュミットヒューゼン ( Schmithüsen, Josef) 著, 宮脇 昭 訳","朝倉書店","1968","","原タイトル：Allgemein Vegetations Geographie","",""
"643.5","22-3","牧野景觀 : 牧野と牧野樹林","山内 義人 著","北海道牧野協会(札幌)","1943.3","","","",""
"479.87","22-3","滅びゆく植物を救う科学 : ムニンノボタンを小笠原に復元する試み","岩槻 邦男, 下園 文雄 著","研成社","1989.3","","","","#小笠原"
"470.4","22-3","植物からの発想 : 偉大な「静」と力強い「動」の創造力","滝井 康勝 著","三五館","1995.5","","","",""
"471.3","22-3","植物の不思議な力=フィトンチッド : 微生物を殺す樹木の謎をさぐる      (ブルーバックス)","B.P.トーキン(Tokin, Boris Petrovich), 神山 恵三 共著","講談社","1980.4","","","",""
"475","22-3","知りたい会いたい 特徴がよくわかるコケ図鑑","藤井 久子 著, 秋山 弘之 監修","家の光協会","2017.4","","","",""
"627.7","22-3","シャクナゲ　  (NHK趣味の園芸・作業12か月  15)  ","脇坂 誠 著","日本放送出版協会","1977.6","","","",""
"627.5","22-3","東洋らんの手引き : シュンランから始める      (ひかりのくに実用文庫. 素人園芸ハンドブッ)","椎名 輝夫 著","ひかりのくに(大阪)","1976","","","",""
"626.44","22-3","考える大根 : 大根読本","東京農業大学, 「良い食材を伝える会」 監修","東京農業大学出版会","2005.3","","「食と農」の博物館特別企画「大根フェスタ」記念発刊 ","",""
"650.23","22-3","森林の歴史      (文庫クセジュ)","ミシェル・ドヴェーズ(Devèze, Michel) 著,  猪俣 礼二 訳","白水社","1973","","","",""
"652.1","22-3","日本の美林　  (岩波新書  新赤版 516)","井原 俊一 著","岩波書店","1997.7","","","",""
"210.1","22-3","照葉樹林文化 : 日本文化の深層","上山 春平 編","中央公論社","1969","","","",""
"210.02","22-3","照葉樹林文化  続  (東アジア文化の源流)      (中公新書)","上山 春平, 佐々木 高明, 中尾 佐助 著","中央公論社","1976","","中尾 佐助, 1916-1993","",""
"653.6 ","22-3","松と日本人","有岡 利幸 著","人文書院(京都)","1993.4","","","",""
"653.6 ","22-3","松と日本人　  (講談社学術文庫  2697)","有岡 利幸 著","講談社","2022.1","","人文書院 1993年刊の再刊 ","",""
"209.3","22-3","レバノン杉のたどった道 : 地中海文明からのメッセージ","金子 史朗 著","原書房","1990.12","","","",""
"650.21","22-3","杉のきた道 : 日本人の暮しを支えて      (中公新書)","遠山 富太郎 著","中央公論社","1976","","","",""
"210.1","22-3","民衆生活の日本史 : 木 ","林屋 辰三郎 編集代表,  執筆: 千田 稔, 橋本 鉄男, 日向 進, 切畑 健, 井上 正, 中山 正典","思文閣出版(京都)","1994.12","","","",""
"710.4","22-3","日本人と木の文化 : インテリアの源流      (朝日選書  262)","小原 二郎 著","朝日新聞社","1984.9","","","",""
"","","","","","","","","",""
"468","22-3","「新しい」生態学 : 生きられる環境づくりの基礎","高橋 正征 著","ビオシティ","2001.11","","","",""
"","","","","","","","","",""
"468","22-3","生態学からみた自然","吉良 竜夫 著","河出書房新社","1971","","","",""
"290.1","22-3","生態地理学","野間 三郎 編","朝倉書店","1961","","","",""
"519.8","22-3","空間の生態学      (100万人の創造選書)","吉村元男 著","小学館","1976","","","",""
"468","22-3","自然はそんなにヤワじゃない：誤解だらけの生態系      (新潮選書)","花里 孝幸 著","新潮社","2009.5","","","",""
"159 ","22-3","人生と財産　ー私の財産告白","本多 静六 著","日本経営合理化協会出版局","2000.2"," ","","",""
"","","","","","","","","",""
"","","","","","","","","",""
"482.53 ","22-5","アメリカの野生動物保護　（中公新書）","藤原 英司 著","中央公論社","1976","","","",""
"488.4","22-5","神の鳥ライチョウの生態と保全 : 日本の宝を未来へつなぐ","楠田 哲士 編著","緑書房","2020.12","","","",""
"489.56","22-5","日本に残存していることが新たに知られた在来犬及び在来鶏の系統遺伝","研究代表者:田名部 雄一・岡林 寿人 (麻布大学獣医学部)","田名部 雄一,  麻布大学","1999.3","","文部省科学研究費補助金研究成果報告書 研究種目 基盤研究©　平成9-10年度","",""
"","","","","","","","","",""
"460.8","22-5","生物と環境     (現代生物学講座  第5巻) ","芦田 譲治 等編,  執筆: 弘法 健三, 沼田 真・森主 一, 加藤 陸奥雄","共立出版","1958.2","","","",""
"304","22-5","文明化した人間の八つの大罪","K.ローレンツ (Lorenz, Konrad) 著, 日高 敏隆, 大羽 更明 訳","思索社","1973","","原タイトル: Die acht Todsünden der zìvilisierten Menschheit","",""
"481.78","22-5","攻撃 : 悪の自然誌 第2        (みすず科学ライブラリー  16)","K.ローレンツ (Lorenz, Konrad) 著,  日高 敏隆, 久保 和彦 訳","みすず書房","1970","","Lorenz, Konrad, 1903-1989
原タイトル: Das sogenannte Böse:zur Naturgeschichte der Aggression ","",""
"361.7","22-5","自然に対する人間の責任 　 ( 岩波現代選書 39)","J.パスモア(Passmore, John Arthur) 著,  間瀬 啓允 訳","岩波書店","1979.12","","原タイトル: Man's responsibility for nature ","",""
"468","22-5","自然と生命のパレード : 生態学入門","ジョン・H.ストアラー(Storer, John H. (John Humphries)) 著,  浦本 昌紀 訳","白揚社","1961.6","","別タイトル: The web of life","",""
"482.456","22-5","セレンゲティは滅びず : 地上最後の野生王国","B.クシーメック (Grzimek, Bernhard),  M.クシーメック (Grzimek, Michael),   前田 敬作 訳","河出書房","1967","","","",""
"480.79","22-5","滅びゆく野生のいのち : シロヅルに捧げた30年の愛","フェイス.マックナルティ著,   藤原 英司訳","芸文社 	","1968.11","","別タイトル: The whooping crane,   488.5 : 鳥類","",""
"468 ","22-5","侵略の生態学","チャールズ・S.エルトン(Elton, Charles Sutherland) [著],  川那部 浩哉, 大沢 秀行, 安部 琢哉 訳","思索社","1971","","Elton, Charles Sutherland, 1900-1991","",""
"210.2","22-5","環境考古学事始 : 日本列島2万年      (NHKブックス)","安田 喜憲 著","日本放送出版協会","1980.4","","","",""
"519.1","22-5","環境政策の効果と環境配慮行動の分析 : 地域の自然環境の保全と創出の行動経済学","村上 一真 著","日本評論社","2021.1","","","",""
"468","22-5","生物多様性キーワード事典","生物多様性政策研究会 編","中央法規出版","2002.9","","","",""
"468","22-5","外来種のウソ・ホントを科学する","ケン・トムソン(Thompson, Ken) [著],  屋代 通子 訳","築地書館","2017.3","","原タイトル: WHERE DO CAMELS BELONG? ","",""
"489.95","22-5","ニホンザルの生態　   (講談社学術文庫  2698)","河合 雅雄 著","講談社","2022.1","","河出文庫 1981年刊の再刊 ","",""
"469","22-5","狩りをするサル : 人間本性起源論","ロバート・アードレイ(Ardrey, Robert) [著],  徳田 喜三郎 訳","河出書房新社","1978.6","","","",""
"469","22-5","悪食のサル：食性からみた人間像","ライアル・ワトスン (Watson, Lyall) 著, 餌取 章男 訳","河出書房新社","1974.4","","原タイトル: The omnivorous ape
Watson, Lyall, 1939-2008","",""
"469","22-5","ゴリラからの警告「人間社会、ここがおかしい」","山極 寿一 著","毎日新聞出版","2018.4","","","",""
"488.99","22-5","もっとディープに! カラス学 : 体と心の不思議にせまる","杉田 昭栄 著","緑書房","2021.6","","別タイトル: A journey to the in-depth world of KARASU-GAKU","",""
"291.09","22-5","海中への旅","白井 祥平 著","創元社(大阪)","1969","","","",""
"487.61 ","22-5","絶滅魚クニマスの発見: 私たちは「この種」から何を学ぶか     (新潮選書)","中坊 徹次 著","新潮社","2021.4","","別タイトル: On ""Kunimasu"" Oncorhynchus kawamurae,a deepwater trout,from Lakes Tazawa and Saiko,Japan","",""
"481.72","22-5","サンゴ礁への招待 : よみもの動物記","白井 祥平 著","北隆館","1969","","","",""
"913.6","22-5","ハンスとジョージ : 永遠の海へ : フォト小説","岡本 行夫 著","春陽堂書店","2021.2","","別タイトル: Hans and George - journey to the timeless sea","",""
"785.3","22-5","海中散歩への招待 : 素潜りからアクアラングまで     (文春レジャー)","伊藤 則美 著","文芸春秋","1969","","","",""
""," ","","","","","","","",""
"462.615","22-5","ガラパゴス諸島　　(中公新書)","伊藤 秀三著","中央公論社","1966.1","","","",""
"401","22-5","科学とはなにか : 新しい科学論、いま必要な三つの視点","佐倉 統 著","	講談社","2020.12","","","",""
"","","","","","","","","",""
"468","22-5","人間生態学 : 動物社会学からみた人間社会","伊藤 正春 著","関書院","1960","","","",""
"481.78","22-5","行動学の可能性 : 動物とヒトの行動","M.W.フォックス(Fox, Michael W) [著],  今泉 吉晴 訳,  序文: ルネ・デュボス ","思索社","1990.9","","新装版,   原タイトル: Concepts in ethology ","",""
"468.3","22-5","擬態 : 自然も嘘をつく      (世界大学選書)","W.ヴィックラー(Wickler, Wolfgang) 著,  羽田 節子 訳","平凡社","1970","","","",""
"141.21","22-5","生態学的視覚論 : ヒトの知覚世界を探る","J.J.ギブソン 著, 古崎 敬, 古崎 愛子 他共訳","サイエンス社","1985.4","","","",""
"","","","","","","","","",""
"468","22-5","有限の生態学      (同時代ライブラリー  194)　 ","栗原 康 著","岩波書店","1994.8","","","",""
"469","22-5","人間はどこまで動物か : 新しい人間像のために","アドルフ・ポルトマン (Portmann, Adolf) 著,  高木 正孝 訳","岩波書店","1961","","","",""
"","","","","","","","","",""
"","","","","","","","","",""
"488.038","22-6","日本鳥類保護連盟 野鳥図鑑      (JAPBガイド)","高野 信二, 柳沢 紀夫 著","日本鳥類保護連盟","1979.9","","","",""
"488.7","22-6","鷲と鷹","宮崎 学 著","平凡社","1981.11","","","",""
"488.7","22-6","Owls of the world : their evolution, structure, and ecology"," illustrated by John Rignall ; edited by John A. Burton ; [contributors], Philip Burton ... [et al.].","Tanager Books","1984","","ISBN: 0880720603","",""
"488","22-6","Songbirds : based on the television series, Wild, wild world of animals
","author: Don Earnest / consultant: Roger F. Pasquier","Time-Life Films","1978","","ISBN: 0913948187","",""
"","","","","","","","","",""
"488","22-6","Game Bird Carving","by Bruce Burk","Winchester Press","1972","","ISBN: 0876910800
","",""
"488","22-6","Factory decoys of Mason, Stevens, Dodge, and Peterson","by John and Shirley Delph"," Schiffer Pub.","1980","","ISBN: 0916838331
","",""
"488","22-6","How to make working decoys","George Ross Starr, Jr. ; photography by Andrea Pape."," Winchester Press","1978","","ISBN: 0876912609","",""
"488","22-6","The birdhouse book : building houses, feeders, and baths","by Don McNeil ; [edited by Betsy Rupp Fulwiler ; designed by Paula Schlosser ; drawings by Don McNeil]","Pacific Search Press","1979","","ISBN: 0914718363
","",""
"488","22-6","The wings of dawn : the complete book of North American waterfowling","George Reiger","Stein and Day","1980","英語","ISBN: 0812824989
Includes index.
Bibliography: p. 299-315.","",""
"488","22-6","The living world of Audubon","Roland C. Clement","Simon and Schuster","1980","英語","ISBN: 0671418815 (pbk.) 
Series:A Fireside book","",""
"488","22-6","Audubon's Birds of America","text by George Dock, Jr.","H. N. Abrams","1979","英語","ISBN: 0810906651　0810920611 (pbk.)","",""
"488","22-6","The art of Audubon : the complete birds and mammals","John James Audubon ; with an introd. by Roger Tory Peterson","Times Books","1979","英語","ISBN:0812908414","",""
"488","22-6","Birds : readings from Scientific American","with introductions by Barry W. Wilson.","W. H. Freeman","1980","英語","ISBN:0716712067　0716712075 (pbk.)","",""
"","","","","","","","","",""
"","","","","","","","","",""
"","","","","","","","","",""
"","",""," "," "," ","","","",""
"","","","","","","","","",""
"629.22","23-1","Chinese imperial city planning","Steinhardt, Nancy Shatzman","University of Hawaii Press (Honolulu)","1990","英語","","",""
"629.22","23-1","陽明山国家公園　　Yangmingshan National Park-A General Introduction","Tsai Jo-vin, Sha Chien-chung","Yeh Shih-wen","","中国語？","","",""
"629.22","23-1","台灣古建築圖解事典       (觀察家事典  2)","李 乾朗 著","遠流出版(台北)","2003.7","中国語","","",""
"","","","","","","","","",""
"292.24 ","23-1","台湾研究入門 = Invitation to Taiwan Studies","若林 正丈,  家永 真幸 編","東京大学出版会","2020.2","","","",""
"793.9","23-1","太湖石","福本 雅一 著","藝文書院(京都)","2009.12","","","",""
"629.22","23-1","中国古典苑囿與名園","劉 策 等編著","明文書局（台北市）","1986(中華民国75年3月)","中国語","中国古代苑囿、中国古典名園の２書を編集","",""
"292.2211","23-1","圓明园　ー历史・现状・论争　上巻
（円明園 ー歴史・現状・論争）","王 道成 主编","北京出版社","1999.8","中国語","","",""
"292.2211","23-1","圓明园　ー歴史・現状・論争　下巻
（円明園 ー歴史・現状・論争）","王 道成 主编","北京出版社","1999.8","中国語","","",""
"222.04","23-1","桃源の夢想 : 古代中国の反劇場都市","大室 幹雄 著","三省堂","1984.3","","","",""
"222.01","23-1","中国人の都市と空間","伊原 弘 著","原書房","1993.10","","","",""
"","","","","","","","","",""
"225.99","23-1","The Cultural Triangle of Sri Lanka","**","UNESCO Publishing / Central Cultural Fund","2002, c1993","英語","","",""
"","","","","","","","","",""
"","","","","","","","","",""
"","","","","","","","","",""
"629.21","23-3","庭 : 日本美の創造","吉村 貞司 著","六興出版","1981.2","","","",""
"629.21","23-3","日本の庭園 : 造景の技とこころ      (中公新書)","進士 五十八 著","中央公論新社","2005.8","","","",""
"629.21","23-3","日本庭園 : 空間の美の歴史　   (岩波新書  新赤版1177)","小野 健吉 著","岩波書店","2009.2","","","",""
"629.21","23-3","日本の庭園文化 : 歴史と意匠をたずねて","西 桂 著","学芸出版社(京都)","2005.10","","","",""
"629.21","23-3","庭の文化史 : 日本のにわ考","江山 正美 著","文一総合出版","1978.6","","江山 正美, 1906-1978","",""
"","","","","","","","","",""
"629.21","23-3","庭の歴史を歩く : 縄文から修学院離宮まで","大橋 治三 著","三交社","1992.5","","庭園関連編年記事: p243～265 ","",""
"210.58","23-3","将軍の庭 : 浜離宮と幕末政治の風景　   (中公叢書)","水谷 三公 著","中央公論新社","2002.5","","","",""
"","","","","","","","","",""
"629.21","23-3","日本庭園と風景","飛田 範夫 著","学芸出版社(京都)","1999.6","","","",""
"521.5","23-3","近世日本建築の意匠 : 庭園・建築・都市計画、茶道にみる西欧文化","宮元 健次 著","雄山閣","2005.11","","宮元 健次, 1962-2017","",""
"629.21","23-3","「日本庭園」の見方 : 歴史がわかる、腑に落ちる       (ポケットサライ)","斎藤 忠一 監修,  田中昭三, 『サライ』編集部 編","小学館","2002.12","","","",""
"629.21","23-3","「図説」日本庭園のみかた","宮元 健次 著","学芸出版社(京都)","1998.6","","","",""
"629.21","23-3","日本の庭こぼれ話","龍居 竹之介 著","三月書房","2020.12","","","",""
"629.21","23-3","よくわかる日本庭園の見方       (楽学ブックス. 古寺巡礼  17)","斎藤 忠一 監修, 田中 昭三 著","JTBパブリッシング","2007.12","","","",""
"629.21","23-3","日本庭園を読み解く : 空間構成とコンセプト","戸田 芳樹, 野村 勘治 著","マルモ出版","2021.4","","","",""
"629.21","23-3","日本庭園を愉しむ : 美はどこから生まれるのか?","田中 昭三 著","実業之日本社","2002.1","","","",""
"629.21","23-3","日本の庭園       (SD選書  23)","田中 正大 著","鹿島研究所出版会","1967","","","",""
"","","","","","","","","",""
"704","23-3","現代・見立て百景        (Inax booklet)","Inaxギャラリー企画委員会 企画,  アルシーヴ社 編","INAX","1994.6","","別タイトル: 現代・見立て百景展","",""
"","","","","","","","","",""
"629.21","23-3","庭園の美・造園の心 : ヨーロッパと日本      (NHKライブラリー)","白幡 洋三郎 著","日本放送出版協会","2000.3","","","",""
"629.21","23-3","庭と日本人       (新潮新書)","上田 篤 著 	","新潮社","2008.1","","","",""
"629.2","23-3","庭園史をあるく　日本・ヨーロッパ　尼崎博正　昭和堂","武居 二郎, 尼崎 博正 監修,  執筆: 加藤 允彦ほか ","昭和堂(京都)","1998.5","","別タイトル: Promenade on garden history","",""
"","","","","","","","","",""
"","","","","","","","","",""
"629.21","23-3","和のランドスケープ : 美しい街づくりのための景観読本","藤原 宣夫 編, 増田 元邦 著","大阪公立大学共同出版会(堺)","2018.9","","","",""
"629","23-3","新感覚の住まいの庭      (Home lifeシリーズ)","*****","講談社","1989.4","","ISBN: 4-06-203911-7","",""
"","","","","","","","","",""
"","","","","","","","","",""
"","","","","","","","","",""
"629.21","23-4","大坂の庭園 : 太閤の城と町人文化      (学術選書  056)","飛田 範夫 著","京都大学学術出版会","2012.7","","","",""
"629.21","23-4","庭を読み解く : なぜ京都のお寺には名庭が多いのか? : 京都の古寺","白幡 洋三郎 著","淡交社(京都)","2012.3","","","",""
"629.21","23-4","京都の庭園　御所から町屋まで　上/下　   (学術選書  080/081)","飛田 範夫 著","京都大学学術出版会(京都)","2017.7","","","",""
"629.21","23-4","庭園の中世史 : 足利義政と東山山荘　   (歴史文化ライブラリー  209)","飛田 範夫 著","吉川弘文館","2006.3","","","",""
"170.4","23-4","「季刊 悠久」118号　特集・日本の庭  2  仏の庭　","加藤 健司 編集代表, 執筆: 伊藤 ていじ, 飛田 範夫, 進士 五十八, 小野 健吉, 枡野 俊明ほか","鶴岡八幡宮(鎌倉)","2009.12","","","",""
"913.6","23-4","金閣寺      (新潮文庫)","三島 由紀夫 著","新潮社","1960","","解説 (中村光夫) : 270-276p ","",""
"521.825","23-4","京都御所・離宮の流れ : 転変のものがたり　  (京都書院アーツコレクション 15 (歴史 1))","中川 登史宏 著","京都書院(京都)","1997.3","","","",""
"629.21","23-4","竜安寺石庭の謎 : スペース・ガーデン　  (講談社文庫)","明石 散人 著","講談社","1996.6","","","",""
"629.21","23-4","龍安寺石庭を推理する      (集英社新書)","宮元 健次 著","集英社","2001.8","","","",""
"629.21","23-4","竜安寺石庭 : 七つの謎を解く","大山 平四郎 著","淡交社(京都)","1995.3","","","",""
"188.85","23-4","京の禅寺をたずねる 　  (新撰 京の魅力)","寺前 浄因 監修, 福島 祐子 文, 猪口 公一 写真","淡交社(京都)","2000.9","","","",""
"629.21","23-4","禅僧とめぐる京の名庭       (アスキー新書)","枡野 俊明 著","アスキー・メディアワークス, 角川グループパブリッシング(発売)","2008.10","","","",""
"629.21","23-4","江戸の庭園 : 将軍から庶民まで      (学術選書  044)","飛田 範夫 著","京都大学学術出版会(京都)","2009.8","","","","#江戸べらぼう"
"460.21","23-4","江戸期のナチュラリスト　  (朝日選書  363)","木村 陽二郎 著","朝日新聞社","1988.10","","","","#江戸べらぼう"
"629.21 ","23-4","六義園の庭暮らし : 柳沢信鴻『宴遊日記』の世界","小野 佐和子 著","平凡社","2017.7","","","","#江戸べらぼう"
"629.21","23-4","大名庭園の近代","小野 芳朗, 本康 宏史, 三宅 拓也 著","思文閣出版(京都)","2018.5","","","",""
"","","","","","","","","",""
"689","23-4","庭園と観光      (観光を見る眼  第2号)","小野 健吉 著,  	企画: 大阪観光大学観光学研究所 ","晃洋書房(京都)","2022.3","","","",""
"","","","","","","","","",""
"629.21","23-4","庭園倶楽部 : 日本庭園の「ありやう」を求めて","稲次 敏郎 著・写真, 協力: ワタリウム美術館 ","イッシプレス, 学芸出版社 (京都, 発売)","1995.7","","","",""
"","","","","","","","","",""
"629.21","23-4","DC gold card holders Quarterly, 1991夏号 No.25    特集・庭への旅  ","執筆：横山 正 / J.ブノワ=メシャン, 杉本 秀太郎, 伊藤 ていじ, 吉増 剛造/石井 幹子, 進士 五十八, 松葉 一清ほか","ダイヤモンドプレス","1991.5","","","",""
"","","","","","","","","",""
"629.21","23-4","日本庭園石組の源流  (「史迹と美術」　50(1)(501)～50(3)(503)）","中塚 敬之助  著","[史迹美術同攷会]","1981.1-3","","別刷 (｢史迹と美術｣ 50(1)(501)～50(3)(503)）","",""
"629.21","23-4","絵図の利用による歴史的植生景観研究のための方法論","小椋 純一  著","京都精華大学","1991.5.31","","別刷 (｢京都精華大学紀要｣ 第1号）","",""
"629.21","23-4","日本における寺院庭園の歴史と庭園観光","小野 健吉 著","和歌山大学観光学会","2019.3","","別刷 (和歌山大学観光学会 『観光学』 第20号）","",""
"629.21","23-4","相楽園の活用と運営の展望","小野 健吉 著","和歌山大学観光学会","2019.3","","別刷 (和歌山大学観光学会 『観光学』 第20号）","",""
"","","","","","","","","",""
"","","","","","","","","",""
"","","","","","","","","",""
"629.32","23-5","こどものあそびば : 計画・設計のすべて","児童施設研究会 編（委員長：佐藤 昌、委員：池原 謙一郎、田畑 貞寿ほか）","児童施設研究会（(財)都市計画協会 内）","1964.6","","","",""
"629.2","23-5","小庭園     (カラーブックス 24)","吉村 巌 著","保育社","1963","","","",""
"521","23-5","家と庭の風景 : 日本住宅の空間論的考察","増田 友也 著","ナカニシヤ出版(京都)","1987.9","","","",""
"521","23-5","現代のにわ","彰国社 編","彰国社","1960.7","","別タイトル: Landscape design","",""
"629.21","23-5","新・坪庭考 : すまいの小さな自然      (INAX booklet)","INAXギャラリー企画委員会 企画","INAX出版","1997.3","","","",""
"629.7","23-5","図解 花壇の設計","近藤 竜雄 著","加島書店","1959","","","",""
"629.2","23-5","小住宅の庭園","主婦の友社 編","主婦の友社","1959.4","","","",""
"629.7","23-5","庭木      (カラーブックス 25)","岡本 省吾 著","保育社","1963","","","",""
"601","23-5","生活空間の未来像      (紀伊國屋新書)","上田 篤 著","紀伊國屋書店","1981.2","","新装版 ","",""
"629.62","23-5","日本の花時計","矢木 勉 著","矢木勉(神戸) / 制作: 山と溪谷社","2001.6","","","",""
"629.62","23-5","花の造園 : 都市空間のフロリスケープ","川上 幸男, 鷲尾 金弥 編著","経済調査会","1996.12","","","",""
"629.21","23-5","「ペイザージュ」No.1　 (1993年夏の号)
　”PAYSAGE”","編集委員: グロッセ・リュックほか,　編集顧問: 野田坂 伸也","ペイザージュの会","1993.5","","雑誌、年２回発行。","",""
"622.1","23-5","花から華へ : ガーデニングの未来を占う","賀来 宏和 著","主婦の友社","2005.12","","","",""
"629.75","23-5","オーガニック・ガーデン・ブック : 庭からひろがる暮らし・仕事・自然","曳地 義治, 曳地 トシ 著","築地書館","2002.7","","","",""
"","","","","","","","","",""
"629.21","23-5","ランドスケープ批評宣言       (10+1 series. Readings ; 2)","landscape network 901 編","INAX出版","2002.3","","","",""
"606.9155","23-5","虚飾の愛知万博 : 土建国家「最後の祭典」 アンオフィシャルガイド      (Kobunsha paperbacks  52)","前田 栄作 著","光文社","2005.2","","別タイトル : Unofficial guide to Expo 2005 Aichi","",""
"606.9 ","23-5","万博幻想 : 戦後政治の呪縛　（ちくま新書）","吉見 俊哉 著","筑摩書房","2005.3","","","",""
"","","","","","","","","",""
"629.62","23-5","Process architecture(プロセスアーキテクチュア)　117　ランドスケープの手法　道のディテール","**","プロセスアーキテクチュア","1994","","","",""
"780.67","23-5","世界のプールを巡る旅：世界のプール50選","クリストファー・ビーンランド(Beanland, Christopher) 編,  大間 知知子 訳Beanland, Christopher","青幻舎インターナショナル(京都)","2021.6","","原タイトル: POOL ","",""
"","","","","","","","","",""
"383.9","23-5","芝棟 : 屋根の花園を訪ねて","亘理 俊次 著","八坂書房","1991.11","","","",""
"627.8","23-5","盆栽の誕生","依田 徹 著","大修館書店","2014.5","","","",""
"627.8","23-5","盆栽の社会学 : 日本文化の構造      (Sekaishiso seminar)","池井 望 著","世界思想社(京都)","1978.3","","","",""
"","","","","","","","","",""
"627.7","23-5","オーガニック植木屋の剪定術 : 鳥・虫・草木と楽しむ","ひきちガーデンサービス 著","築地書館","2019.9","","","",""
"","","","","","","","","",""
"610.4","23-5","文明としての農業 : 生命産業コンプレックスの提唱","小島 慶三 著","ダイヤモンド社","1990.3","","","",""
"610.4","23-5","「農」に還る時代 : いま日本が選択すべき道","小島 慶三 著","ダイヤモンド社","1992.2","","","",""
"612.591","23-5","200万都市が有機野菜で自給できるわけ : 都市農業大国キューバ・リポート","吉田 太郎 著","築地書館","2002.8","","","",""
"","","","","","","","","",""
"627","23-5","Polia : Revue de l'Art des Jardins  no.6, 2006 Automne","","","2006","英語","菊華展, ﾊﾟﾝﾌ","",""
"","","","","","","","","",""
"","","","","","","","","",""
"377.28","23-6","歴史を語る : 京都大学農学部創立四十周年記念","京都大学農学部","京都大学農学部創立四十周年記念事業会","1964.11","","年表あり","",""
"377.28","23-6","京都大学農学部70年史","京都大学農学部創立70周年記念事業会 [ほか] 編","京都大学農学部創立70周年記念事業会","1993.11","","非売品","",""
"610.4","23-6","農学の未来像を求めて","四明会設立準備会 編","四明会設立準備会","1984.2","","第4号以降の編者,発行:四明会","",""
"610.4","23-6","農学の未来像を求めて 第2号","四明会設立準備会 編","四明会設立準備会","1985.2","","第4号以降の編者,発行:四明会","",""
"610.4","23-6","農学の未来像を求めて 第3号","四明会設立準備会 編","四明会設立準備会","1986.2","","第4号以降の編者,発行:四明会","",""
"610.4","23-6","農学の未来像を求めて 第4号","四明会 編","四明会 (京都)","1987.10","","","",""
"610.4","23-6","農学の未来像を求めて 第5号","四明会 編
未来農業国際研究所 編","四明会 (京都)","1989.6","","共同刊行:未来農業国際研究所","",""
"","","","","","","","","",""
"","","","","","","","","",""
"629","24-1","造園学概論","亀山 章 監修,  小野 良平, 一ノ瀬 友博 編集,  赤澤 宏樹 ほか執筆","朝倉書店","2020.10","","","",""
"518.85","24-1","都市公園のトリセツ：使いこなすための法律の読み方","平塚 勇司 著","学芸出版社","2020.7","","","",""
"629","24-1","「造園力」で地球を庭に      (実学の森シリーズ)","東京農業大学造園科学科編","東京農業大学出版会","2009.4","","","",""
"629","24-1","現象のデザイン : 自然美が出現する庭をつくる","埴生 雅章 著","萌文社","2020.10","","","",""
"629.3","24-1","公園の誕生      (歴史文化ライブラリー  157)","小野 良平 著","吉川弘文館","2003.7","","","",""
"629.3","24-1","日本の公園      (SD選書  87)","田中 正大 著","鹿島研究所出版会","1974","","函あり。","",""
"629.3","24-1","日本文化としての公園","飯沼 二郎, 白幡 洋三郎 著","八坂書房","1993.4","","","",""
"518.85","24-1","市民公園の視点","矢木 勉 著","[矢木勉]","2006.12","","件名標目 : 公園 -- 神戸市","",""
"520.4","24-1","モダニズムの建築・庭園をめぐる断章","新見 隆 著","淡交社(京都)","2000.12","","","",""
"629.2","24-1","庭園のこころと形 : 世界名園シンポジウムから      (シリーズ・実学の森)","おかやま後楽園300年祭実行委員会, 日本造園学会 監修,  白幡 洋三郎 編","東京農業大学出版会","2001.10","","","",""
"519.8","24-1","「自然」という幻想 : 多自然ガーデニングによる新しい自然保護","エマ・マリス(Marris, Emma) [著], 岸 由二, 小宮 繁 訳","草思社","2018.7","","原タイトル: Rambunctious garden,  別タイトル: 自然という幻想","",""
"629.04","24-1","「園学」のすすめ : 造園を哲学する      (シリーズ・実学の森)","野澤 清 著, 「園学のすすめ」編集委員会 編","東京農業大学出版会","2008.2","","","",""
"629.21","24-1","「緑と水のひろば」 2018Summer  93号　特集：作家の公園・画家の庭","**","公益財団法人 東京都公園協会","2018.10","","","",""
"629.3","24-1","水辺のプレイフルインフラ : 子どもが遊びを通じて自ら学ぶ","建設技術研究所国土文化研究所 編,  子どもの水辺研究会 著,  池田 駿介, 内田 伸子, 木下 勇, 仙田 満 監修","技報堂出版","2022.6","","","",""
""," ","","","","","","","",""
"518.85","24-1","みどりのコミュニティデザイン","中瀬 勲, 林 まゆみ 編","学芸出版社","2002.11","","","",""
"519.8","24-1","みどり : 緑地環境論","只木 良也 編著","共立出版","1981.1","","","",""
"069","24-1","ミュージアムの思想","松宮 秀治 著","白水社","2003.12","","","",""
"514","24-1","みんなでつくる美しい道","鈴木 忠義 編著,  (社)道路緑化保全協会編","技報堂出版","2007.5","","","",""
"514.04","24-1","人間に学ぶみちづくり","鈴木忠義 編著代表","道路緑化保全協会","2005.1","","","",""
"629","24-1","造園設計のかんどころ　","東京農業大学造園学科 永嶋 信","加島書店","1984.3","","","",""
"","","","","","","","","",""
"518.85","24-1","公園緑地マニュアル (改訂版)　昭和61年版","建設省都市局公園緑地課都市緑地対策室 監修","日本公園緑地協会","1986","","第２版（改訂版）","",""
"629.3","24-1","47都道府県・公園/庭園百科"," 西田 正憲 編著,  飛田 範夫, 黒田 乃生, 井原 縁 著","丸善出版","2017.8","","","",""
"518.85","24-1","都市公園制度論考 : 都市公園法制度の構造と意義に関する考察","舟引 敏明 著","デザインエッグ(東大阪)","2018.8","","","",""
"629.3","24-1","都市公園整備大要      (都市公園制度制定120周年記念)","監修：建設省都市局公園緑地課","日本公園緑地協会","1993.10","","","",""
"518.85","24-1","地方における公園緑地および都市緑化施策の役割・機能に関する研究 : 兵庫県における近年の事例を中心として     (北海道大学大学院農学研究院邦文紀要  第28巻第2号  別刷)","橘 俊光 著 ","橘 俊光(兵庫県県土整備部まちづくり局公園緑地課）","2007","","博士論文；    北海道大学,博士 (農学)
","",""
"","","","","","","","","",""
"629.3","24-1","大坂市公園要覧","大阪市土木部公園課 編　","大阪市","1940","","","",""
"629","24-1","公園躑躅ケ岡 : 館林文庫","福田 啓作 編","国書刊行会","1980.3","","館林郷土史談會発行, 1934年3月刊行の復刻 ","",""
"629.4164","24-1","兵庫県立舞子公園百年史 : 明石海峡を見つめて","兵庫県園芸・公園協会 編","兵庫県園芸・公園協会(明石)","2001.3","","","",""
"","","","","","","","","",""
"","","","","","","","","",""
"","","","","","","","","",""
"944.7","24-2","情熱の庭師","R.ボルヒャルト(Borchardt, Rudolf) [著], 小竹 澄栄 訳","みすず書房","1997.1","","原タイトル: Der leidenschaftliche Gärtner, 
書込み多い","",""
"518.85","24-2","近代日本公園史の研究","丸山 宏 著","思文閣出版(京都)","1994.12","","","",""
"629.3","24-2","帝都公園物語","樫原 辰郎 著","幻戯書房","2017.8","","","",""
"629.3","24-2","東京の公園110年　東京都","東京都建設局,  編集: 東京都公園協会","東京都建設局公園緑地部","1985.3","","非売品","",""
"","24-2","山本眞三の仕事","「山本眞三の仕事」編集委員会","「山本眞三の仕事」編集委員会","2005.5","","初版限定300部","",""
"653.2","24-2","季と樹のこと  (道路緑化叢書)","金井 利彦 著, 道路緑化保全協会技術委員会『季と樹のこと』編集作業グループ 編","社団法人道路緑化保全協会","1993.12","","雑誌「道路と自然」の「植物紹介」","",""
"653","24-2","森と人の文化誌「グリーン・パワー」　時評抜刷 (2015-2021年 森本幸裕担当分 41編)","森本 幸裕 担当分","公益財団法人 森林文化協会","2021.12","","","",""
"629.21","24-2","園をつくる","池原 謙一郎 監修","池原謙一郎先生の退官をお祝いする会実行委員会","1992","","","",""
"","","","","","","","","",""
"289.1","24-2","浮生緑記 : 佐藤昌先生米寿記念回想録","環境緑化新聞社 編","日本公園緑地協会","1991.4","","非売品
佐藤 昌, 1903-2003","",""
"518.8","24-2","北村徳太郎公園緑地論集","北村徳太郎生誕百年記念事業実行委員会 編","日本公園緑地協会","1995.5","","北村 徳太郎, 1895-1964
生誕百年記念","",""
"289.1","24-2","百歳譜 : 佐藤昌自伝","佐藤 昌 著","東京農業大学出版会","2004.11","","","",""
"629.04","24-2","木鋏
前島康彦年譜・著作目録","前島 康彦 著","日本造園建設業協会, 制作: 三月書房","1983.11","","目録:小冊子, 故前島康彦氏を偲ぶ会, 11P","",""
"629.21","24-2","福羽逸人 回顧録   [本編], 解説編 ","福羽逸人 [著],  解説編: 国民公園協会新宿御苑 編, 環境省自然環境局 監修","国民公園協会新宿御苑","2006.4","","福羽 逸人, 1856-1921, 函あり
本書は新宿御苑百周年事業の一環として、明治から大正にかけて御苑の創設に携わった福羽逸人の『回顧録』。","",""
"629.21","24-2","木村英夫さんの思いで　追悼文集刊行会","**","木村英夫氏追悼文集刊行会（日本造園修景協会内）","2022.10","","函あり","",""
"629.21","24-2","黒田晃さんを偲んで","**","「黒田晃氏追想録」刊行会","2004.6","","","",""
"629.3","24-2","祖庭長岡安平 : わが国近代公園の先駆者      (シリーズ・実学の森)","長岡安平顕彰事業実行委員会 編","東京農業大学出版会","2000.10","","","",""
"289.1","24-2","長岡安平      (シリーズ  長崎偉人伝)","浦﨑 真一 著","長崎文献社(長崎)","2017.12","","長岡 安平, 1842-1925","",""
"629","24-2","故 上原敬二先生の年譜並びに著作目録     (東京農業大学名誉教授  林学博士）","東京農業大学造園学科編","東京農業大学造園学科","1981.11","","小冊子","",""
"629","24-2","白幡洋三郎研究業績一覧","**","**","2013.9","","(簡易製本, 全18枚)","",""
"210.025","24-2","坪井清足著作目録　(喜寿記念)","坪井清足先生お別れの会事務局 編","坪井清足先生お別れの会事務局(奈良)","2016.6","","喜寿記念,  小冊子
考古学--書目","",""
"289.1","24-2","田中淡著作目録","田中 淡","田中 淡","2010.3","","建築--書目,  小冊子","",""
"629.21","24-2"," 随想集「造園家は語る」     (Visions of green 5)","井上　元 企画・編集","環境緑化新聞社","1990.9",""," ","",""
"518.85","24-2","東京の緑をつくった偉人たち","小野 良平 監修","東京都公園協会","2014.3","","","",""
"","","","","","","","","",""
"621","24-2","みどりから考える地域環境づく: 生物多様性保全をめざして : 1954～2011年","田畑 貞寿 編 (ランドスケープエコロジスト/プランナー)","田畑 貞寿","2011.8","","","",""
"","","","","","","","","",""
"629.2","24-2","閑居の庭から : 続・不東庵日常","細川 護煕 著","小学館","2009.12","","","",""
"169.1","24-2","沙庭とサニハ的思考　","勅使河原 大鳳 著","山雅房(川口)","1991.6","","","",""
"944.7","24-2","庭仕事の愉しみ","ヘルマン・ヘッセ(Hesse, Hermann) [著], フォルカー・ミヒェルス(Michels, Volker) 編,  岡田 朝雄 訳","草思社","1996.6","","原タイトル: Freude am Garten ","",""
"629.21","24-2","じいじ先生　ちょっと教えて　只木　森林雑学研究室","只木 良也 著","森林雑学研究室","2020.10","","","",""
"","","","","","","","","",""
"","","","","","","","","",""
"","","","","","","","","",""
"","","","","","","","","",""
"","24-2","ゴルファーの夢　ー心はいつもホール・イン・ワン","佐藤  昌 著","都市計画研究所","1993.1","","","",""
"","24-2","キャット レクイエム  ちい子抄","大井 道夫 ","日正社（私家版）","","","","",""
"","","","","","","","","",""
"","","","","","","","","",""
"","","","","","","","","",""
"","","","","","","","","",""
"518.85","24-3","緑資産と環境デザイン論","田畑 貞寿 編著","技報堂出版","1999.9","","","",""
"629.7","24-3","環境緑地   2　植栽の理論と技術","新田 伸三 著","鹿島出版会","1975","","","",""
"518.85","24-3","みどりの挑戦","塩島 大 著","鹿島出版会","1982.11","","","",""
"519.85","24-3","緑地環境機能論","辰巳 修三 著","地球社","1975","","","",""
"518.85","24-3","緑の環境デザイン : 庭から国立公園まで　（NHKブックス）","斉藤 一雄, 田畑 貞寿","日本放送出版協会","1985.4","","","",""
"629.1","24-3","緑からの発想 : 郷土設計論","進士 五十八 著","思考社","1983.9","","","",""
"629.049","24-3","緑を生きる糧に","井上 元 著","環境緑化新聞社","1993","","","",""
"652","24-3","緑の大回廊 : 森が語る日本人へのメッセージ","岩松 睦夫 著","東急エージェンシーマーケティング局出版部","1984","","","",""
"519.83","24-3","緑の作戦 : ヨーロッパと日本","高橋 理喜男 著","大月書店","1981.4","","","",""
"656.5","24-3","緑のよもやま話","大手 桂二 著","	全国治水砂防協会","2012.10","","","",""
"629.1","24-3","環境デザイン学 : ランドスケープの保全と創造","森本 幸裕,  白幡 洋三郎 編","朝倉書店","2007.4","","","",""
"471.71","24-3","緑地保全の生態学　　(UP biology)","井手 久登 著","東京大学出版会","1980.5","","","",""
"471.71","24-3","緑の証言 : 滅びゆくものと生きのびるもの　（東書選書 88）","宮脇 昭 著","東京書籍","1983.7","","","",""
"629.04","24-3","造園を読む : ランドスケープの四季","進士 五十八, 白幡 洋三郎 編","彰国社","1993.4",""," 執筆: 赤坂信ほか","",""
"629.1","24-3","環境を創造する : 造園学からの提言","日本造園学会 編","日本放送出版協会","1985.5","","","",""
"629","24-3","土地とランドスケープ : その進展.デザインおよびコントロール","ブレンダ・コルビン(Colvin, Brenda) 著,  佐藤 昌, 内山 正雄 訳","日本公園緑地協会","1973.9","","佐藤 昌, 1903-2003","",""
"519.8","24-3","街並みの美学","芦原 義信 著","岩波書店","1979.2","","","",""
"518.85","24-3","「設景」その発想と展開","小林 治人 著","マルモ出版","1996.2","","","",""
"629","24-3","景観計画","マイケル・ローリー(Laurie, Michael) 著,  久保 貞, 小林 竑一 他訳","鹿島出版会","1977.11","","","",""
"656.5 ","24-3","最新　環境緑化工学","森本 幸裕, 小林 達明 編著","朝倉書店","2007.4","","","",""
"510.8","24-3","新体系土木工学  59  土木景観計画","土木学会 編,  篠原 修 著","技報堂出版","1982.6","","","",""
"","","","","","","","","",""
"629.1","24-3","風景概念の構造に関する研究","伊藤 精晤 著","伊藤 精晤 ","1985.5","","博士論文；京都大学農学博士","",""
"","","","","","","","","",""
"","","","","","","","","",""
"","","","","","","","","",""
"518.85","24-4","緑と地域計画  1   都市化と緑被地構造","田畑 貞寿 著","古今書院","2000.8","","","",""
"518.85","24-4","緑と地域計画  3   都市周辺部の緑被地の保全","田畑 貞寿 著","古今書院","2013.1","","","",""
"518.85","24-4","都市緑地計画論","丸田 頼一 著","丸善","1984.10","","","",""
"518.85","24-4","都市緑地の計画と設計","内山 正雄 編,  内山 正雄 [ほか]著","彰国社","1987.12","","","",""
"519.8","24-4","緑地計画-地域計画 : 横山光雄教授論文集 ","横山 光雄 著","横山光雄教授退職記念行事実行委員会","1979","","","",""
"518.8","24-4","都市景観のデザイン : ふるさとのまちづくり:その計画と実践","花輪 恒 著","鹿島出版会","1989.11","","","",""
"468","24-4","景観の生態史観 : 攪乱が再生する豊かな大地      (WAKUWAKUときめきサイエンスシリーズ  2)","森本 幸裕 編","京都通信社(京都)","2012.7","","","",""
"629.3","24-4","都市の顔 62 : みどりと公園","みどりと公園研究会 編著,  	監修: 福富 久夫 ","千葉大学園芸学部造園施設学研(松戸)","1986.10","","","",""
"518.8","24-4","風景のなかの環境哲学","桑子 敏雄 著","東京大学出版会","2005.11","","","",""
"610","24-4","グリーン・エコライフ : 「農」とつながる緑地生活","進士 五十八 著","小学館","2010","","","",""
"518.8 ","24-4","テーマコミュニティの森　ーヒューマンサイズの新しい都市","タイセイ総合研究所 ＋ 細内 信孝 著","ぎょうせい","2002.12","","","",""
"520.4","24-4","環境デザインの思想      (SD選書216)","三輪 正弘 著","鹿島出版会","1991.11","","","",""
"","","","","","","","","",""
"290.1","24-4","空間の経験","イーフー・トゥアン(Tuan, Yi-fu) 著,  山本 浩 訳","筑摩書房","1993.11","","原タイトル: Space and place ","",""
"525.1","24-4"," 外部空間の構成 : 建築から都市へ ","芦原 義信 著","彰国社","1962","","","",""
"","","","","","","","","",""
"783.8","24-4","セントアンドリュース物語 : The home of golf St.Andrews","角田 満弘, 邸 景一, 三島 叡 著","日経BP社","2001.10","","イギリスのゴルフ場","",""
"293.59","24-4","Danish Landscape Architecture : exhibition catalogue, July 1999, in the Orangery, Fredensborg Palace Gardens","translation, Martha Gaber Abrahamsen","Danish Association of Landscape Architects","1999.7","英語","ISBN: 879876618, 造園－中欧","",""
"293.59","24-4","Det grønne Odense i 125 år, 1865-1990 : Udgivet i anledning af Stadsgartnerens afdelings 125 års jubilæum","redigeret af Erik Heeser Nielsen ;  Odense (kommune). Stadsgartnerens Afdeling","Stadsgartnerens Afdeling i Odense","1990","デンマーク語","ISBN: 8773451479
仮訳「緑のオーデンセ: 市立ガルトナー局創立 125 周年」, 造園－中欧","",""
"293.59","24-4","Arkitektur DK","*****","Arkitektens Forlag (Kobenhavn)","1990.4","デンマーク語/英語","隔月刊, 刊行終了
ISSN: 00042013, 造園－中欧","",""
"525","24-4","Warren & Mahoney Architects  1958-1989","**","Warren & Mahoney Architects Limited (NZ)","1989","英語","ISBN: 0473008408","",""
"525","24-4","景観記念性建築　　叢書　","游明國 著","行政院文化建設委員会 企画, 芸術出版社","","","","",""
"","","","","","","","","",""
"629.237","24-4","L’immagine delle Ville Medicee Museo della Billa Medicea della Petraia Firenze","","","","","造園ーイタリア、パンフ","",""
"","","","","","","","","",""
"","","","","","","","","",""
"","","","","","","","","",""
"","","","","","","","","",""
"629.253","24-5","Process architecture(プロセスアーキテクチュア)　82　ポール・フリードバーグのランドスケープデザイン","**","プロセスアーキテクチュア","1989.5","","M. Paul Friedberg、1931年 -
アメリカのランドスケープ・アーキテクト","",""
"629.253","24-5","Process architecture(プロセスアーキテクチュア)　128　ジョージ・ハーグレイブス作品集","**","プロセスアーキテクチュア","1996.1","","Hargreaves
アメリカのランドスケープ・アーキテクト","",""
"629.253","24-5","Process architecture(プロセスアーキテクチュア)　133　ディアナ・バルモリのランドスケープ","**","出版者変更: プロセスアーキテクチュア (-132号)→プロトギャラクシー (133号-) ","1998.1","","Diana Balmori
スペイン生、アメリカのエール大学で教職をとる。","",""
"629.253","24-5","""Landscape Architecture"" 1982 ASLA Awards Vol. 72, No.5","**","Publication Board of the American Society of Landscape Architects","1982.9/10","","ISSN: 0023-8031, bi-monthly, 
Official Organ  of the American Society of Landscape Architects","",""
"629.253","24-5","""Landscape Architecture"" 1910 Vol. 1, No.1  (commemorative reprint of the original issue)","ASLA","Lay, Hubbard ＆ Wheelright","1910.10","","造園ーアメリカ","",""
"","","","","","","","","",""
"629.253","24-5","Early American gardens : ""for meate or medicine""","by Ann Leighton","University of Massachusetts Press
","1986","英語","ISBN: 0870235303","",""
"629.253","24-5","American gardens in the eighteenth century : ""for use or for delight""","by Ann Leighton","University of Massachusetts Press
","1986","英語","ISBN: 0870235311","",""
"629.253","24-5","American gardens of the nineteenth century : ""for comfort and affluence""","by Ann Leighton","University of Massachusetts Press
","1987","英語","ISBN: 0870235338","",""
"629.253","24-5","The Politics of Park Design : a history of urban parks in America","Galen Cranz","The MIT Press","1982","英語","ISBN: 0262030861","",""
"629.253","24-5","The new urban landscape : the redefinition of city form in nineteenth-century America","David P. Schuyler"," Johns Hopkins University Press","1986","英語","ISBN: 0801832314 (alk. paper)","",""
"629.253","24-5","The American Garden Guidebook West : a traveler's guide to extraordinary beauty along the beaten path : 240 listings covering 23 states & 4 provinces from the western half of the United States and Canada ","Everitt L. Miller and Jays. Cohen","M. Evans","1989","英語","ISBN: 0871315807","",""
"","","","","","","","","",""
"629.253","24-5","The Bloedel Reserve : gardens in the forest","Lawrence Kreisman","Arbor Fund","1988","英語","ISBN: 0962107611
: LC SubjectsGardens--Washington (State)--Bainbridge Island.","",""
"629.253","24-5","Parks & Wildlands : a guide to 170 special places in and around the twin cities","by Kai John Hagen ; illustrations by Stephhanie Torbert","Nodin Press","1989","英語","ISBN: 09331714354, 造園ーアメリカ","",""
"250","24-5","From Milestones to Mile-Markers : Understanding Historic Roads","written by Paul Daniel Marriott  ; prepared for America's Byways Resource Center","National Trust for Historic Preservation","2004","英語","","",""
"","","","","","","","","",""
"250","24-5","The Blue Ridge Parkway","Harley E. Jolley","University of Tennessee Press","1969","英語","ISBN: 0870491008
米国の国立公園道路
","",""
"629.41","24-5","Super-scenic motorway : a Blue Ridge Parkway history　","Anne Mitchell Whisnant","The University of North Carolina Press (Chapel hill)","2006","英語","","",""
"","","","","","","","","",""
"253.86","24-5","New Mexico : impressions","photography and text by Laurence Parent","Farcountry Press","2004","英語","ISBN: 1560373121","",""
"250","24-5","Pioneer proverbs : wit and wisdom from early America","collected by Mary Turner ; edited by Ferne Shelton","Hutcraft","1975","英語","Collection of proverbs from life in early America","",""
"","","","","","","","","",""
"251","24-5","Banff, Canada's first national park : a history and a memory of Rocky Mountains Park","Eleanor G. Luxton (Luxton, Eleanor Georgina)","Summerthought (CA)","1975","英語","ISBN: 0919934048 (pb)
Suject: バンフ国立公園（カナダ, アルバータ州)-歴史","",""
"251","24-5","Parkways of the Canadian Rockies : an interpretive guide to roads in the mountain parks  ","text and photos. by Brian Patton.","Summerthought, Ltd.","1975","英語","ISBN: 0919934005
","",""
"251","24-5","Explore the Fraser Estuary!","by Peggy Ward ; Fraser River Estuary Study (Canada)","Lands Directorate, Environment Canada","1980","英語","ISBN: 0660106337 (pbk.)
","",""
"","","","","","","","","",""
"","","","","","","","","",""
"629.23","24-6
","ヨーロッパの庭園 : 美の楽園をめぐる旅      (中公新書)","岩切 正介 著","中央公論新社","2008.2","","赤字書き込みあり","",""
"293.09","24-6
","ガイドブック　ヨーロッパ歴史の旅　ーフランス・イタリアと南欧","紅山 雪夫 著","大和出版販売","1973","","","",""
"518.8","24-6
","パリ大改造 : オースマンの業績      (THE CITIES:  New illustrated series)","ハワード・サールマン(Saalman, Howard) [著],  小沢 明 訳","井上書院","2011.8","","原タイトル: Haussmann:Paris transformed ","",""
"235.3","24-6
","パリの肖像　19-20世紀","B.マルシャン(Marchand, Bernard) [著],  羽貝 正美 訳","日本経済評論社","2010.11","","原タイトル: Paris,histoire d'une ville ","",""
"235.3","24-6
","写真で見る100年前のパリ 1       (100年前シリーズ)","マール社編集部 編,  樋口 文子, 市川 佳奈 訳","マール社","1996.5","","仏文併記 ","",""
"293.5018","24-6
","フランス文化の歴史地理学","グザヴィエ・ド・プラノール(Planhol, Xavier de) [著], 手塚 章,  三木 一彦 訳","二宮書店","2005.12","","原タイトル: Geographie historique de la France. (改訂第2版,抄訳) ","",""
"596.23","24-6
","ヴァテル : 謎の男、そして美食の誕生","ドミニク・ミッシェル(Michel, Dominique) 著,  藤田 真利子 訳","東京創元社","2001.1","","原タイトル: Vatel et la naissance de la gastronomie , 造園ーフランス","",""
"235.05","24-6
","ルイ十四世宮廷毒殺事件","ジャン=クリスティアン・プチフィス(Petitfils, Jean-Christian) 著,  朝倉 剛, 北山 研二 共訳","三省堂","1985.7","","原タイトル: L'affaire des poisons:archimistes et sorciers sous Louis ⅩⅣ ","",""
"209.74","24-6
","フランス敗れたり","アンドレ・モーロワ(Maurois, André) 著,  高野 彌一郎 訳","ウェッジ","2005.5","","大観堂書店昭和15年刊の復刊 
原タイトル: Tragedy in France ","",""
"288.4935","24-6
","ヴェルサイユの女たち : 愛と欲望の歴史","アラン・バラトン(Baraton, Alain) 著,  園山 千晶, 土居 佳代子, 村田 聖子 訳","原書房","2013.3","","別タイトル: L'AMOUR A VERSAILLES","",""
"234.6","24-6
","ハプスブルク家      (ヨーロッパの王家の歴史  1)","下津 清太郎 著","近藤出版社","1984.3","","","",""
"289.3","24-6
","ポンパドゥール侯爵夫人","ナンシー・ミットフォード(Mitford, Nancy,) 著,  柴田 都志子 訳","東京書籍","2003.8",""," 原タイトル: Madame de Pompadour ","",""
"","","","","","","","","",""
"573.5","24-6
","サンゴバン : ガラス・テクノロジーが支えた建築のイノベーション : 注目すべきフランス企業　","中島 智章, 前島 美知子 著,三宅 理一 監修","武田ランダムハウスジャパン","2010.8","","別タイトル: SAINT-GOBAIN","",""
"573.5","24-6
","Saint-Gubain 1665-1937 : Une entreprise devant l'histoire","Sous la direction de Maurice Hamon et Caroline Mathieu","Librairie Arthème Fayard / Musée d'Orsay","2006","フランス語","","",""
"","","","","","","","","",""
"523.35","24-6
","ヴェルサイユ : 宮殿と庭園,トリアノンの見学ガイド","ダニエル・メイエール(Meyer, Daniel) [著], 野崎 三郎・真理子 共訳","Editions d’Art Lys [Versailles]","1994.1","","","",""
"523.35","24-6
","ヴェルサイユ宮殿の歴史      (「知の再発見」双書  116)","クレール・コンスタン(Constans, Claire) 著,  伊藤 俊治 監修,  遠藤 ゆかり 訳","創元社(大阪)","2004.7","","原タイトル: Versailles,Chateau de la France et orgueil des rois ","",""
"523.35","24-6
","フランス造園の近代化      (「信州大学農学部演習林報告」第30号別刷）","佐々木 邦博 [著]（信州大学農学部造園学研究室）","信州大学農学部","1995.12","","博士論文(京都大学)","",""
"523.35","24-6
","第二帝政期のパリ市改造事業 オースマンの栄光と孤独 (土木技術者の海外案内-3-) ","中村 良夫 著","土木学会","1973.3","","土木学会誌, 58(3), 1973.3","",""
"290.9","24-6
","城郭都市 : 城門からの散策      (週刊朝日百科「世界の歴史」別冊　旅の世界史 6)","樺山 紘一 責任編集","朝日新聞社","1992.1","","造園ーフランス","",""
"",""," ","","","","","","",""
"","","","","","","","","",""
"523.35","24-6
","フォンテーヌブロー : 見学の手引き","ジャン・ピエール・サモワイヨー 美術館局総監 (フォンテーヌブロー宮殿国立美術館主席保存官)","Les Editions d'Art","1991","","","",""
"","","","","","","","","",""
"953.7","24-6
","ヴェルサイユの密謀 上・下巻     (新潮文庫  ケ-16-1)","クリスティーヌ・ケルデラン(Kerdellant, Christine), エリック・メイエール(Meyer, Éric) [著],  平岡 敦 訳","新潮社","2010.8","","原タイトル: La porte derobee","",""
"726.1","24-6
","ベルサイユのばら  1,2,3,4,5 　(集英社文庫)","池田 理代子 著","集英社","1994.12","","","",""
"952 ","24-6
","シラノ・ド・ベルジュラック　岩波文庫","エドモン・ロ(Rostand, Edmond)スタン 著,  辰野 隆,  鈴木 信太郎 共訳","岩波書店","1951","","Rostand, Edmond, 1868-1918","",""
"913.6","24-6
","カスティリオーネの庭","中野 美代子 著","文藝春秋","1997.9","","円明園が舞台, 造園ーフランス","",""
"","","","","","","","","",""
"629.21","24-6
","戸定邸と千葉大学松戸キャンパスの庭園","斎藤 洋一 (松戸市戸定歴史観), 藤井 英二郎 (千葉大学大学院園芸学研究科) 著","日本庭園学会","2009.6.20","","日本庭園学会 平成21年度大会公開研究= [日本庭園学会誌] (23) 2010.10, 29～56,図巻頭1p","",""
"629.237","24-6
","イタリアにおける歴史的庭園の保全","鹿野 陽子 著","東京農業大学農学部造園学科","2001.5","","別刷 (造園学論集 別冊 No.7)","",""
"","","","","","","","","",""
"","","","","","","","","",""
"","","","","","","","","",""
"590.73","25-1","Zoo : a history of zoological gardens in the West","Eric Baratay and Elisabeth Hardouin-Fugier ; [translated by Oliver Welsh]","Reaktion Books","2002","英語","別タイトル: Zoos : histoire des jardins zoologiques en Occident (XVIe-XXe siècle) ","",""
"629.2346","25-1","The garten Schonbrunn","","","","","""シェーンブルン宮と庭園ガイド（オーストリア）, 造園－中欧","",""
"","","","","","","","","",""
"480.76","25-1","京都市動物園100年のあゆみ     (京都市動物園100周年記念誌)","京都市動物園 編","京都市動物園","2003.9","","2冊箱入り,  付録: 京都市動物園 オフィシャルガイドブック ","",""
"480.76","25-1","多摩動物公園50年史   (本編+資料編）","東京都, 東京動物園協会 編","東京都","2008.5","","共同刊行: 東京動物園協会 ,（2冊箱入り）","",""
"480.76","25-1","動物園のつくり方 : 入門動物園学","Paul A. Rees (Rees, Paul A) [著],  武田 庄平, 鈴木 馨, 上野 吉一, 竹村勇司 訳","農林統計出版","2016.8","","原タイトル: An Introduction to Zoo Biology and Management ","",""
"480.76","25-1","動物園学","Geoff Hosey, Vicky Melfi, Sheila Pankhurst [著],  村田 浩一, 楠田 哲士 監訳","文永堂出版","2011.8","","原タイトル: Zoo animals ","",""
"","","","","","","","","",""
"369","25-1","人間学的福祉論 : 木の生き方に学ぶ","島崎 義孝 著","批評社","2014.5","","","",""
"480.76","25-1","動物園を考える : 日本と世界の違いを超えて","佐渡友 陽一 著","東京大学出版会","2022.3","","表紙のタイトル: Thinking about Zoos ","",""
"210.1","25-1","日本人と動物の歴史 : 日本人にとって動物とは何か","實吉 達郎 著","カンゼン","2020.7","","","",""
"480.76","25-1","動物園の歴史 : 日本における動物園の成立","佐々木 時雄 著","西田書店","1975","","","",""
"480.76","25-1","続 動物園の歴史　世界編　","佐々木 時雄 著, 佐々木 拓二 編","西田書店","1977.10","","","",""
"480.76","25-1","日本の動物園      (Natural history)","石田  戢[オサム]  著","東京大学出版会","2010.7","","","",""
"480.76","25-1","動物園から未来を変える : ニューヨーク・ブロンクス動物園の展示デザイン","川端 裕人, 本田 公夫 著","亜紀書房","2019.3","","","",""
"480.76","25-1","動物園巡礼","木下 直之 著","東京大学出版会","2018.11","","","",""
"480.76","25-1","動物園革命","若生 謙二 著","岩波書店","2010.12","","","",""
"480.76","25-1","動物園の文化史 : ひとと動物の5000年","溝井 裕一 著","勉誠出版","2014.4","","","",""
"480.76","25-1","生まれ変わる動物園 : その新しい役割と楽しみ方","田中 正之 著","化学同人(京都)","2013.4","","","",""
"480.76","25-1","実録 上野動物園","福田 三郎 著","毎日新聞社","1968","","","",""
"480.76","25-1","戦う動物園 : 旭山動物園と到津の森公園の物語      (中公新書)","小菅 正夫, 岩野 俊郎 著, 島 泰三 編","中央公論新社","2006.7","","","",""
"480.76","25-1","動物園・その歴史と冒険　   (中公新書ラクレ 713)","溝井 裕一 著","中央公論新社","2021.1","","","",""
"480.76","25-1","物語 上野動物園の歴史 : 園長が語る動物たちの140年","小宮 輝之 著","中央公論新社","2010.6","","","",""
"480.4","25-1","動物園まんだら　","中川 哲男 著","東方出版(大阪)","2006.10","","","",""
"","","","","","","","","",""
"480.76","25-1","動物公園年報　昭和61年度","平川動物公園 (鹿児島市)","鹿児島市平川動物公園","1987","","","",""
"480.76","25-1","「どうぶつと動物園」2008年春号　特集・多摩動物公園開園50周年","**","東京動物園協会","2008.4","","Vol.60(2), 通巻670号","",""
"480.76","25-1","ZSL London Zoo　The Insider’sGuide 2018/19","Zoological Society of London (ZSL)","London Zoo","2018?","英語","パンフレット","",""
"480.76","25-1","La ménagerie du Jardin des plantes  No.9","Teste: Marie-Claude BOMSEL-DEMONTOY","Muséum National d'Histoire Naturelle","1994","英語","パンフレット,  タイトル：植物園の動物園","",""
"480.76","25-1","Process architecture(プロセスアーキテクチュア)　126  ジョーンズ＆ジョーンズ作品集 ; 景観・地形・生物からのランドスケープデザイン","**","プロセスアーキテクチュア","1995.5","","","",""
"","","","","","","","","",""
"779.5","25-1","サーカスの歴史 : 見世物小屋から近代サーカスヘ","阿久根 巌 著","西田書店","1977.2","","","",""
"779.5","25-1","サーカス研究      (Encyclopedia Ashihara  vol.2)","蘆原 英了 著","新宿書房","1984.3","","","",""
"","","","","","","","","",""
"","","","","","","","","",""
"","","","","","","","","",""
"480.76","25-2","オーストラリアの動物園（パンフレット等）","","","","","","",""
"480.76","25-2","『図書』 No.726","**（木下直之 一部執筆)","岩波書店","2009.8","","逆立ちするゾウ：動物園と日本人の物語をつむぐ１","",""
"480.76","25-2","『図書』 No.727","**（木下直之 一部執筆)","岩波書店","2009.9","","動物たちのホームドラマ：動物園と日本人の物語をつむぐ２","",""
"480.76","25-2","『図書』 No.728","**（木下直之 一部執筆)","岩波書店","2009.10","","お猿電車はゆくよ：動物園と日本人の物語をつむぐ３","",""
"","","","","","","","","",""
"","","","","","","","","",""
"","","","","","","","","",""
"","","","","","","","","",""
"689.04","25-3","ユートピア産業","中村 かつろう 著","勁草書房","1992.1","","","",""
"365.7","25-3","レジャーの社会学","岡田 至雄 著","世界思想社","1982.5","","","",""
"689.21","25-3","観光・旅の文化","北川 宗忠 著","ミネルヴァ書房","2002.4","","","",""
"786.3","25-3","キャンプ場の施設","出口 一重 編集兼発行人","(社)全日本観光連盟","1953.7","","","",""
"688","25-3","自動車旅行の休泊施設","鈴木 忠義 著, (財)国際観光協会 監修","理工図書","1957.9","","","",""
"365.7","25-3","レジャーの科学","堤 清二 編","実業之日本社","1962","","","",""
"514.7","25-3","観光道路","加藤 誠平, 鈴木 忠義","土木雑誌社","1955","","","",""
"688","25-3","観光経済学","塩田 正志 著","アサヒ社","1962.5","","","",""
"688","25-3","観光教室","井上 万寿蔵 著
井上 萬壽蔵 著","朝日新聞社","1957","","","",""
"290.9","25-3","世界の観光","川本 直水 著","創元社","1959","","","",""
"689.1","25-3","望ましい国内観光の実現のために : 観光政策審議会意見具申(昭和57年3月10日)","内閣総理大臣官房審議室 編 	","大蔵省印刷局","1982.8","","","",""
"689.4","25-3","観光地の緑化　","**","(社) 全日本観光連盟","1952.3","","","",""
"689.4","25-3","観光開発をどう考えるか","鈴木 忠義 著","日本観光協会","1961.3","","","",""
"","","","","","","","","",""
"689","25-3","ディズニーランドの経済学","粟田 房穂, 高成田 亨","朝日新聞社","1984.8","","","",""
"689.21","25-3","これは、温泉ではない　（光文社新書  温泉教授の温泉ゼミナール 2）","松田 忠徳 著","光文社","2004.1","","","",""
"689.2194 ","25-3","黒川温泉　観光経営講座　（光文社新書）","後藤 哲也, 松田 忠徳","光文社叢書","2005.2","","","",""
"689.2195","25-3","由布院の小さな奇跡　（新潮新書）","木谷 文弘 著　","新潮社","2004.11","","","",""
"689.5 ","25-3","ディズニー7つの法則 : 奇跡の成功を生み出した「感動」の企業理念","トム・コネラン (Connellan, Thomas K, 1942-) 著, 仁平 和夫 訳","日経BP社","1997.11","","原タイトル: Inside the magic kingdom","",""
"689.81 ","25-3","星野リゾートの教科書 : サービスと利益両立の法則","中沢 康彦 著, 日経トップリーダー 編","日経BP社","2010.4","","","",""
"342.1","25-3","日本がだめならニュージーランドがあるさ！　(2003年、日本国破産 ; 海外編)","浅井 隆, キーウィ・サポート 著","第二海援隊","2002.12","","","",""
"209","25-3","観光の文化史","中川 浩一","筑摩書房","1985.7","","","",""
"290.9","25-3","旅行の進化論       (青弓社ライブラリー  2)","ヴィンフリート・レシュブルク(Löschburg, Winfried) 著,  林 龍代, 林 健生 訳","青弓社","1999.7","","","",""
"","","","","","","","","",""
"297.2","25-3","Mobil New Zealand travel guide : South Island and Stewart Island","by Diana and Jeremy Pope","Wellington : A. H. & A. W. Reed","1974","","","",""
"","","","","","","","","",""
"293.7093","25-3","イタリア五都市 : ローマ・ミラノ・ナポリ・フィレンツェ・ヴェネツィア        (ブルーガイドわがまま歩き 29)","**","実業之日本社","2018.7","","","",""
"629.23","25-3","イタリア庭園の旅 : 100の悦楽と不思議      (コロナ・ブックス  78)","巖谷 國士 文・写真","平凡社","2000.3","","","",""
"293.7093","25-3","(ブルーガイドわがまま歩き  29 )　イタリア五都市 : ローマ・ミラノ・ナポリ・フィレンツェ・ヴェネツィア","ブルーガイド編集部","実業之日本社","2018.7","","第７版","",""
"","","","","","","","","",""
"293.7","25-3","(イタリア旅行協会公式ガイド  1 )   ミラノ／イタリア北西部","**","NTT出版株式会社","1995.10","","ミラノ/イタリア北西部 : ジェノヴァ,トリノ,ベルガモ,マントヴァ,アオスタ","",""
"293.7","25-3","(イタリア旅行協会公式ガイド  2 )   ヴェネツィア/イタリア北東部","**","NTT出版株式会社","1995.10","","ヴェネツィア/イタリア北東部 : ボローニャ,ヴェローナ,ラヴェンナ,トレント,トリエステ","",""
"293.7","25-3","(イタリア旅行協会公式ガイド  3 )   フィレンツェ/イタリア中部","**","NTT出版株式会社","1995.10","","フィレンツェ/イタリア中部 : ピサ,シエナ,ペルージア,アッシジ,ウルビーノ","",""
"293.7","25-3","(イタリア旅行協会公式ガイド  4 )   ローマ/サルデーニャ","**","NTT出版株式会社","1996.3","","ローマ/サルデーニャ : ヴィテルボ,ティヴォリ,ラクィラ,カリアリ","",""
"293.7","25-3","(イタリア旅行協会公式ガイド  5 )   ナポリ/シチリア","**","NTT出版株式会社","1997.5","","ナポリ/シチリア : ソッレント,バーリ,レッチェ,パレルモ,シラクーザ","",""
"","","","","","","","","",""
"293.7","25-3","(ミシュラン・グリーンガイド)　イタリア","ミシュランタイヤ社 著作,  実業之日本社 日本語版編集","実業之日本社","1991.6","","","",""
"293.5","25-3","(ミシュラン・グリーンガイド)　ロワールの城","ミシュランタイヤ社 著作,  実業之日本社 日本語版編集","実業之日本社","1995.5","","第２版","",""
"293.5","25-3","(ミシュラン・グリーンガイド)　パリ","ミシュランタイヤ社 著作,  実業之日本社 日本語版編集","実業之日本社","1991.6","","","",""
"293.5","25-3","(ミシュラン・グリーンガイド)　パリ周辺","ミシュランタイヤ社 著作,  実業之日本社 日本語版編集","実業之日本社","1995.6","","第２版","",""
"293.609","25-3","(ミシュラン・グリーンガイド)　スペイン","ミシュランタイヤ社 著作,  実業之日本社 日本語版編集","実業之日本社","1998.6","","第２版","",""
"293.33","25-3","Baedeker’s  Great Britain","Baedekers Autoführer-Verlag","Prentice Hall Press","1986?","","ISBN: 0130558559(pbk)","",""
"","","","","","","","","",""
"","","","","","","","","",""
"","","","","","","","","",""
"520","25-4","アクアテクチュア : 建築と水","アンソニー･ウィルソン (Wylson, Anthony) 著, 黒田 秀彦, 井上 聰史, 落合 太郎 訳","鹿島出版会","1990.4","","原タイトル: Aquatecture","",""
"519.8","25-4","都市の生態と計画　　 (技報堂全書)","伊藤 通畦 著","技報堂","1961","","","",""
"518.85 ","25-4","都市の緑化戦略 : 街づくりにおける緑の継承と展望","日本造園修景協会編集委員会 編","ぎょうせい","2005.4","","","",""
"519.8","25-4","都市のイメージ","ケヴィン・リンチ (Lynch, Kevin, 1918-1984)　著, 丹下 健三, 冨田 玲子 訳","岩波書店","1968","","原タイトル: The image of the city","",""
"518.8 ","25-4","敷地計画の技法","ケヴィン・リン  (Lynch, Kevin, 1918-1984)　著, 前野 淳一郎, 佐々木 宏 共訳","鹿島出版会","1987.11","","原タイトル: Site Planning","",""
"519.85","25-4","環境修景論 : 緑化理論から計画まで","近藤 公夫 著","地球社","1973","","","",""
"519.19","25-4","環境システムの計画 : 接点空間 (インターフェイス) をさぐる","斎藤 一雄 著","斉藤一雄先生退官記念事業会","1985.2","","並列タイトル: Planning of environmental system : interface of land and water","",""
"414.2","25-4","配置の問題 : 平面・球面・空間における","フェイェシュ･トート (Fejes Tóth, L ) 著, 樋口 伊佐夫, 種村 正美 訳","みすず書房","1993.12","","原タイトル: Lagerungen in der Ebene auf der Kugel und im Raum. 2.Aufl","",""
"519.9","25-4","ジオテクニクス : 地域計画の哲学","ベントン･マッケイ (Mackaye, Benton, 1879-1975) 著, ルイス･マンフォード (Lewis Munford) 序文,  波多江 建郎 訳","彰国社","1971","","原タイトル: The New Exploration : a new philosophy of regional planning","",""
"518.8 ","25-4","エコハビタ : 環境創造の都市","吉村 元男 著","学芸出版社","1993.2","","","",""
"518.85","25-4","緑のまちづくり学","進士 五十八 著","学芸出版社","1987.4","","","",""
"518.8","25-4","ウォーターフロントの時代","川端 直志 著","都市文化社","1985.1","","","",""
"290.17","25-4","都市の思想 : 保存修景への指標　（NHKブックス）","西川 幸治 著","日本放送出版協会","1973","","","",""
"518.8","25-4","都市美を求めて : 27都市の個性","橋岡 武 著","鹿島出版会","1982.12","","","",""
"519.8","25-4","都市に生きる方途 : 応用生態学の構想　（NHKブックス）","吉村 元男 著　","日本放送出版協会","1977.7","","","",""
"304","25-4","人間・都市・未来を考える","伊藤 滋ほか, 大都市生活構造研究会「朝市ふぉーらむ」編","PHP研究所","1997.1","","","",""
"","","","","","","","","",""
"612.1","25-4","都市と農村の間 : 都市近郊農業史論","渡辺 善次郎 著","論創社","1983.6","","","",""
"601.1","25-4","国土学事始め","大石 久和 著","毎日新聞社","2006.3","","","",""
"601.1","25-4","国土科学　（NHKブックス　206）","島津 康男 著","日本放送出版協会","1974","","","",""
"757","25-4","モダニズム以降のデザイン : ものの実体を超えて","ジョン・サッカラ (Thackara, John) 編,  奥出 直人・藤原 えりみ・枡山 寛 訳","鹿島出版会","1991.12","","原タイトル: Design after modernism","",""
"520","25-4","建築美を科学する","小林 盛太 著","彰国社","1991.6","","","",""
"518.8","25-4","屋外空間の生活とデザイン　（SDライブラリー 2）","J.ゲール (Gehl, Jan, 1936-)著, 北原 理雄 訳","鹿島出版会","1990.3","","原タイトル: Life between buildings","",""
"331.81","25-4","京様式経営 : モジュール化戦略 : 「ネットワーク外部性」活用の革新モデル","末松 千尋 著","日本経済新聞社","2002.8","","","",""
"","","","","","","","","",""
"519.8","25-4","知覚環境の計画","ケヴィン･リンチ (Lynch, Kevin, 1918-1984)著, 北原 理雄 訳","鹿島出版会","1979.8","","原タイトル: Managing the sense of a region","",""
"518.8","25-4","逆都市化時代 : 人口減少期のまちづくり","大西 隆 著","学芸出版社","2004.6","","","",""
"361.78","25-4","青少年のための都市環境","ケヴィン･リンチ (Lynch, Kevin, 1918-1984 )、北原 理雄 訳","鹿島出版会","1980.7","","原タイトル: Growing up in cities","",""
"290.12","25-4","田中啓爾と日本近代地誌学","田村 百代 著","古今書院","1984.11","","","",""
"290.173","25-4","大都市圏研究 : 多様なアプローチ　上","成田 孝三 編","大明堂","1999.3","","","",""
"290.173","25-4","大都市圏研究 : 多様なアプローチ　下","成田 孝三 編","大明堂","1999.3","","","",""
"450.7","25-4","地域と自然　","千葉 徳爾 著","大明堂","1966","","","",""
"334.6","25-4","自然立地的土地利用計画　","井手 久登・武内 和彦 著","東京大学出版会","1985.4","","","",""
"910.26","25-4","日本自然主義再考　　(近代文学研究双書)","相馬 庸郎 著","八木書店","1981.12","","","",""
"448.9","25-4","地図からの発想","中村 和郎 編","古今書院","2005.9","","","",""
"","","","","","","","","",""
"","","","","","","","","",""
"523","25-5","図説・都市の世界史  3  近世","レオナルド・ベネーヴォロ(Benevolo, Leonardo) 著, 佐野 敬彦, 林 寛治 訳","相模書房","1983.7","","原著: Storia della città. 2.ed","",""
"523","25-5","図説・都市の世界史  4  近代","レオナルド・ベネーヴォロ(Benevolo, Leonardo) 著, 佐野 敬彦, 林 寛治 訳","相模書房","1983.8","","原著: Storia della città. 2.ed","",""
"518.8","25-5","都市はどのようにつくられてきたか : 発生から見た都市のタイポロジー      (The cities=new illustrated series)","アーヴィン・Y.ガランタイ(Galantay, Ervin Y) 著,  堀池 秀人 訳","井上書院","1984.11","","原タイトル: New towns:antiquity to the presen","",""
"519.8","25-5","都市の景観      (SD選書)","G.カレン(Cullen, Gordon) 著,  北原 理雄 訳","鹿島出版会","1975","","Cullen, Gordon, 1914-1994","",""
"518.8","25-5","サステイナブル・コミュニティ : 持続可能な都市のあり方を求めて","川村 健一, 小門 裕幸 著","学芸出版社(京都)
","1995.11","","","",""
"518.8","25-5","進化する都市","パトリック・ゲデス (Geddes, Patrick, 1854-1932) 著, 西村 一朗 他訳","鹿島出版会","1982.10","","原タイトル: Cities in evolution","",""
"930.2","25-5","田舎と都会　","レイモンド・ウィリアムズ(Williams, Raymond) 著,  山本 和平 [ほか] 訳
","晶文社","1985.10","","Williams, Raymond, 1921-1988
原タイトル: The country and the city ","",""
"611.15","25-5","田園アメニティ論","武内　和彦 ほか著","養賢堂","1990.6","","","",""
"361","25-5","ポストモダンと地方主義","フィリップ・クック(Cooke, Philip N) 著,  坂井 達朗 訳","日本経済評論社","1995.12","","原タイトル: Back to the future ","",""
"361.48","25-5","現代の都市　","S.リーマー(Riemer, Svend) 著,  磯村 英一, 奥田 道大 共訳","誠信書房","1959","","","",""
"290.17","25-5","都市プランの研究 : 変容系列と空間構成 ","矢守 一彦 著","大明堂","1970","","","",""
"521.86","25-5","流民の都市とすまい ","上田 篤 著","駸々堂出版","1985.3","","","",""
"518.8","25-5","西洋の都市 : その歴史と類型","ヴォルフガング・ブラウンフェルス(Braunfels, Wolfgang) 著, 日高 健一郎 訳","丸善","1986.7","","Braunfels, Wolfgang, 1911-1987
原タイトル: Abendländische Stadtbaukunst:Herrschaftsform und Baugestalt ","",""
"518.8","25-5","まちづくりと創造性      (有斐閣ビジネス  36)","山崎 幸男 著","有斐閣","1986.5	","","","",""
"","","","","","","","","",""
"334.31","25-5","子供が消えゆく国      (日経プレミアシリーズ  423)","藤波 匠 著","日経BP日本経済新聞出版本部","2020.4","","","",""
"","","","","","","","","",""
"332.9","25-5","地域の科学      (紀伊国屋新書)","笹田 友三郎 著","紀伊国屋書店","1964","","付: 「リージョナル・サイエンス」に関する文献171-186p ","",""
"518.8","25-5","都市開発を考える : アメリカと日本      (岩波新書)","大野 輝之, レイコ・ハベ・エバンス(Evans, Reiko Habe) 著","岩波書店","1992.2","","","",""
"361.48","25-5","都市の自然史 : 人間と自然のかかわり合い      (中公新書)","品田 穣 著","中央公論社","1974","","","",""
"361.78","25-5","都市と日本人 : 「カミサマ」を旅する      (岩波新書)","上田 篤 著","岩波書店","2003.9","","","",""
"","","","","","","","","",""
"601.1","25-5","国土計画の思想 : 全国総合開発計画の30年     (都市叢書)","本間 義人 著","日本経済評論社","1992.7","","","",""
"332.98","25-5","新国土計画論 : 土地利用計画の提唱","宮沢 弘 著","有斐閣","1968","","","",""
"361.48","25-5","都市の科学","サイエンティフィック･アメリカン　編,  中江 利忠 訳","紀伊國屋書店","1966","","","",""
"","","","","","","","","",""
"","","","","","","","","",""
"","","","","","","","","",""
"","","","","","","","","",""
"629.21361","25-6","東京の寺社と大名庭園  天保14(1843)年「御江戸大繪圖」で歩く      (めぐりシリーズ  5)","**","人文社","2003.6","","「御江戸大繪圖」天保14年 (1843) の複製 
分図: 現代鉄道路線図 ","","#江戸べらぼう"
"291.36","25-6","地図東京今昔 :  東京商工会議所110周年記念","内務省地理局","東京商工会議所","1988.7","","明治11年東京古地図: 實測東京全圖の複製,  東京都23区全図, 東京都多摩全図","",""
"689.8","25-5","日本のホテル小史      (中公新書)","村岡 実 著
","中央公論社","1981.6","","","",""
"291.6","25-6"," 図説京阪神の地理 : 地図から学ぶ ","山口 覚, 水田 憲志, 金子 直樹, 吉田 雄介, 中窪 啓介, 矢嶋 巌 著","ミネルヴァ書房(京都)","2019.6","","","",""
"213.6106","25-6","近代東京の地政学 : 青山・渋谷・表参道の開発と軍用地 ","武田 尚子 著","吉川弘文館","2019.2","","","",""
"518.8","25-6","明治の東京計画      (岩波現代文庫 : 学術)","藤森 照信 著","岩波書店","2004.11","","","",""
"518.8","25-6","東京都市計画物語      (都市叢書)","越沢 明 著","日本経済評論社","1991.11","","","",""
"518.8","25-6","東京都市計画物語      (ちくま学芸文庫)","越澤 明 著","筑摩書房","2001.3","","","",""
"518.8","25-6","東京の都市計画      (岩波新書)","越沢 明 著","岩波書店","1991.12","","","",""
"313.61","25-6","皇居前広場      (光文社新書)","原 武史 著","光文社","2003.4","","","",""
"629.21","25-6","緑の東京史　","東京都造園建設業協同組合 編集","思考社","1979.2","","","",""
"","","","","","","","","",""
"518.8","25-6","多摩田園都市 : 良好な街づくりをめざして","東京急行電鉄田園都市事業部 編集","東京急行電鉄","1988.11","","昭和62年度日本建築学会賞","",""
"518.88","25-6","多摩田園都市 : ランドスケープ・ミュージアム","東京急行電鉄株式会社, 編集・製作: 工文社","東京急行電鉄","1990.3","","","",""
"518.83","25-6","近代日本の郊外住宅地","片木 篤, 藤谷 陽悦, 角野 幸博 編","鹿島出版会","2000.3","","","",""
"365.3 ","25-6","郊外の20世紀 : テーマを追い求めた住宅地","角野 幸博 著","学芸出版社(京都)","2000.3","","","",""
"290.38","25-6","「月刊　地図中心」  通巻462   特集  東急沿線ふたつの田園都市を訪ねる","**","日本地図センター","2011.3","","","",""
"","","","","","","","","",""
"210.17","25-6","天災と復興の日本史","外川 淳 著","東洋経済新報社","2011.7","","","",""
"369.31","25-6","大地からの警告 : 大震災は何を語りかけたのか","貝原 俊民 著","ぎょうせい	","2005.1 ","","","",""
"453.3","25-6","歴史地震 : 古記録は語る       (イルカぶっくす  8)","宇佐美 竜夫 著
宇佐美 龍夫　","海洋出版","1976","","","",""
"049.1","25-6","ここにいてはいけない","内藤 誼人 著","角川書店","2002.2 ","","","",""
"453","25-6","地震 : 理科年表読本","安藤 雅孝, 吉井 敏尅 編","丸善","1993.3","","","",""
"","","","","","","","","",""
"518.8","25-6","地下都市は可能か","平井尭 編著
平井 堯","鹿島出版会","1991.6","","","",""
"686.2","25-6","世界地下鉄物語　","ベンソン・ボブリック(Bobrick, Benson) 著,  日高 敏, 田村 咲智 訳","晶文社","1994.6","","","",""
"517.72","25-6","地下ダムと島の環境経済学 = Underground Dam and Environmental Economics of Islands","黒沼 善博 著","古今書院","2021.3","","","",""
"365.3","25-6","空き家問題 : １０００万戸の衝撃      (祥伝社新書   371)","牧野 知弘 著","祥伝社","2014.7","","","",""
"","","","","","","","","",""
"915.6","25-6","甲州街道、長州路ほか　　(朝日文庫  街道をゆく 1)","司馬 遼太郎 著","朝日新聞社","1999.7","","記述は第30刷による ","",""
"","","","","","","","","",""
"","","","","","","","","",""
"","","","","","","","","",""
"","","","","","","","","",""
"","","","","","","","","",""
"709 ","25-7","世界遺産 : 歴史と大自然へのタイムトラベル 第7巻  日本・オセアニア       (講談社+α文庫)","講談社 編, PPS通信社 写真, 水村 光男 監修","講談社","2002.12",""," : オールカラー完全版","",""
"709 ","25-7","世界遺産 : 歴史と大自然へのタイムトラベル 第6巻  アフリカ大陸       (講談社+α文庫)","講談社 編, PPS通信社 写真, 水村 光男 監修","講談社","2002.12",""," : オールカラー完全版","",""
"","","","","","","","","",""
"290.9","25-7","世界遺産を旅する : 地球の記録 2 (スペイン・ポルトガル・モロッコ・チュニジア) ","**","近畿日本ツーリスト","1997.7","","","",""
"290.9","25-7","世界遺産を旅する : 地球の記録 4 (オーストリア・東欧) ","**","近畿日本ツーリスト","1998.3","","","",""
"","","","","","","","","",""
"709","25-7","世界遺産極める55      (小学館文庫)","世界遺産を旅する会 編","小学館","2001.8","","","",""
"510.92","25-7"," 土木遺産 : 世紀を越えて生きる叡智の結晶 ヨーロッパ編 ","建設コンサルタンツ協会『Consultant』編集部 編","ダイヤモンド社","2005.6","","","",""
"","","","","","","","","",""
"219.1 ","25-7","神の島　沖ノ島　－神に仕えた古代人の遺産　八万点の国宝を伝える最後の秘境","藤原 新也,  安部 龍太郎 著","小学館","2013.5","","","",""
"","","","","","","","","",""
"268","25-7","アンデス文明 : 石期からインカ帝国まで","L.G.ブレラス (Lumbreras, Luis Guillermo ) 著, 増田 義郎 訳","岩波書店","1977.4","","原タイトル: The peoples and cultures of ancient Peru ","",""
"235.9","25-7","De Historie van de Vesting Naarden","A. C. J. de Vrankrijker (Vrankrijker, Adrianus Clemens Johannes de)","De Haan","1987","オランダ語","ISBN: 9022831221, 第4版
ナールデン要塞の歴史","",""
"233.051","25-7","Deal and Walmer Castles : a handbook for Teachers","Jonathan Barnes","English Heritage","1991","英語","ISBN: 1850743606
Subject: Castles England of Henry VIII's early defences","",""
"629.237","25-7","Follow the Vikings : highlights of the viking world","Council of Europe Cultural Routes","Council of Europe Cultural Routes","1996","英語","ISBN: 9197291609
Accompanied by 1 folded map","",""
"",""," ","","","","","","",""
"629.237","25-7","L'immagine delle ville Medicee","Museo della Villa Medicea della Petraia Firenze","UNESCO ; Ville e giardini medicei in Toscana","2013","イタリア語","蛇腹式リーフレット","",""
"629.237","25-7","Toscana's Views","byy Paolo Busato","Florentia Minor","1991","イタリア語、英語、仏語、独語","","",""
"629.237","25-7","I giardini di villa Pisani : nelle incisioni del Ransonnette","Giampaolo Bonollo ","Medoacus","1993","イタリア語","","",""
"629.237","25-7","A guide-book of Lucca and surroundings : monumental map of the town ","","Plurigraf","1991","","Accompanied by 1 folded map
Lucca (Italy) -Guidebooks","",""
"","","","","","","","","",""
"232.8","25-7","ポンペイ : 完全復元2000年前の古代都市      (Newtonムック. Newtonビジュアルサイエンスシリーズ)","サルバトーレ・チロ・ナッポ(Nappo, Salvatore Ciro) 著,  横関 裕子 訳","ニュートンプレス","1999.9","","","",""
"","","","","","","","","",""
"236","25-7","Navarra por mil caminos","Janvier Pagola Lorente","Gobierno de Navarra","2001","スペイン語","ISBN: 8423518051","",""
"236","25-7","Navarra en la mano","textos y fotografías, Luis Azpilicueta y José María Domench","Gobierno de Navarra, Departamento de Presidencia","1991","","ISBN: 842351501X","",""
"236","25-7","El Retiro : un parque para todos","edita: Reeal Academia de Bellas Artes de San Fernando","Área de Gobierno de Medio Ambiente y Servicios a la Ciudad Calcografía Nacional","2006","スペイン語","ISBN: 8496406067
Subject: El Retiro (Madrid) Historia","",""
"236","25-7","Almadén : apuntes históricos de la vida de un pueblo","Ismael Mansilla Muñoz, Fernando Amazares Toledano","Universidad Popular, Grupo de Estudios de Almadén y Comarca","1997","スペイン語","","",""
"236","25-7","Patrimonio Histórico del Ferrol de la Ilustración : inventario e identificación de los bienes de interés cultural","Juan Antonio Rodríguez-Villasante Prieto","Concello de Ferrol, Concejalía de Cultura /  Comisión para el Estudio y Valoración del Patrimonio Histórico de Ferrol","2004","スペイン語","Ferrol: スペイン、ガリシア州ア・コルーニャ県の都市
","",""
"","","","","","","","","",""
"","","","","","","","","",""
"248","25-7","Victoria Falls : the smoke that thunders","all colour photographs by D. Allen, PhotoSafari & D. Allen Slide Library","PhotoSafari","1997","英語","ISBN: 0797417478","",""
"","","","","","","","","",""
"709 ","25-7","ユネスコ世界遺産年報 2010　特別対談・世界遺産とともに歩んで　（ 2010, No.15）","平山 郁夫 総監修, 日本ユネスコ協会連盟世界遺産専門委員会 監修　","(社)日本ユネスコ協会連盟","2009.12","","古都奈良の文化財","",""
"","","","","","","","","",""
"095.6","25-7","『季刊 文化遺産』第4号 秋冬号  特集: シルクロード; シリーズ 2","「文化遺産」編集室　制作","財団法人 島根県並河萬里写真財団","1997.10","","トルファン","",""
"095.6","25-7","『季刊 文化遺産』第11号 秋冬号  特集: シルクロード・シリーズ 4","「文化遺産」編集室　制作","財団法人 島根県並河萬里写真財団","2001.4","","大谷探検隊, 石見銀山遺跡の輝き（ユネスコ世界遺産暫定リスト搭載記念企画）","",""
"","","","","","","","","",""
"212.2","25-7","都市平泉の遺産      (日本史リブレット  18)","入間田 宣夫 著","山川出版社","2003.7 ","","","",""
"","","","","","","","","",""
"709.35","25-7","フランスに於ける歴史的環境保全：重層的制度と複層的組織、そして現在      (叢書 文化財保護制度の研究　ヨーロッパ諸国の文化財保護制度と活用事例　フランス編)","独立行政法人 文化財研究所 東京文化財研究所 国際文化財保存修復協力センター 編","独立行政法人 文化財研究所 東京文化財研究所 国際文化財保存修復協力センター","2005.3","","","",""
"709","25-7","Social quality in the conservation process of living heritage","Ping KONG","International Forum on Urbanism （IFoU）","2008","英語","","",""
"709","25-7","危機の中の巨像たち : 救おう人類の遺産 / Save Our Common Heritage  ","日本ユネスコ協会連盟 編","社団法人日本ユネスコ協会連盟","1981","","","",""
"520.4","25-7","イメージゲーム　ー異文化との遭遇","磯崎 新 著","鹿島出版会","1990.11","","磯崎, 新, 1931-2022","",""
"520.4","25-7","始源のもどき : ジャパネスキゼーション","磯崎 新 著","鹿島出版会","1996.3","","","",""
"","","","","","","","","",""
"","","","","","","","","",""
"","","","","","","","","",""
"","","","","","","","","",""
"","","","","","","","","",""
"","","","","","","","","",""
"","","","","","","","","",""
"","","","","","","","","",""
"","","","","","","","","",""
"629.21 ","25-8","日本庭園と石　　(庭園學講座 6)","京都芸術短期大学(講義：尼崎 博正 ほか）","京都芸術短期大学 / 京都造形芸術大学日本庭園研究センター ","1999.8","","","",""
"629.21 ","25-8","宮廷の庭　　(庭園學講座 9)","京都造形芸術大学日本庭園歴史遺産研究センター(講義：尼崎 博正 ほか）","京都造形芸術大学日本庭園研究センター","2002.8","","","",""
"629.21 ","25-8","文化財庭園の保存管理技術　　(庭園學講座 10)","京都造形芸術大学日本庭園歴史遺産研究センター(講義：尼崎 博正 ほか）","京都造形芸術大学日本庭園研究センター","2003.8","","","",""
"629.21 ","25-8","近代数寄者の庭 : 植治をめぐる人々　（庭園学講座 17）","京都造形芸術大学日本庭園・歴史遺産研究センター","京都造形芸術大学日本庭園・歴史遺産研究センター","2010.8","","","",""
"629.21 ","25-8","日本庭園のモダンとポストモダン　（庭園学講座 20）","京都造形芸術大学日本庭園・歴史遺産研究センター","京都造形芸術大学日本庭園・歴史遺産研究センター","2013.8","","","",""
""," ","","","","","","","",""
"","","","","","","","","",""
"210.2","25-8","特別史跡平城京左京三条二坊宮跡庭園復原整備報告","奈良市教育委員会 編　","奈良市教育委員会","1986.3","","","",""
"","","","","","","","","",""
"629.21 ","25-8","論集  日本の庭園観光 : 歴史と現状    (科学研究費助成事業基盤研究C「我が国の庭園観光の適切かつ持続的推進に向けた研究」成果観光物)","小野 健吉 著","小野 健吉","2022.3","","令和3年度文部科学省科学研究費助成事業基盤研究C(課題番号：19K12547)","",""
"629.21 ","25-8","観光資源としての庭園 (1) (平成27年度「観光資源としての庭園」に関する研究会報告書) 
 (科学研究費基盤B「歴史と現状からみた庭園の観光資源としての可能性に関する研究 : 欧州との比較から」)","研究代表者：小野 健吉","小野 健吉","2017.3","","文部科学省科学研究費助成事業基盤研究B(課題番号：26283021)","",""
"629.21 ","25-8","観光資源としての庭園 (2) (平成28年度および平成29年度「観光資源としての庭園」に関する研究会報告書) 
 (科学研究費基盤B「歴史と現状からみた庭園の観光資源としての可能性に関する研究 : 欧州との比較から」)","研究代表者：小野 健吉","小野 健吉","2018.3","","文部科学省科学研究費助成事業基盤研究B(課題番号：26283021)","",""
"","","","","","","","","",""
"709.1","25-8","史跡等の整備・活用の長期的な展開：経年によるソフト・ハードの変化と再生      (平成26年度 遺跡整備・活用研究集会報告書 )","国立文化財機構奈良文化財研究所文化遺産部遺跡整備研究室  編","国立文化財機構奈良文化財研究所文化遺産部遺跡整備研究室(奈良)","2015.12","","","",""
"709.1","25-8","名勝地保護関係資料集       (科学研究費補助金 基盤研究B「 	東アジアを中心とした名勝地の保護に関する研究」)  	","平澤毅, 奈良文化財研究所 [著]","[平澤毅]","2015.3","","文部科学省科学研究費補助金研究成果報告書 基盤研究B(課題番号：25292214)の成果の一部を取りまとめたもの ","",""
"","","","","","","","","",""
"629.21 ","25-8","岡山城と後楽園 : 平成11年度岡山後楽園築庭300年記念特別展図録","岡山県立博物館 編","岡山県立博物館","2000.2","","会期: 2000年2月4日-3月5日 ","",""
"629.21","25-8","何有荘庭園における歴史的変遷と復元的考察  (2008年度修士論文, 指導教員：尼崎博正教授）","加藤 友規 著","京都市造形芸術大学院芸術研究科芸術環境専攻  加藤友規","2009.3","","","",""
"629.21","25-8","名勝居初氏庭園(天然図画亭)修理工事報告書","建築研究協会 編","居初寅夫","1991.3","","","",""
"210.0254","25-8","調布市深大寺城山遺跡 : 神代植物公園城山地区整備　　(調布市埋蔵文化財調査報告 32)","調布市遺跡調査会 編","調布市教育委員会 /  調布市遺跡調査会 ","1996.3","","","",""
"521.86","25-8","名勝会津松平氏庭園(楽寿亭)修理工事報告書","(財)文化財建造物保存技術協会 編","(財)会津保松会(会津若松)","1985.10","","","",""
"521.8","25-8","国指定史跡名勝　旧有備館及び庭園保存修理工事報告書","岩出山町教育委員会 編","宮城県岩井山町","1979.3","","","",""
"709.1","25-8","雙ケ丘の風景の変遷　　 (奈良国立文化財研究所 第58冊,  研究論集 10  抜粋)","小野 健吉 著 ","小野 健吉 (飛鳥藤原宮跡発掘調査部)","1999.12","","","",""
"629.21 ","25-8","中世民衆社会における造園職能民　 (兵庫県立淡路景観園芸学校紀要, 景観園芸研究 抜粋)","林まゆみ 著 ","林まゆみ ","2002.3","","博士論文, 授与大学名 :京都大学","",""
"629.21 ","25-8","学習と作品の風景 : 「教師」そして「にわ師」の六十年 : 1949~2008","近藤 公夫 著 ","近藤 公夫 ","2009.11","","","",""
"629.21 ","25-8","日本の「にわ」、その源に想う","近藤 公夫 著 ","近藤 公夫 (奈良女子大学名誉教授，日本造園学会元国際代表)","2016","","別タイトル:日本のにわその源に想う","",""
"202.5","25-8","ある遺跡学","近藤 公夫 著 (奈良女子大学名誉教授, 平城宮跡指導委員会元整備部会長）","[近藤公夫]","2016","","別タイトル:Landscape arts for monumental heritages","",""
"521.818","25-8","奈良屋記念杉本家保存会  (パンフレット)","奈良屋記念杉本家保存会 ","公益財団法人 奈良屋記念杉本家保存会 ","","","","",""
"","","","","","","","","",""
"521.82","25-8","彦根城の修築とその歴史","彦根城博物館 編","彦根市教育委員会","1995.7","","会期: 平成7年7月23日～8月22日 ","",""
"521.818","25-8","史料からみた清風荘の建築 : 建造物調査報告書","京都大学名勝清風荘庭園整備活用委員会","京都大学名勝清風荘庭園整備活用委員会","2011.3","","","",""
"521.818","25-8","史跡朝鮮通信使遺跡鞆福禅寺境内  福禅寺本堂保存修理工事報告書","(財)文化財建造物保存技術協会 編著","福禅寺本堂保存修理委員会(福山) / 広島県 ","2000.8","","","",""
"210.02","25-8","史跡小谷城跡環境整備事業報告書","湖北町教育委員会 (滋賀県)","湖北町教育委員会 (滋賀県)","1976.3","","","",""
"210.025","25-8","越前朝倉氏・一乗谷 : 眠りからさめた戦国の城下町 	","福井県立一乗谷朝倉氏遺跡資料館 編","福井県立一乗谷朝倉氏遺跡資料館","2005.2","","平成10年度に京都と横浜で開催した巡回展図録のデザインを一新して刊行したもの","",""
"210.0254","25-8","史跡真壁城跡  6  中城中央部の調査概要       (史跡真壁城跡発掘調査報告  第6集)","桜川市教育委員会(桜川)","桜川市教育委員会(茨城県)","2009.3","","","",""
"521.8","25-8","文化遺産としての幕末蝦夷地陣屋・囲郭の景観復原 : GIS・3次元画像ソフトの活用      (平成22～25年度 科学研究費補助金 基盤研究(B) 研究成果報告書 (その2))","研究代表者：戸祭 由美夫 ","奈良女子大学","2014.1","","文部科学省科学研究費補助金研究成果報告書(その2) ","",""
"629.21","25-8","南山城・宇治地域を中心とする歴史遺産・文化的景観の研究      (京都府立大学文化遺産叢書 第1集)","菱田 哲郎 編","京都府立大学文学部歴史学科","2009.3","","","",""
""," ","","","","","","","",""
"682.125","25-8","山形県歴史の道調査報告書  総集編   昭和56年度","山形県教育委員会 編","山形県教育委員会","1982.3","","","",""
"","","","","","","","","",""
" 569.3","25-8","中国と日本の古代絵画の太湖石　（長岡造形大学研究紀要　第9号抜刷）","飛田 範夫 著","長岡造形大学","2012","","抜刷(69-76P)","",""
"","","","","","","","","",""
"","","","","","","","","",""
"133.4","26-1","Westminster Review Vol. 20, 1834  (Reprint ed)","Founded by Jeremy Bentham, Jan. 1824-Jan. 1836, edited successively by John Bowring and J.S. Mill. Cf. National union catalog.","(Reprint) Schmidt Periodicals GMBH
","1989","英語","Quarterly / 47 volumes
LC Subjects: English literature--19th century--Periodicals.
Related names:  Bentham, Jeremy, 1748-1832. / Bowring, John, 1792-1872. / Mill, John Stuart, 1806-1873.
","",""
"133.4","26-1","Westminster Review Vol. 23, 1835  (Reprint ed)","Founded by Jeremy Bentham, Jan. 1824-Jan. 1836, edited successively by John Bowring and J.S. Mill. Cf. National union catalog.","(Reprint) Schmidt Periodicals GMBH
","1989","英語","","",""
"133.4","26-1","Westminster Review Vol. 25, 1836  (Reprint ed)","Founded by Jeremy Bentham, Jan. 1824-Jan. 1836, edited successively by John Bowring and J.S. Mill. Cf. National union catalog.","(Reprint) Schmidt Periodicals GMBH
","1989","英語","","",""
""," ","","","","","","","",""
"629.23","26-1","Loudon and the landscape : from country seat to metropolis, 1783-1843       (Yale publications in the history of art ; 38)","Melanie Louise Simo","Yale University Press","1988","英語","ISBN: 0300037457
kw; Loudon, J. C. (John Claudius) , 1783-1843./
 風景論 / 造園 /イギリス / Landscape architects -- Great Britain -- Biography","",""
"629.23","26-1","Loudon's Encyclopædia of Gardening","[by] John Claudius Loudon, F.L.S. H.S. & c.","Originally published in one volume by Longman, Brown, Green, and Longmans, 1850, revised by Jane Loudon ; first published in 1822.""","1839","英語","A Series of Encyclopedias and Dictionaries  9)","",""
"629.23","26-1","The gardener's magazine, and register of rural & domestic improvement  Vol. 4, 1828","Conducted by J.C. Loudon  (John Claudius Loudon)","Printed for Longman, Rees, Orme, Brown, and Green","1828","英語","Periodical or Newspaper","",""
"629.23","26-1","The gardener's magazine, and register of rural & domestic improvement  Vol.16, 1840","Conducted by J.C. Loudon  (John Claudius Loudon)","Printed for Longman, Rees, Orme, Brown, and Green","1840","英語","Periodical or Newspaper","",""
""," ","","","","","","","",""
"133.4","26-1","The Correspondence of Jeremy Bentham  Vol. 8  January 1809 to December 1816","edited by Stephen conway","Oxford University Press (GBR)","1988","英語","Bentham, Jeremy, 1748-1832.","",""
"133.4","26-1","The Correspondence of Jeremy Bentham  Vol. 9. January 1817 to June 1820.","edited by Stephen conway","Oxford University Press (GBR)","1989","英語","","",""
"133.4","26-1","The Correspondence of Jeremy Bentham  Vol. 10. July 1820 to December 1821.","edited by Stephen conway","Oxford University Press (GBR)","1994","英語","","",""
"133.4","26-1","The Correspondence of Jeremy Bentham  Vol. 11. January 1822 to June 1824.","edited by Catherine Fuller","Oxford University Press (GBR)","2000","英語","","",""
""," ","","","","","","","",""
"133.4","26-1","The Bentham Newsletter No.1","General Editors: Professor J.H. Burns Dr. J.R. Dinwiddy","The Bentham Committee, University College London","1978.5","英語","ISSN: 0141-190x,  Annual
no. 1-12; May 1978-June 1988.","",""
"133.4","26-1","The Bentham Newsletter No.3","**","The Bentham Committee, University College London","1979.12","英語","ISSN: 0141-190x,  Annual ","",""
"133.4","26-1","The Bentham Newsletter No.4","**","The Bentham Committee, University College London","1980.5","英語","ISSN: 0141-190x,  Annual ","",""
"133.4","26-1","The Bentham Newsletter No.5","**","The Bentham Committee, University College London","1981.5","英語","ISSN: 0141-190x,  Annual ","",""
"133.4","26-1","The Bentham Newsletter No.7","**","The Bentham Committee, University College London","1983.5","英語","ISSN: 0141-190x,  Annual ","",""
"133.4","26-1","The Bentham Newsletter No.18","**","The Bentham Committee, University College London","1984.6","英語","ISSN: 0141-190x,  Annual ","",""
"","","","","","","","","",""
"","","","","","","","","",""
""," ","","","","","","","",""
"233.06","26-2","Britain 1740-1950 : an historical geography","Richard Lawton and Colin G. Pooley","Edward Arnold (GBR)","1992","英語","ISBN: 0340489693
Subject: Cities and towns -- Great Britain -- History","",""
"233","26-2","An Historical geography of England and Wales "," edited by R.A. Dodgshon, R.A. Butlin.","Academic Press (GBR)","1990","英語","ISBN: 0122192540 (pbk)","",""
"233.06","26-2","English industrial cities of the nineteenth century: a social     (Series: Cambridge studies in historical geography  4)","by Richard Dennis","Cambridge University Press (GBR)","1986","英語","ISBN: 0521338395","",""
"233.06","26-2","The Rise of Modern Urban Planning 1800-1914      (Series: Planning and the environment in the modern world ; v. 1,  Studies in history, planning, and the environment)","by Anthony Sutcliffe","Mansell (GBR)","1980","英語","ISBN: 0720109027","",""
"518.88","26-2","Towns in the making
","by Gerald Burke","Edward Arnold","1971","英語","ISBN: 0713158166
LC Subjects: City planning--Great Britain","",""
"233.2","26-2","Edinburgh’s Royal Mile and New Town","Laird, Kenneth","Lang Syne","1985","英語","ISBN:‎ 0946264929, スコットランドの首都","",""
"233.2","26-2","Historic Edinburgh","text by Gilbert Summers","**","1986","英、独、仏語","ISBN:‎ 0711702187, スコットランドの首都
","",""
"233.2","26-2","The Handbook to Edinburgh : the complete guide to Scotland's capital 
","Brian McAbe et. al","Mercat Press (GBR)","1987","英語","ISBN: 0901824887
Revised edition, スコットランドの首都","",""
"233.3","26-2","Fairfax House, York : an illustrated history and a guide ","Peter Brown","York Civic Trust","1989","英語","ISBN: 0948939036
Suject: Historic buildings --England York, ジョージ王朝様式の邸宅","",""
"","","","","","","","","",""
"233.03","26-2","Discovering Hadrian's Wall","Dudley Green","John Donald Publishers Ltd","1992","英語","ISBN: 085976365X
2nd ed.","",""
"233","26-2","On common ground : de prima materia","Francis Reed","Working Press","1991","英語","ISBN: 1870736273
Subject: Commons /Architecture and society--England--History","",""
"","","","","","","","","",""
"233.33","26-2","The London Journal of Edward Jerningham Wakefield 1845-46","edited by Joan Stevens.","Alexander Turnbull Library and Victoria University of Wellington","1972","英語","Wakefield, Edward Jerningham, 1820-1879--Diaries
 London (England)--Description and travel / Social life and customs--19th century. ","",""
"","","","","","","","","",""
"361.81","26-2","英国貴族と近代 : 持続する統治1640-1880","水谷 三公 著","東京大学出版会","1987.9","","","",""
"331.42","26-2","アダム・スミスにおける倫理と経済","G.R.モロウ(Morrow, Glenn Raymond) 著, 鈴木 信雄, 市岡 義章 訳","未来社","1992.3","","原タイトル: The ethical and economic theories of Adam Smith ","",""
"331.4","26-2","アダム・スミスの失敗 : なぜ経済学にはモラルがないのか","ケネス・ラックス(Lux, Kenneth) 著, 田中 秀臣 訳","草思社","1996.4","","原タイトル: Adam Smith's mistake ","",""
"309.2","26-2","ロバアト・オウエンと近代社会主義","永井 義雄 著","ミネルヴァ書房(京都)","1993.6","","Owen, Robert, 1771-1858","",""
"233.06","26-2","大英帝国 : 最盛期イギリスの社会史      (講談社現代新書)","長島 伸一 著","講談社","1989.2","","","",""
"","","","","","","","","",""
"280.8","26-2","ベンサム      (人類の知的遺産　44)","永井 義雄 著","講談社","1982.7","","Bentham, Jeremy, 1748-1832","",""
"133.4","26-2","ベンサムの幸福論　西尾","西尾 孝司 著","晃洋書房(京都)","2005.2","","","",""
"133.4","26-2","ベンサム      (Century Books. 人と思想  16)","山田 英世 著","清水書院","2014.9","","","",""
"133.4","26-2","怪物ベンサム : 快楽主義者の予言した社会      (講談社学術文庫  2092)","土屋 恵一郎 著","講談社","2012.1","","『ベンサムという男』 (青土社1993年刊) の改題 ","",""
"133.4","26-2","ベンサムという男 : 法と欲望のかたち","土屋 恵一郎 著","	青土社","1993.2","","","",""
"331.1","26-2","J.ベンサム研究 : 改革論、そのエコノミカル・ポリティーの哲学と技術","小林 里次 著","高文堂出版社","2002.6","","","",""
"","","","","","","","","",""
"233","26-2","In Britain : 魅惑の英国アラカルト  （New Edition)","Michael Vaughan-Rees","マクミラン ランゲージハウス（東京）","1996.1","英語","ISBN: 4895852121
","",""
"332.33","26-2","概説イギリス経済史 : 現代イギリス経済の形成　　(有斐閣選書)","米川 伸一 編","有斐閣","1986.4","","","",""
"342.33","26-2","近代イギリス財政政策史研究","佐藤 芳彦 著","勁草書房","1994.2","","","",""
"","","","","","","","","",""
"","","","","","","","","",""
"","","","","","","","","",""
"629.23","26-3","Illustrated Walks and Drives in the North York Moors : A pitkin guide","Anthony Burton, Rob Scott","Pitkin Pictorials","1992","英語","ISBN: 0853725500","",""
"629.23","26-3","Illustrated Walks and Drives in the Yorkshire Dales : A pitkin guide","*****","Pitkin Pictorials","1990","英語","ISBN: 085372492X","",""
"629.23","26-3","Peak National Park Plan : first review","","Peak National Park Pla (GBR)","1989.4","英語","","",""
"518.88","26-3","Building Design Guide","Peter Beamiss et. Al.","Peak Park Joint Planning Board (GBR)","1987.2","英語","ISBN: 0907543049","",""
"","","","","","","","","",""
"233","26-3","イギリス史. 3     (世界歴史大系) ","村岡 健次, 木畑 洋一 編","山川出版社","1991.1","","","",""
"233","26-3","イギリス史 ３　","G.M.トレヴェリアン (Trevelyan, George Macaulay, 1876-1962) 著, 大野 真弓 監訳","みすず書房","1988","","","",""
"233","26-3","概説イギリス史　新版　（有斐閣選書）","青山 吉信, 今井 宏 編","有斐閣","1991.5","","","",""
"233.07","26-3","イギリス現代史","A.J.P.テイラー(Taylor, Alan John Percivale, 1906-1990) 著, 都築 忠七 訳","みすず書房","1987.8","","原タイトル: English history,1914-1945","",""
"233.06","26-3","イギリス現代史　(世界現代史 18)","松浦 高嶺, 上野 格 著","山川出版社","1992.11","","","",""
"233.05","26-3","大英帝国衰亡史","中西 輝政 著","PHP研究所","1997.2","","","",""
"332.33","26-3","イギリス衰退100年史","A.ギャンブル (Gamble, Andrew, 1947-) 著, 都築 忠七, 小笠原 欣幸 訳","みすず書房","1987.11","","原タイトル: Britain in decline. 2nd ed","",""
"233.06","26-3","繁栄の限界　1895～1905年の大英帝国","アーロン・L.フりードバーグ (Friedberg, Aaron L., 1956-) 著","コーリウ生活文化研究室、売: 新森書房 ","1989.10","","奥付の著者名 (誤植) : アーロン・L.フリードバーク, 原タイトル: The weary Titan, 発売: 新森書房","",""
"233.06","26-3","イギリス繁栄のあとさき","川北 稔 著","ダイヤモンド社","1995.11","","","",""
"233.05","26-3","世紀末までの大英帝国 : 近代イギリス社会生活史素描(叢書・現代の社会科学)","長島 伸一 著","法政大学出版局","1987.4","","1987年度サントリー学芸賞受賞","",""
"233","26-3","イギリス社会史１","G.M.トレヴェリアン 著, 藤原 浩, 松浦 高嶺 (Trevelyan, George Macaulay, 1876-1962)訳","みすず書房","1971.5","","ISBN: 4-622-02028-9, 
原タイトル: English social history (1944)","",""
"233","26-3","イギリス社会史２","トレヴェリアン(Trevelyan, George Macaulay) 著,  松浦 高嶺, 今井 宏 訳","みすず書房","1983.11","","ISBN: 4-622-02029-7, 
原タイトル: English social history (1944)","",""
"233","26-3","英国史のティータイム","森 護 著","大修館書店","1991.2","","ISBN: 4-469-24300-0","",""
"383.1","26-3","洒落者たちのイギリス史 : 騎士の国から紳士の国へ","川北 稔 著","平凡社","1986.1","","ISBN: 4-582-47413-6","",""
"233.06","26-3","ヴィクトリア朝の下層社会","ケロウ・チェズニー 著(Chesney, Kellow), 植松 靖夫, 中坪 千夏子 訳","高科書店","1991.4","","原タイトル: The Victorian underworld","",""
"293.38","26-3","北アイルランド「ケルト」紀行 : アルスターを歩く","武部 好伸 著","彩流社","2001.10","","","",""
"","","","","","","","","",""
"518.8","26-3","エコシティ : バークリーの生態都市計画","リチャード・レジスター(Register, Richard) 著, 靍田 栄作 訳","工作舎","1993.11","","別タイトル: Ecocity Berkeley","",""
"519.8","26-3","理想都市と都市計画","トーマス・ライナー(Reiner, Thomas Andrew) 著,  太田 実 等訳","日本評論社","1967","","","",""
"518.8","26-3","進化する都市","パトリック・ゲデス (Geddes, Patrick) 著、訳：西村一朗","鹿島出版会","1982.10","","原タイトル: Cities in evolution
 Geddes, Patrick, 1854-1932","",""
"","","","","","","","","",""
"297.23","26-3","An Introduction to Urban Historical Geography","Harold Carter","Edward Arnold","1983","英語","ISBN: 0713163860
","",""
"518.8","26-3","Achieving Sustainable Urban Form","by Katie Williams, Elizabeth Burton and Mike Jenks","E & FN Spon","2000","英語","ISBN: 0419244506
","",""
"","","","","","","","","",""
"","","","","","","","","",""
"629.23","26-4","The Making of the English Landscape","W. G. Hoskins","Penguin Book","1985","英語","ISBN: 0140154108
LC Subjects: England--Historical geography.
2冊","",""
"629.23","26-4","A Visitor's Guide to 20th Century British Landscape Design","The Landscape Institute","The Landscape Institute, London","1995","英語","ISBN: 1873071051","",""
"629.23","26-4","Prior Park : a compleat landscape","Gillian Clarke","Millstream Books (GBR)","1987","英語","LC Subjects: Bath (England)--Buildings, structures, etc.
ISBN: 0948975067
","",""
"629.23","26-4","The Visitor's Guide to the Lake District","Brian Spencer","Moorland Publishing  (GBR)","1988","英語","ISBN: 0861902211","",""
"","","","","","","","","",""
"629.23","26-4","Fountains Abbey & Studley Royal : North Yorkshire       [Rev. ed]","Mary Mauchline, Lydia Greeves","The National Trust","1989","英語","ISBN: 9781843591238","",""
"629.23","26-4","Snowshill Manor, Gloucestershire","Aidan J. de la Mare","The National Trust","1995/1998","英語","Revised Version
Suject: Avon Snowshill Country houses Snowshill Manor --Visitors' guides","",""
"629.23","26-4","Historic Houses Castles & Gardens 1989"," Sheila Alcock","British Leisure Publications","1989","英語","","",""
"629.23","26-4","Historic houses, castles & gardens. 1998 : the original guide to the treasures of Great Britain & Ireland, including Belgium, France & Germany.","*****","Johansens","1998","英語","ISSN: 1368-9673
","",""
"629.23","26-4","The Royal Botanic Gardens, Edinburgh, 1670-1970","Harold R. Fletcher, William H. Brown /Great Britain. Dept. of Agriculture and Fisheries for Scotland","H.M.S.O.: Her Majesty's Stationery Office (GBR)","1970","英語","ISBN: 0114904251","",""
"629.23","26-4","Gardens of England & Wales over 2,000 private gardens open in 1989","The National Gardens Scheme Charitable Trust","The National Gardens Scheme Charitable Trust","1989","英語","イングランドとウェールズの庭園：2,000 以上の私有庭園が 1989 年にオープン","",""
"629.23","26-4","Chelsea Centenary : 100 years of the RHS Chelsea Flower Show","","","2013","英語","パンフ","",""
"629.23","26-4","The National Trust Handbook 2002","**","The National Trust","2002","英語","","",""
"233.1","26-4","ロンドン庶民生活史","R.J.ミッチェル (Mitchell, Rosamond Joscelyne, 1902-1963),  M.D.R.リーズ (Leys, Mary Dorochy Rose)著, 松村 糾 訳","みすず書房","1984.1","","原タイトル: The History of Lonon Life","",""
"930.2","26-4","英国の紳士","フィリップ・メイソン (Mason, Philip, 1906-1999) 著, 金谷 展雄 訳","晶文社","1991.10","","原タイトル: The English gentleman","",""
"288.3","26-4","ダービー伯爵の英国史","ジョン・ジョゼフ・バグリー (Bagley, John Joseph, 1908-1989)著, 海保 眞夫 訳","平凡社","1993.1","","原タイトル: The earls of Derby","",""
"233.05","26-4","イギリス流「社交」の楽しみ","小林 章夫 著　","PHP研究所","1996.12","","","",""
"233","26-4","英国の貴族 : 遅れてきた公爵","森 護 著　","大修館書店","1987.5","","","",""
"780.233","26-4","英国スポーツの文化","トニー・メイソン (Mason, Tony, 1938-) 著, 松村 高夫, 山内 文明 訳","同文館出版","1991.5","","原タイトル: Sport in Britain","",""
"233.06","26-4","ロンドン・フェア : 18世紀英国風俗事情","小林 章夫 著　","駸々堂出版","1986.10","","","",""
"762.339","26-4","アイリッシュ・ミュージックの森 : トラッドからロックのかなたへ","大島 豊 著","青弓社","1997.10","","","",""
"934.7 ","26-4","アイルランド : 歴史と風土　　（岩波文庫）","オフェイロン (O'Faoláin, Seán, 1900-1991) 著, 橋本 槇矩 訳","岩波書店","1997.11","","原タイトル: The Irish. (rev. ed.)","",""
"233.9","26-4","物語アイルランドの歴史      (中公新書)","波多野 裕造 著","中央公論社","1994.11","","","",""
"","","","","","","","","",""
"302.33","26-4","現代イギリス評論      (JETRO books  14)","高多 理吉 著","日本貿易振興会","1992.11","","","",""
"372.33","26-4","続 イギリスと日本      (岩波新書)","森嶋 通夫 著","岩波書店","1978.12","","続の副書名: その国民性と社会 ","",""
"233","26-4","イギリス貴族      (講談社現代新書)","小林 章夫 著","講談社","1991.12","","","",""
"233","26-4","もうひとつのイギリス史 : 野と町の物語      (中公新書)","小池 滋 著","中央公論社","1991.7","","","",""
"233.2","26-4","とびきり哀しいスコットランド史      (ちくま文庫)","フランク・レンウィック(Renwick, Frank) 著,  小林 章夫 訳","筑摩書房","1998.7","","原タイトル: Scotland,bloody Scotland","",""
"","","","","","","","","",""
"","","","","","","","","",""
"629","26-5","An Anthology of Garden Writing: the Lives and Works of Five Great Gardeners","Ursula Buchan"," ‎ A & C Black (Publishers) Ltd","1986.12","英語","","",""
"629","26-5","Landscaping with herbs ","James Adams.","Timber Press(USA)","1987","英語","ISBN: 881920738","",""
"629","26-5","Creating Small Gardens","Roy Strong","Conran Octopus","1989","英語","ISBN: 1850291853 ","",""
"","","","","","","","","",""
"629","26-5","The New Small Garden ","John Brookes","Dorling Kindersley (GBR)","1989","英語","ISBN: 863183484","",""
"629","26-5","Successful Small Gardens","Roy Strong","Conran Octopus","1994","英語","ISBN: 185029612X","",""
"629","26-5","Truly Tiny Gardens","Thomasina Tarling","Conran Octopus","1995","英語","ISBN: 1850297142","",""
"629","26-5","The Garden Design Sourcebook: The Essential Guide to Garden Materials and Structures","David Stevens","Conran Octopus","1995","英語","ISBN: 1850297320","",""
"629","26-5","Decorate Your Garden : Affordable Ideas and Ornaments for Small Gardens","Mary Keen ; photographs by Marijke Heuff","Conran Octopus","1993","英語","ISBN: 185029545X","",""
"629","26-5","For your Garden : Seats and Benches","Carol Spier ","Merehurst Limited","1994","英語","ISBN: 185391388X","",""
"629","26-5","For your Garden : Window Boxes","Carol Spier ","Merehurst Limited","1993","英語","ISBN: 185391343X","",""
"629","26-5","Container Gardening      (Gardening by design Series)","Alan R. Toogood","Ward Lock Limited (GBR)","1988","英語","ISBN: 0706366220","",""
"627","26-5","The Flower Arranger’s Garden  (paperback ed.)
","Rosemary Verey; Special Photography by Linda Burgess","Conran Octopus","1989","英語","ISBN: 1850293228","",""
"","","","","","","","","",""
"629","26-5","City Gardening : Planting, Maintaining, and Designing the Urban Garden","Deirdre Colby","Simon & Schuster","1987","英語","ISBN: 0671636988 (pbk)","",""
"","","","","","","","","",""
"629","26-5","Gardening for people (who think they don't know how) ","by Douglas Moon ; illustrated by Judy Daniel","J. Muir Publications (US)","1975","英語","ISBN: 0912528109","",""
"","","","","","","","","",""
"629","26-5","Gardening in Containers ","created and designed by the editorial staff of Ortho Books ; editor, Alvin Horton ; illustrator, Ron Hildebrand.","Ortho Books (US)","1983","","ISBN: 0897210204 (pbk.)","",""
"627.8","26-5","Colourful hanging baskets & other containers","Tessa Evelegh & Debbie Patterson","Quadrille publishing
","1997","英語","ISBN: 1899988262","",""
"629","26-5","The Complete Outdoor Gardening Manual","Denys De Saulles","Crescent Books : Distributed by Crown Publishers","1986","英語","ISBN: 0517603438
","",""
"","","","","","","","","",""
"369.4","26-5","Playgrounds and recreation spaces; ","introduction by Alfred Ledermann and Alfred Trachsel, translation into English by James C. Palmes and Ernst Priefert","Architectural Press(London)","1959","英語","New and revised edition","",""
"369.4","26-5","Learning About Relationships : Metaphysical Exercises for Landscape Designers ","Naokata Okajima Ph.D. ","Trafford Publishing","2008","英語","","",""
"369.4","26-5","「こどもの国」のデザイン : 自然・未来・メタボリズム建築 : 「併設」新規収蔵資料紹介 : 令和4年度収蔵品展","文化庁 監修,  文化庁国立近現代建築資料館 編集 ","文化庁","2022.6","","別タイトル:  Kodomonokuni Children's Land","",""
"","","","","","","","","",""
"520.4","26-5","「住まい」の構想 : 収蔵資料が物語る名作住宅1940-1975 : 令和3年度収蔵品展","文化庁国立近現代建築資料館編集, 監修: 文化庁 ","","2021.12","","会期: 2021年12月14日-2022年3月13日:文化庁国立近現代建築資料館 ","",""
""," ","","","","","","","",""
"629.034","26-5","造園学用語集","日本造園学会 編","養賢堂","1979.5","","","",""
"","","","","","","","","",""
"","","","","","","","","",""
"","","","","","","","","",""
"271","26-6","William Light's Brief Journal and Australian Diaries ","William Light,  with an introduction and notes by William Light","Wakefield Press (Aus)","1984","英語","Light, William, 1785?-1839.
LC Subjects: Explorers/Surveyors--Australia--South Australia--Diaries
Adelaide (S.A.)--History.
","",""
"270","26-6","Savage Life and Scenes in Australia and New Zealand","G. F. Angas (Angas, George French)"," Johnson Reprint Corp (NY) /A.H. & A.W. REED Ltd (NZ)","1968","英語","Note: Title pages include original imprint: London, Smith, Elder, 1847.","",""
"271","26-6","The Australian Metropolis : a planning history","by Stephen Hamnett and Robert Freestone"," Allen & Unwin (NZ)
E & FN Spon (London)","2000","英語","Series: Studies in history, planning, and the environment ; 25
ISBN: 0419258000","",""
"271","26-6","Light's Vision : the city of Adelaide and surrounding districts - Mount Lofty Randes, Barossa Valley, Southern Districts","Max Colwell, David Colwell","Max Colwell Publications (Aus)","1983","英語","ISBN: 095943934X","",""
"271","26-6","Life in the First Settlement at Sydney Cove","Bryan Gandevia","Kangaroo Press (Aus)","1985","英語","ISBN: 0864170386","",""
"271","26-6","Serenade to Sydney ; some historical landmarks","Frank Clune","Angus and Roertson","1967","英語","","",""
"629.72","26-6","The Royal Botanic Gardens, Sydney: A History 1816-1985","Lionel Gilbert","Oxford University Press (GBR)","1986","英語","ISBN: 0195547195","",""
"","","","","","","","","",""
"272","26-6","Milestones : turning points in New Zealand History","Tom Brooking and Paul Enright ; picture research Harry Mills.","Mills Publications (NZ)","1988","英語","ISBN: 0908722303
","",""
"272","26-6","The Story of New Zealand","by Judith Bassett, Keith Sinclair and Marcia Stenson; illustrations by Marie Mansfield","Reed","1985","英語","ISBN: 0790001616","",""
"518.72","26-6","The Exploration of New Zealand, ","by W. G. McClymont","Wellington, Department of Internal Affairs (NZ)","1940","英語","","",""
"518.72","26-6","From the banks of the Avon : the story of a river From the Banks of the Avon ","Robert C. Lamb. (Lamb, Robert Cameron)"," Reed (NZ)","1981","英語","LC Subjects: Christchurch (N.Z.)--History.
    Avon River/Ōtakaro (N.Z.)","",""
"","","","","","","","","",""
"518.72","26-6","The Arts Centre of Christchurch Then and Now","Glyn Strange","Clerestory Press","1994","英語","ISBN: 047312537X","",""
"518.72","26-6","The City Plan : the City of Christchurch district planning scheme : 2nd review : Statement, code of ordinances and planning maps as required by the Town and Country Planning Act 1977.","City of Christchurch","Christchurch City Council (NZ)","1986","英語"," ","",""
"518.72","26-6","Planning for Christhurch City : a discussion of development & resource issues & policy options","Planning Policy Unit Christchurch City Council","Christchurch City Council (NZ)","1991.7","英語","","",""
"518.72","26-6","Town Belt resource statement : management plan","The Dunedin City Council Parks and Recreation Department","The Dunedin City Council Parks and Recreation Department","1982","英語","","",""
"","","","","","","","","",""
"518.72","26-6","The Evolution of a City : the story of the growth of the city and suburbs of Christchurch, the capital of Canterbury in the years from 1850 to 1903.","by J. P. Morrison","Christchurch City Council","1948","英語","","",""
"518.72","26-6","Bealey Avenue : Christchurch's north town belt : its history and people","by G.L.Clark ; illustrated with pen and wash drawings by Alice J. Mair","Caxton Press","1976","英語","","",""
"518.72","26-6","Buildings & Bridges of Christchurch, New Zealand","Gwenda Turner","John McIndoe (NZ)","1981","英語","ISBN: 0868680230","",""
"","","","","","","","","",""
"518.72","26-6","Track Policy & Strategy : Community and Recreation Planning","Peter McDonald, Neil Donaldson and Vivienne Harvey ","Dunedin City Council","1998.10","英語","It was approved as Dunedin City Council policy on 21 September 1998.","",""
"518.72","26-6","Dunedin City Lifelines Project Report","Dunedin City Council Civil Defence et al.","Dunedin City Lifelines Project","1998.12","英語","ISBN: 0959772227","",""
"518.72","26-6","Wellington City Proposed District Plan : Variation 17 : Lambton Harbour","Wellington City Council","Wellington City Council","1999.10","英語","","",""
"629.72","26-6","Wellington's Waterfront Public Spaces Concept Plan : Design Description","Lambton Harbour Management Limited  (NZ)","Wellington City Council","1998","英語","","",""
"","","","","","","","","",""
"","","","","","","","","",""
"","","","","","","","","",""
"272","26-7","A history of Canterbury  Volume 1: To 1854","general editors, James Hight, C.R. Straubel","Canterbury Centennial Association (NZ) : Whitcombe and Tombs","1957","英語","LC Sbjects: Canterbury, N.Z. (Province) -- History","",""
"272","26-7","The story of Canterbury, last Wakefield settlement","A. H. Reed (Reed, Alfred Hamish)","A.H. & A.W. REED Ltd (NZ)","1949","英語","LC Sbjects: Canterbury, N.Z. (Province) -- History
２冊","",""
"272","26-7","The early days of Canterbury : a miscellaneous collection of interesting facts dealing with settlement's first thirty years of colonisation, 1850-1880","A. Selwyn Bruce","Simpson & Williams Limited (NZ)","1932","英語","LC Sbjects: Canterbury, N.Z. (Province) -- History","",""
"272","26-7","The Canterbury Club 1872-1972; centennial notes","R. C. Lamb","Printed by Whitcombe and Tombs (NZ)","1972","英語","LC Sbjects: Canterbury Club--History.","",""
"272","26-7","A Canterbury Album : collodion photography in Canterbury, 1857-1880","Joan Wookward","Te Waihora Press (NZ)","1987","英語","ISBN: 0908714025
","",""
"629.72","26-7","The Gardens of Canterbury : A History.","Thelma Strongman; Photography by Robin Phillips","A.H. & A.W. REED Ltd (NZ)","1984","英語","ISBN: 0589015370","",""
"","","","","","","","","",""
"","","","","","","","","",""
"272","26-7","The making of Wellington 1800 - 1914","by David Hamer and Roberta Nicholls","Victoria University Press (NZ)","1990","英語","ISBN: 0864732007
","",""
"272","26-7","Early Wellington","Compiled by Louis E. Ward,  Prefaced by The Right Hon. Sir Robert Stout","Southern Bookbinding (NZ)","1928","英語","","",""
"272","26-7","The Birth of a City : Wellington, 1840-1843","Arthur H. Carman","Wright & Carman (NZ)","1970","英語","Subject: Wellington (N.Z.)--Politics and government / History","",""
"272","26-7","Wellington","Photographs by Warren Jacobs, Text by Sally Nicholson","Kowhai Publishing Ltd.","1985","英語","ISBN: 0908598211
","",""
"","","","","","","","","",""
"272","26-7","The history of Otago : the origins and growth of a wakefield class settlement","by A. H. McLintock","Otago Centennial Historical Publications","1949","英語","","",""
"272","26-7","Pioneering in South Otago","Hon. Fred Waite","Capper Press","1977","英語","","",""
"272","26-7","Discover Otago","by Carol Morton Johnston, Photography by Warren Jacobs","Whinstaberry Books Ltd. / Kowhai (NZ)","1981","英語","ISBN: 0908598238","",""
"272","26-7","Contributions to he Early History of New Zealand : Settlement of Otago","by Thomas Morland Hocken","Sampson Low, Marston and Company","1898","英語","","",""
"","","","","","","","","",""
"272","26-7","The Story of Early Dunedin","A. H. Reed (Reed, Alfred Hamish)","A. H. & A. W. Reed (NZ)","1956","英語","","",""
"272","26-7","City of Dunedin : a century of civic enterprise","K. C. McDonald (McDonald, K. C. (Kenneth Cornwell))","Dunedin City Corporation (NZ)","1965","英語","","",""
"272","26-7","Discovering Dunedin : 503 things to see and do in and around Dunedin","Joyce Herd and G. J. Griffiths","John McIndoe (NZ)","1980","英語","ISBN: 0868680303","",""
"272","26-7","Catalogue of the Permanent Print Collection of the Dunedin Photographic Society held in the Hocken Library  (on Exhibition 16 May-25 June 1986 during the 35th PSNZ Convention at the Otago Museum)","Hocken Library, University of Otago","Hocken Library, University of Otago","1986","英語","ISBN: 0202041347
Dunedin Photographic Society (founded 1890)
","",""
"","","","","","","","","",""
"","","","","","","","","",""
"","","","","","","","","",""
"272","26-8","The journal of Henry Sewell, 1853-7    Volume 1     Feb 1853 - May 1854","Henry Sewell( 1807-1879), edited with an introduction by  W. David McIntyre","Whitcoulls Publishers(NZ)","1980","英語","ISBBN: 0723306249 (v. 1)
LC Subjects: Statesmen--New Zealand--Diaries.
    New Zealand--History
","",""
"272","26-8","The journal of Henry Sewell, 1853-7    Volume 2     May 1854 - May 1857","Henry Sewell( 1807-1879), edited with an introduction by  W. David McIntyre","Whitcoulls Publishers(NZ)","1980","英語","ISBBN: 0723306257 (v. 2)
LC Subjects: Statesmen--New Zealand--Diaries.
    New Zealand--History
","",""
"272","26-8","The Journal of Ensign Best 1837-1843","edited with an introduction and notes by Nancy M. Taylor","R.E. Owen, Govt. Printer (NZ)","1966","英語","Subject: Australia, New Zealand -- Description and travel
    ","",""
"","","","","","","","","",""
"272","26-8","The Story of Our Colonies, with sketches of their present condition.","H.R. Fox Bourne","James Hogg & Son (GBR)","1869","英語","","",""
"272","26-8","An Account of the English Colony New South Wales. 1788 to 1801","David Collins, with an intoroduction and notes by James Collier","Whitcombe and Tombs Limited (Aus)","1910","英語","Collins, David, 1756-1810. ","",""
"272","26-8","An Account of the Settlements of the New Zealand Company : from personal observation during a residence there","by Henry William Petre","Smith, Elder and Co. (GBR)","1842","英語","5th edition.","",""
""," ","","","","","","","",""
"272","26-8","Adventure in New Zealand from 1839 to 1844;  with some account of the beginning of the British Colonization of the islands.","Edward Jerningham Wakefield ","Whitcombe and Tombs Limited (NZ)","1908","英語","E. J. Wakefield, 1820-1879
London, J. Murray, 1845.
2 v. ","",""
"","","","","","","","","",""
"287.72","26-8","The Collected Works of Edward Gibbon Wakefield","edited with an introduction by M. F. Lloyd Prichard.","Collims (GBR)","1968","英語","Wakefield, Edward Gibbon, 1796-1862.
LC Subjects: Great Britain--Colonies.
","",""
"287.72","26-8","Edward Gibbon Wakefield : builder of the British Commonwealth","Paul Bloomfield","Longmans (GBR)","1961","英語","","",""
"287.72","26-8","The Amazing Career of Edward Gibbon Wakefield, with extracts from ""A letter from Sydney"" (1829).","by A.J. Harrop","George Allen & Unwin Ltd.  (GBR)","1928","英語","ｴﾄﾞﾜｰﾄﾞ・ｷﾞﾎﾞﾝ・ｳｪｲｸﾌｨｰﾙﾄﾞ(1796-1862)の驚くべき経歴,『ｼﾄﾞﾆｰからの手紙』(1829年)からの抜粋付き","",""
"287.72","26-8","Edward Gibbon Wakefield, the man himself","Irma O'Connor","Selwyn & Blount Ltd.  (GBR)","1928","英語","","",""
"272","26-8","Land problems of the New Zealand settlers of the 'forties : thesis presented for Honours in History in Degree of Master of Arts, 1933","by E. Wilson Wilson","A.H. and A.W. REED (NZ)","1935","英語","","",""
"","","","","","","","","",""
"272","26-8","New Zealand in the 1830s     (Victorian New Zealand - A Reprint Series No.6)","**","Hocken Library University of Otago (NZ)","1979","英語","ISBN: 090204124X","",""
"272","26-8","1840 and after; essays written on the occasion of the New Zealand centenary","by Arthur Sewell with a foreword by W. H. Cocker.","Auckland university college (NZ)","1940","英語","LC Subjects: Mill, John Stuart, 1806-1873
Economics--History.  Great Britain--Colonies.","",""
"272","26-8","Remarks on New Zealand, in February 1846","by Robert Fitz-Roy
","Hocken Library Facsimile No.10 (NZ)","1969","英語","Subjects: New Zealand -- History","",""
"272","26-8","Historical Maps of New Zealand  (A Guide to the Map Exhibition held in the Otago Museum, Dunedin, under the joint sponsorship of the Hocken Library and the Otago Branch, New Zealand Geographical Society (Inc.), 16-28 August 1964.)","compiled  by R.P. Hargreaves","Otago Museum","1964","英語","Exhibition catalogs --Maps","",""
"","","","","","","","","",""
"","","","","","","","","",""
"629.72","26-9","Two Centuries New Zealand Landscape Art","Roger Blackley (Curator) ","Auckland City Art Gallery","1990","英語","ISBN: 0864631731","",""
"629.72","26-9","New Zealand Landscapes","Photographs by Andris Apse ; introduction by Andy Dennis","Craig Potton Publishing","1994","英語","ISBN: 0908802234","",""
"297","26-9","Discover the South","photographs by Warren Jacobs ; text by John Hall-Jones","Kowhai Pub. (NZ)","1991","英語","ISBN: 0908598475
kw: ニュージーランド南島-写真集","",""
"297","26-9","Invercargill in images","text by Clive A. Lind"," Invercargill City Council (NZ)","1987","英語","ISBN: 04733005182
kw: ニュージーランド南島ｲﾝﾊﾞｰｶｰｷﾞﾙ-写真集","",""
"","","","","","","","","",""
"472.72","26-9","Tussock grasslands : landscape values and vulnerability /","Michael Ashdown, Diane Lucas"," New Zealand Environmental Council","1987","英語","ISBN: 0477058272","",""
"472.72","26-9","The Cultivation of New Zealand Trees and Shrubs","L. J. Metcalf (Lawrence James Metcalf)","A.H. & A.W. Reed (NZ)","1972","英語","ISBN: 0589006312
Subject: Ornamental trees / shrubs-- New Zealand","",""
"","","","","","","","","",""
"472.72","26-9","Forest Wildlife","P. Morrison & L.H.Harris ; illustrated by P. F. Scaife.","Wildlife Service, Department of Internal Affairs and the New Zealand Forest Service ","1974","英語","LC Subjects: Forest animals--New Zealand.
","",""
"472.72","26-9","Field Guide to Common New zealand Trees & Shrubs   Volume Two","Conservation New Zealand, New Zealand Forest Service, New Zealand Department of Lands and Survey","Conservation New Zealand, with assistance from the New Zealand Forest Service","1981","英語","図譜, 造園－オセアニア","",""
"655.72","26-9","Kauri timber days : a pictorial account of the kauri timber industry in New Zealand  (Pictures from the past  Sries)","John T. Diamond, Bruce W. (Bruce William) Hayward","The Bush Press (NZ)","2002","英語","ISBN: 0908608489
Suject: Forests and forestry New Zealand North Island","",""
"472.72","26-9","Kauri : a king among kings ","J. G. Erne Adams (James Geoffrey Erne Adams)","Wilson & Horton Group Publication (NZ)","1980","英語","2nd revised edition","",""
"629.72","26-9","Plants and Landscape in Westland National park    (National Parks Scientific Series Number 3)","Peter Wardle ; illustrations by Keith West","National Parks Authority","1979","英語","ISBN: 0477061028
造園－オセアニア","",""
"","","","","","","","","",""
"629.72","26-9","A park for all seasons : the story of Abel Tasman National Park","Andy Dennis, New Zealand Department of Lands and Survey","Abel Tasman National Park","1985","英語","ISBN: 0477061273","",""
"629.72","26-9","From Mountains to Sea : the story of Westland National Park ","Craig Potton, New Zealand Department of Lands and "," Department of Lands and Survey","1985","英語","ISBN: 0477061303","",""
"","","","","","","","","",""
"629.72","26-9","100 Years of National Parks in New Zealand : Proceedings 24-28 August 1987   (Centenary Seminar)","North Canterbury National Parks and Reserves Board","Department of Continuing Education, University of Canterbury (NZ)","1987","英語","1 volume (various pagings) ; 30cm
造園－オセアニア","",""
"709.72","26-9","Historic and Cultural Heritage Management in New Zealand"," investigation team, Paul M. Blaschke ... [et al.] ; editor, Linda Pears.","Office of the Parliamentary Commissioner for the Environment (NZ)","1996.6","英語","ISBN: 0908804644 (pbk.)","",""
"518.72","26-9","Resource Management Act","New Zealand Government","New Zealand Government","1991","英語","","",""
"","","","","","","","","",""
"518.72","26-9","Environmental Planning in New Zealand","edited by P. Ali Memon & Harvey C. Perkins","Dunmore Press","1993","英語","ISBN: 0864691750","",""
"518.72","26-9","Johnsonville : Continuity and change in a New Zealand Township      (Studies in Society: 6)","David G. Pearson","George Allen & Unwin","1980","英語","ISBN: 0868612898 (pbk)","",""
"518.72","26-9","The Greening of New Zealand : New Zealanders' visions of green alternatives","Scott McVarish","Random Century (NZ)","1992","英語","ISBN: 1869411536","",""
"","","","","","","","","",""
"518.72","26-9","Measuring Up : the state of the environment report for the Wellington region 1999","Wellington Regional Council","Wellington Regional Council","1999","英語","ISBN: 0909016712","",""
"518.72","26-9","Living with the River : Hutt River Floodplain Management Plan : Phase One Summary Report","Editor: John Easther (Ernst & Young)","Wellington Regional Council","1996","英語","ISBN: 0909016518","",""
"518.72","26-9","City Beautiful : the first 100 years of the Christchurch Beautifying Association","Thelma Strongman","Clerestory Press (NZ)","1999","英語","ISBN: 0958370664","",""
""," ","","","","","","","",""
"629.72","26-9","New Zealand Institute of Park and Recreation Administration Conference, Invercargill, 1987 : conference proceedings","New Zealand Institute of Park and Recreation Administration","New Zealand Institute of Park and Recreation Administration","1987","英語","Conference papers and proceedings","",""
"","","","","","","","","",""
"","","","","","","","","",""
"","","","","","","","","",""
"629.72","26-10","Botanic Gardens and Parks in New Zealand: an illustrated Record","by Paaul Tritenbach","	Excellence Press","1987","英語","ISBN: 0473005042 
""造園－オセアニア
","",""
"629.72","26-10","New Zealand City Gardens","Susan Firth & Gil Hanly","Shoal Bay Press (NZ)","1989","英語","ISBN: 0908704062, 
造園－オセアニア","",""
"629.72","26-10","Riverside Gardening : Design, Construction, Planting","Mary Chaplin","W.H. & L. Collingridge Limited","1964","英語"," ","",""
"629.72","26-10","Heritage Gardens: Care, conservation and management","Sheena Mackellar Goulty","Routledge","1993","英語","ISBN: 0415074746","",""
"629.72","26-10","Landscaping Ideas for New Zealand Gardens","Julian Matthews & Gordon collier","Inprint Ltd. (NZ)","1986","英語","ISBN: 0864640854
","",""
"629.72","26-10","Home Landscape Design for New Zealanders","Andrew Geddes, Jill Brewis","Reed Methuen (NZ)","1986","英語","ISBN: 0474000435","",""
"","","","","","","","","",""
"629.72","26-10","A Garden Century : The Christchurch Botanic Gardens 1863-1963"," M.J. Barnett, H.G. Gilpin, L.J. Metcalf","Christchurch City Council","1964","英語","Subject: Christchurch Botanic Gardens -- History","",""
"621.72","26-10","Hagley Park management plan","Christchurch City Council ","Christchurch City Council ","1983.9","英語","","",""
"629.72","26-10","Annual Journal of the Royal New Zealand Institute of Horticulture (Inc.)   No,14, 1986/87","Royal New Zealand Institute of Horticulture","Royal New Zealand Institute of Horticulture","1986","英語","ISSN: 0110-5760","",""
"629.72","26-10","Colonial Landscape Gardener : Alfred Buxton of Christchurch, New Zealand, 1872-1950","Rupert Tipples","Department or Horticulture and Landscape, Lincoln College (NZ)","1989","英語","ISBN: 0864760337
LC Subjects: Landscape architects--New Zealand--Christchurch--Biography.","",""
"","","","","","","","","",""
"629.72","26-10","Gardens to visit in New Zealand","Alison McRae","David Bateman (NZ)","1989","英語","ISBN: 186953008X","",""
"629.72","26-10","Weekends for garden lovers in New Zealand","Dennis Greville","New Holland Publishers (NZ)","2003","英語","ISBN: 186966034X","",""
"","","","","","","","","",""
"629.72","26-10","Register of New Zealand Private Gardens Open to the Public  Vol. 2","Compiled by Beverley Bridge","B.A.Bridge (NZ)","1991","英語","Completely Revised","",""
"470.72","26-10","Introduced Wildflowers New Zealand Weeds","Gordon Ell","Bush Press Communications Ltd.","1983","英語","ISBN: 0908608209","",""
"470.72","26-10","A field guide to the native edible plants of New Zealand : including those plants eaten by the Maori ","Andrew Crowe","Collins (NZ)","1981","英語","ISBN: 0002169835","",""
"470.72","26-10","Collins guide to the alpine plants of New Zealand","John Salmon","Collins (NZ)","1985","英語","ISBN: 000217216X","",""
"470.72","26-10","Growing New Zealand Alpine Plants","Joe Cartman : drawing by Hugh Wilson","Reed Methuen","1985","英語","ISBN: 0474000125","",""
"470.72","26-10","Guide list to plants : Otari open-air Native Plant Museum","Parks and Recreation Department","Wellington City Council, Parks and Recreation Department(NZ)","1987","英語","","",""
"","","","","","","","","",""
"518.72","26-10","Rolleston Avenue and Park Terrace, Christchurch : their history and people","G. L. Clark","E. A. Jordan & Co.","1979","英語","","",""
"","","","","","","","","",""
"518.72","26-10","Architecture/New Zealand","**","Associated Group Media Ltd.","1989.5/6","英語","bi-monthly","",""
"","","","","","","","","",""
"629.72","26-10","Exploring Our National Parks and Monuments    New Revised 7th Edition","Devereix Butcher","A.H. & A.W. Reed (NZ)","1972","英語","ISBN: 087645094X
Subject: Ornamental trees / shrubs-- New Zealand","",""
"","","","","","","","","",""
"629.71","26-10","Some Historic Gardens in South Australia","by R.O. Beames and J.A.E. Whitehill.","Published by the National Trust of South Australia in conjunction with the Botanic Garden of Adelaide","1981","英語","""Being based on the South Australian historic garden survey prepared for the Australian Heritage Commission through co-ordinators Dr B.D. Morley and Mr J.A.E. Whitehill by Land Systems Pty ltd (Adelaide).","",""
"","","","","","","","","",""
"","27-1","""Plan of Nine Townships ""","","Public Record Office Reference","1790","","印画紙（NZ)","",""
"","27-1","""Plan of a Town and Township of Nine Miles front""","","Public Record Office Reference","","","印画紙（NZ)","",""
"","27-1","""Town of Hokitika""","","Public Record Office Reference","","","印画紙（NZ)","",""
"","27-1","”Plan of the City of Wellington""","","Public Record Office Reference","","","印画紙（NZ)","",""
"","27-1","”New Plymouth”（Province of Taranaki）","","Public Record Office Reference","","","印画紙（NZ)","",""
"","27-1","”Adelaide”","","","1876","","俯瞰図（銅版画？）（Aus)","",""
"","27-1","”Adelaide　Topographic Map”  1:50000","","","1972","","地図（Aus)","",""
"","","","","","","","","",""
"","27-1","""Lucca : Air view""","","fotometalgrafica (Bologna, Italy)","","","航空写真（Italia)","",""
"","","","","","","","","",""
"","27-1","""Plan von Weißenstein""　（ヴァイセンシュタインの平面図）","Caspar Christoph Schaeffer (1776 - 1819)","（ヘッセン カッセル博物館所蔵）","1796","","複数のパーツを貼り合わせた頑丈な布紙上のグラファイト上に水彩ペンで描画","",""
"","27-1","１　禁裏御所貳分計絵図（ｶﾗｰ, 平面図）
　最も古い, 安政度指図より古い","「造園は完成していない」","","","","「造園は完成していない」（カラー、付箋あり）
図外に「東西百貳拾五間半」「南北貳百四拾間」の注記。
１－３はほぼ同じ絵図
安政より古い
","",""
"","27-1","２　禁裏御所准后御殿貳分計絵図（ｶﾗｰ, 平面図）（福井組に残された安政度造営の指図)","「植栽は最も詳細」","","","","現行縮尺で325分の１。 安政２年に新造された禁裏御所・准后御殿の詳細な絵図面。部屋名。畳数等注記あり。屋根の葺き方を４色（紅色：桧皮葺、黄色：木賊葺、黄緑色：上柿葺、藍色：瓦葺）で塗り分け、外に石敷き部分を灰色で示す。
安政度指図より少し後か　","",""
"","27-1","３　禁裏御所貳分計絵図（ｶﾗｰ, 平面図）
　最も新しい, 全体から安政度指図より少し後か","「植栽は大雑把」","","","","１－３はほぼ同じ絵図
安政度指図より少し後か　","",""
"","27-1","４　法親王宮　摂家門跡　准門跡","","東雲堂版","1864(文久４年甲子改)","","４と５はほぼ同じ絵図","",""
"","27-1","５　禁裏, 摂家門跡　絵図　","","御絵図所: 林吉永, 書林: 野田藤八","1802(享和2年12月再刻)","","４と５はほぼ同じ絵図","",""
"","","","","","","","","",""
